timestamp,action,amount,capital_after
2025-01-28 16:00:00,OPEN_POSITION,-600.9,9399.1
2025-01-28 20:00:00,FUNDING_FEE,-0.17596186299280164,9398.924038137007
2025-01-28 20:00:00,CLOSE_POSITION,639.5015607570197,10038.425598894028
2025-01-28 20:00:00,OPEN_POSITION,-603.2089942375422,9435.216604656485
2025-01-29 00:00:00,FUNDING_FEE,-0.1838132731722739,9435.032791383313
2025-01-29 04:00:00,FUNDING_FEE,-0.18537231707307353,9434.84741906624
2025-01-29 04:00:00,CLOSE_POSITION,648.1852372780861,10083.032656344327
2025-01-29 04:00:00,OPEN_POSITION,-605.8894323197306,9477.143224024596
2025-01-29 08:00:00,FUNDING_FEE,-0.18022869694014684,9476.962995327656
2025-01-29 12:00:00,FUNDING_FEE,-0.17827665985403632,9476.784718667803
2025-01-29 12:00:00,CLOSE_POSITION,636.2698556830054,10113.054574350808
2025-01-29 12:00:00,OPEN_POSITION,-607.69344937274,9505.361124978068
2025-01-29 20:00:00,FUNDING_FEE,-0.18279020943291782,9505.178334768634
2025-01-30 04:00:00,FUNDING_FEE,-0.1873115884386335,9504.991023180195
2025-01-30 08:00:00,FUNDING_FEE,-0.1891685309527357,9504.801854649242
2025-01-30 16:00:00,FUNDING_FEE,-0.19204086043928661,9504.609813788802
2025-01-30 16:00:00,CLOSE_POSITION,705.8818511685726,10210.491664957375
2025-01-30 16:00:00,OPEN_POSITION,-613.5484441472887,9596.943220810086
2025-01-30 20:00:00,FUNDING_FEE,-0.18242816715273186,9596.760792642934
2025-01-31 04:00:00,FUNDING_FEE,-0.18209825355781817,9596.578694389376
2025-01-31 04:00:00,CLOSE_POSITION,628.6249727437996,10225.203667133175
2025-01-31 04:00:00,OPEN_POSITION,-614.4324883580324,9610.771178775143
2025-01-31 08:00:00,FUNDING_FEE,-0.1894065766494705,9610.581772198493
2025-01-31 12:00:00,FUNDING_FEE,-0.1946322399188363,9610.387139958575
2025-01-31 12:00:00,CLOSE_POSITION,718.3247979327878,10328.711937891363
2025-01-31 12:00:00,OPEN_POSITION,-620.6523003478919,9708.05963754347
2025-01-31 16:00:00,FUNDING_FEE,-0.18109228164819066,9707.878545261823
2025-02-01 04:00:00,FUNDING_FEE,-0.1779281996229289,9707.7006170622
2025-02-01 12:00:00,FUNDING_FEE,-0.17632255415684256,9707.524294508044
2025-02-01 16:00:00,FUNDING_FEE,-0.17338040825717368,9707.350914099787
2025-02-01 20:00:00,FUNDING_FEE,-0.1690957929816692,9707.181818306804
2025-02-02 00:00:00,FUNDING_FEE,-0.16693937693495509,9707.01487892987
2025-02-02 00:00:00,CLOSE_POSITION,808.6623988597017,10515.677277789571
2025-02-02 00:00:00,OPEN_POSITION,-631.8870476223753,9883.790230167197
2025-02-02 04:00:00,FUNDING_FEE,-0.1907218893793355,9883.599508277817
2025-02-02 04:00:00,CLOSE_POSITION,644.3840110117097,10527.983519289526
2025-02-02 04:00:00,OPEN_POSITION,-632.6265296741077,9895.356989615419
2025-02-02 08:00:00,FUNDING_FEE,-0.187279088276691,9895.169710527141
2025-02-02 08:00:00,CLOSE_POSITION,652.9887664211932,10548.158476948334
2025-02-02 08:00:00,OPEN_POSITION,-633.8388428798255,9914.319634068508
2025-02-02 12:00:00,FUNDING_FEE,-0.1908578696841418,9914.128776198824
2025-02-02 12:00:00,CLOSE_POSITION,641.845390259197,10555.974166458022
2025-02-02 12:00:00,OPEN_POSITION,-634.3084876624625,9921.665678795558
2025-02-02 16:00:00,FUNDING_FEE,-0.18249726795124238,9921.483181527607
2025-02-02 20:00:00,FUNDING_FEE,-0.17696205552430241,9921.306219472082
2025-02-03 00:00:00,FUNDING_FEE,-0.15581582876072123,9921.150403643322
2025-02-03 00:00:00,CLOSE_POSITION,974.4964331989092,10895.64683684223
2025-02-03 00:00:00,OPEN_POSITION,-654.7194184258497,10240.92741841638
2025-02-03 04:00:00,FUNDING_FEE,-0.20341719142688025,10240.724001224953
2025-02-03 04:00:00,CLOSE_POSITION,725.6772078906005,10966.401209115553
2025-02-03 04:00:00,OPEN_POSITION,-658.9710486557535,10307.430160459799
2025-02-03 08:00:00,FUNDING_FEE,-0.19439277236593427,10307.235767687433
2025-02-03 08:00:00,CLOSE_POSITION,687.03660266656,10994.272370353992
2025-02-03 08:00:00,OPEN_POSITION,-660.6458267345714,10333.62654361942
2025-02-03 12:00:00,FUNDING_FEE,-0.20705127337081103,10333.419492346049
2025-02-03 16:00:00,FUNDING_FEE,-0.21192383525011824,10333.2075685108
2025-02-03 20:00:00,FUNDING_FEE,-0.22085648175630201,10332.986712029044
2025-02-03 20:00:00,CLOSE_POSITION,888.1478507117595,11221.134562740803
2025-02-03 20:00:00,OPEN_POSITION,-674.2779758750949,10546.856586865708
2025-02-04 00:00:00,FUNDING_FEE,-0.1971201614410009,10546.659466704266
2025-02-04 04:00:00,FUNDING_FEE,-0.1896084029699024,10546.469858301296
2025-02-04 04:00:00,CLOSE_POSITION,796.0402233439195,11342.510081645216
2025-02-04 04:00:00,OPEN_POSITION,-681.571430806061,10660.938650839154
2025-02-04 08:00:00,FUNDING_FEE,-0.20828949401732258,10660.730361345137
2025-02-04 16:00:00,FUNDING_FEE,-0.209188547311291,10660.521172797826
2025-02-04 16:00:00,CLOSE_POSITION,729.7383205789276,11390.259493376754
2025-02-04 16:00:00,OPEN_POSITION,-684.4406929570092,10705.818800419745
2025-02-05 00:00:00,FUNDING_FEE,-0.2013297321600307,10705.617470687586
2025-02-05 00:00:00,CLOSE_POSITION,719.3583081493138,11424.9757788369
2025-02-05 00:00:00,OPEN_POSITION,-686.5267945503093,10738.448984286591
2025-02-05 04:00:00,FUNDING_FEE,-0.20861599440609882,10738.240368292185
2025-02-05 08:00:00,FUNDING_FEE,-0.21167243122252072,10738.028695860963
2025-02-05 08:00:00,CLOSE_POSITION,744.6688566086666,11482.69755246963
2025-02-05 08:00:00,OPEN_POSITION,-689.9952959279001,10792.70225654173
2025-02-05 20:00:00,FUNDING_FEE,-0.2058333174028227,10792.496423224327
2025-02-05 20:00:00,CLOSE_POSITION,696.4850719774704,11488.981495201799
2025-02-05 20:00:00,OPEN_POSITION,-690.372898046676,10798.608597155122
2025-02-06 00:00:00,FUNDING_FEE,-0.20814992177112096,10798.40044723335
2025-02-06 04:00:00,FUNDING_FEE,-0.21002278652637751,10798.190424446824
2025-02-06 04:00:00,CLOSE_POSITION,720.4999719069275,11518.690396353752
2025-02-06 04:00:00,OPEN_POSITION,-692.158105916897,10826.532290436855
2025-02-06 08:00:00,FUNDING_FEE,-0.20525677041808096,10826.327033666437
2025-02-06 12:00:00,FUNDING_FEE,-0.1980948106734054,10826.128938855763
2025-02-06 20:00:00,FUNDING_FEE,-0.19670300096542917,10825.932235854798
2025-02-06 20:00:00,CLOSE_POSITION,796.4721704657813,11622.40440632058
2025-02-06 20:00:00,OPEN_POSITION,-698.3902807758036,10924.014125544776
2025-02-07 04:00:00,FUNDING_FEE,-0.21125850043221278,10923.802867044344
2025-02-07 08:00:00,FUNDING_FEE,-0.21513132233508492,10923.587735722009
2025-02-07 08:00:00,CLOSE_POSITION,755.5490379807046,11679.136773702714
2025-02-07 08:00:00,OPEN_POSITION,-701.7993287317961,10977.337444970917
2025-02-07 12:00:00,FUNDING_FEE,-0.2071023164524907,10977.130342654465
2025-02-07 16:00:00,FUNDING_FEE,-0.20234334757685973,10976.927999306889
2025-02-07 20:00:00,FUNDING_FEE,-0.1995143076885467,10976.7284849992
2025-02-07 20:00:00,CLOSE_POSITION,806.8521772647417,11783.580662263941
2025-02-07 20:00:00,OPEN_POSITION,-708.0753619954402,11075.505300268502
2025-02-08 04:00:00,FUNDING_FEE,-0.2127252272774291,11075.292575041225
2025-02-08 04:00:00,CLOSE_POSITION,712.1589671662308,11787.451542207456
2025-02-08 04:00:00,OPEN_POSITION,-708.307963171246,11079.14357903621
2025-02-08 12:00:00,FUNDING_FEE,-0.2102149118010347,11078.933364124408
2025-02-08 12:00:00,CLOSE_POSITION,725.7881775604376,11804.721541684847
2025-02-08 12:00:00,OPEN_POSITION,-709.3457174398425,11095.375824245004
2025-02-08 20:00:00,FUNDING_FEE,-0.2146824105132883,11095.161141834491
2025-02-09 00:00:00,FUNDING_FEE,-0.21844977066798238,11094.942692063823
2025-02-09 00:00:00,CLOSE_POSITION,766.8388728243018,11861.781564888126
2025-02-09 00:00:00,OPEN_POSITION,-712.7744542341275,11149.007110653998
2025-02-09 12:00:00,FUNDING_FEE,-0.21149829995045663,11148.795612354048
2025-02-10 04:00:00,FUNDING_FEE,-0.21022942659042115,11148.585382927458
2025-02-10 04:00:00,CLOSE_POSITION,743.4821625359868,11892.067545463446
2025-02-10 04:00:00,OPEN_POSITION,-714.5943388068985,11177.473206656547
2025-02-10 12:00:00,FUNDING_FEE,-0.2157877011252802,11177.257418955422
2025-02-10 20:00:00,FUNDING_FEE,-0.21600533137504996,11177.041413624047
2025-02-11 00:00:00,FUNDING_FEE,-0.21744428959367706,11176.823969334453
2025-02-11 08:00:00,FUNDING_FEE,-0.21984877903236488,11176.604120555421
2025-02-11 08:00:00,CLOSE_POSITION,770.3404409728732,11946.944561528295
2025-02-11 08:00:00,OPEN_POSITION,-717.8918987022353,11229.05266282606
2025-02-11 12:00:00,FUNDING_FEE,-0.21137846941197178,11228.841284356648
2025-02-11 20:00:00,FUNDING_FEE,-0.20660228633175795,11228.634682070317
2025-02-12 00:00:00,FUNDING_FEE,-0.2054092334485913,11228.429272836867
2025-02-12 00:00:00,CLOSE_POSITION,812.1473141136349,12040.576586950503
2025-02-12 00:00:00,OPEN_POSITION,-723.5182471098557,11317.058339840647
2025-02-12 08:00:00,FUNDING_FEE,-0.22007686369707094,11316.83826297695
2025-02-12 08:00:00,CLOSE_POSITION,754.7990622181637,12071.637325195114
2025-02-12 08:00:00,OPEN_POSITION,-725.3846868709744,11346.252638324138
2025-02-12 12:00:00,FUNDING_FEE,-0.21563866301420967,11346.036999661124
2025-02-12 12:00:00,CLOSE_POSITION,739.7281345896594,12085.765134250783
2025-02-12 12:00:00,OPEN_POSITION,-726.2336269171296,11359.531507333653
2025-02-12 16:00:00,FUNDING_FEE,-0.2234857621097238,11359.308021571544
2025-02-13 00:00:00,FUNDING_FEE,-0.22902622088941368,11359.078995350654
2025-02-13 00:00:00,CLOSE_POSITION,838.8252616795957,12197.90425703025
2025-02-13 00:00:00,OPEN_POSITION,-732.9720668049476,11464.932190225303
2025-02-13 04:00:00,FUNDING_FEE,-0.21448764896998065,11464.717702576334
2025-02-13 16:00:00,FUNDING_FEE,-0.21125608510352345,11464.50644649123
2025-02-13 16:00:00,CLOSE_POSITION,813.8798902265073,12278.386336717738
2025-02-13 16:00:00,OPEN_POSITION,-737.8082349733689,11540.57810174437
2025-02-13 20:00:00,FUNDING_FEE,-0.22392204445686523,11540.354179699912
2025-02-14 00:00:00,FUNDING_FEE,-0.22722747582965622,11540.126952224084
2025-02-14 00:00:00,CLOSE_POSITION,797.7322605112852,12337.85921273537
2025-02-14 00:00:00,OPEN_POSITION,-741.3819600932683,11596.477252642102
2025-02-14 04:00:00,FUNDING_FEE,-0.22077221621491544,11596.256480425887
2025-02-14 08:00:00,FUNDING_FEE,-0.21962662280238437,11596.036853803085
2025-02-14 08:00:00,CLOSE_POSITION,763.7218499186331,12359.758703721718
2025-02-15 00:00:00,OPEN_POSITION,-742.697900506638,11617.06080321508
2025-02-15 08:00:00,FUNDING_FEE,-0.22114401011616602,11616.839659204963
2025-02-16 04:00:00,FUNDING_FEE,-0.2201211748513606,11616.619538030112
2025-02-16 04:00:00,CLOSE_POSITION,764.0297345053498,12380.649272535462
2025-02-16 04:00:00,OPEN_POSITION,-743.953214786656,11636.696057748806
2025-02-16 08:00:00,FUNDING_FEE,-0.22412210503770927,11636.471935643769
2025-02-16 08:00:00,CLOSE_POSITION,754.4225271476487,12390.894462791417
2025-02-16 08:00:00,OPEN_POSITION,-744.5688482691363,11646.32561452228
2025-02-16 16:00:00,FUNDING_FEE,-0.22077507932237697,11646.104839442958
2025-02-17 04:00:00,FUNDING_FEE,-0.2206261005082436,11645.88421334245
2025-02-17 04:00:00,CLOSE_POSITION,766.4505354849628,12412.334748827412
2025-02-17 04:00:00,OPEN_POSITION,-745.8571950570391,11666.477553770374
2025-02-17 12:00:00,FUNDING_FEE,-0.22961256438897915,11666.247941205984
2025-02-17 12:00:00,CLOSE_POSITION,805.4974112085567,12471.74535241454
2025-02-17 12:00:00,OPEN_POSITION,-749.4271782265898,11722.31817418795
2025-02-17 16:00:00,FUNDING_FEE,-0.221365353364402,11722.096808834587
2025-02-17 16:00:00,CLOSE_POSITION,778.4585241686482,12500.555333003234
2025-02-17 16:00:00,OPEN_POSITION,-751.1583699601644,11749.39696304307
2025-02-17 20:00:00,FUNDING_FEE,-0.22721505054951874,11749.16974799252
2025-02-17 20:00:00,CLOSE_POSITION,770.9477902820515,12520.117538274571
2025-02-17 20:00:00,OPEN_POSITION,-752.3338628749191,11767.783675399653
2025-02-18 00:00:00,FUNDING_FEE,-0.2227124881895007,11767.560962911462
2025-02-18 12:00:00,FUNDING_FEE,-0.21956004765760692,11767.341402863805
2025-02-18 16:00:00,FUNDING_FEE,-0.21597955877619088,11767.12542330503
2025-02-18 16:00:00,CLOSE_POSITION,843.9527236301077,12611.078146935137
2025-02-18 16:00:00,OPEN_POSITION,-757.7996858493324,11853.278461085805
2025-02-18 20:00:00,FUNDING_FEE,-0.23060628629165028,11853.047854799514
2025-02-19 00:00:00,FUNDING_FEE,-0.23253795729235208,11852.815316842221
2025-02-19 04:00:00,FUNDING_FEE,-0.23375205180598047,11852.581564790415
2025-02-19 08:00:00,FUNDING_FEE,-0.23539185655802905,11852.346172933856
2025-02-19 08:00:00,CLOSE_POSITION,839.4122286652839,12691.75840159914
2025-02-19 08:00:00,OPEN_POSITION,-762.6477623520923,11929.110639247046
2025-02-19 12:00:00,FUNDING_FEE,-0.2259039785677128,11928.884735268479
2025-02-19 12:00:00,CLOSE_POSITION,785.8527108138272,12714.737446082307
2025-02-19 12:00:00,OPEN_POSITION,-764.0285731350858,11950.708872947222
2025-02-19 20:00:00,FUNDING_FEE,-0.23043344337694335,11950.478439503844
2025-02-20 08:00:00,FUNDING_FEE,-0.23258065522303478,11950.24585884862
2025-02-20 08:00:00,CLOSE_POSITION,798.8751554243552,12749.121014272976
2025-02-20 08:00:00,OPEN_POSITION,-766.0946817476632,11983.026332525313
2025-02-20 12:00:00,FUNDING_FEE,-0.2271301506923383,11982.799202374621
2025-02-20 12:00:00,CLOSE_POSITION,787.3518857486696,12770.15108812329
2025-02-20 12:00:00,OPEN_POSITION,-767.3583788853284,12002.792709237961
2025-02-21 04:00:00,FUNDING_FEE,-0.2335710442905811,12002.55913819367
2025-02-21 08:00:00,FUNDING_FEE,-0.2363018430726455,12002.322836350597
2025-02-21 08:00:00,CLOSE_POSITION,829.4187909362971,12831.741627286894
2025-02-21 08:00:00,OPEN_POSITION,-771.0593543836694,12060.682272903225
2025-02-21 12:00:00,FUNDING_FEE,-0.22558903401545333,12060.45668386921
2025-02-21 16:00:00,FUNDING_FEE,-0.21864630308706148,12060.238037566123
2025-02-21 16:00:00,CLOSE_POSITION,892.0617281628046,12952.299765728927
2025-02-21 16:00:00,OPEN_POSITION,-778.3036929226513,12173.996072806276
2025-02-22 04:00:00,FUNDING_FEE,-0.23705849852640215,12173.75901430775
2025-02-22 08:00:00,FUNDING_FEE,-0.24139797327764395,12173.517616334473
2025-02-23 00:00:00,FUNDING_FEE,-0.24314489683358068,12173.27447143764
2025-02-23 04:00:00,FUNDING_FEE,-0.2495034511626249,12173.024967986477
2025-02-23 04:00:00,CLOSE_POSITION,939.5110224829647,13112.535990469441
2025-02-23 04:00:00,OPEN_POSITION,-787.9322876673089,12324.603702802133
2025-02-23 08:00:00,FUNDING_FEE,-0.23375035135514233,12324.369952450777
2025-02-23 12:00:00,FUNDING_FEE,-0.2325240986268755,12324.13742835215
2025-02-23 12:00:00,CLOSE_POSITION,820.605030950777,13144.742459302928
2025-02-23 12:00:00,OPEN_POSITION,-789.8675743795131,12354.874884923414
2025-02-23 20:00:00,FUNDING_FEE,-0.23973458556749758,12354.635150337846
2025-02-23 20:00:00,CLOSE_POSITION,818.7780876307862,13173.413237968633
2025-02-23 20:00:00,OPEN_POSITION,-791.590401469535,12381.822836499097
2025-02-24 04:00:00,FUNDING_FEE,-0.22886584257120363,12381.593970656526
2025-02-24 08:00:00,FUNDING_FEE,-0.22619726521471745,12381.367773391312
2025-02-24 12:00:00,FUNDING_FEE,-0.22358084794527483,12381.144192543366
2025-02-24 16:00:00,FUNDING_FEE,-0.22211868292460235,12380.922073860442
2025-02-24 20:00:00,FUNDING_FEE,-0.2113551965756477,12380.710718663866
2025-02-25 00:00:00,FUNDING_FEE,-0.20980385463196533,12380.500914809234
2025-02-25 04:00:00,FUNDING_FEE,-0.19911944970530246,12380.301795359528
2025-02-25 04:00:00,CLOSE_POSITION,1169.42908281092,13549.730878170449
2025-02-25 04:00:00,OPEN_POSITION,-814.2033284692621,12735.527549701186
2025-02-25 08:00:00,FUNDING_FEE,-0.2506509288937331,12735.276898772292
2025-02-25 08:00:00,CLOSE_POSITION,879.2883289124084,13614.5652276847
2025-02-25 12:00:00,OPEN_POSITION,-818.0992245315736,12796.466003153126
2025-02-25 16:00:00,FUNDING_FEE,-0.25131642275172916,12796.214686730375
2025-02-26 04:00:00,FUNDING_FEE,-0.2525575065769005,12795.962129223797
2025-02-26 04:00:00,CLOSE_POSITION,890.5644509139568,13686.526580137754
2025-02-26 04:00:00,OPEN_POSITION,-822.4233822004777,12864.103197937276
2025-02-26 08:00:00,FUNDING_FEE,-0.24447606134263575,12863.858721875933
2025-02-26 12:00:00,FUNDING_FEE,-0.24090275808496808,12863.617819117848
2025-02-26 16:00:00,FUNDING_FEE,-0.22778046919871522,12863.39003864865
2025-02-26 16:00:00,CLOSE_POSITION,1005.822784899916,13869.212823548565
2025-02-26 16:00:00,OPEN_POSITION,-833.4009985670333,13035.811824981532
2025-02-27 00:00:00,FUNDING_FEE,-0.2535121187512564,13035.55831286278
2025-02-27 08:00:00,FUNDING_FEE,-0.2558775691709628,13035.30243529361
2025-02-27 08:00:00,CLOSE_POSITION,893.1907650379453,13928.493200331555
2025-02-27 08:00:00,OPEN_POSITION,-836.9631564079232,13091.530043923633
2025-02-27 12:00:00,FUNDING_FEE,-0.2474691553417652,13091.282574768291
2025-02-27 16:00:00,FUNDING_FEE,-0.244152971476391,13091.038421796815
2025-02-27 16:00:00,CLOSE_POSITION,900.087888458281,13991.126310255097
2025-02-27 16:00:00,OPEN_POSITION,-840.7267799832289,13150.399530271869
2025-02-27 20:00:00,FUNDING_FEE,-0.25353957989989284,13150.145990691968
2025-02-27 20:00:00,CLOSE_POSITION,855.1929438688171,14005.338934560785
2025-02-27 20:00:00,OPEN_POSITION,-841.5808165777576,13163.758117983027
2025-02-28 00:00:00,FUNDING_FEE,-0.2345822929107676,13163.523535690116
2025-02-28 04:00:00,FUNDING_FEE,-0.23004454998110593,13163.293491140135
2025-02-28 04:00:00,CLOSE_POSITION,1059.685621733624,14222.97911287376
2025-02-28 04:00:00,OPEN_POSITION,-854.6588148925841,13368.320297981176
2025-02-28 08:00:00,FUNDING_FEE,-0.25839510085880235,13368.061902880318
2025-02-28 20:00:00,FUNDING_FEE,-0.2720320355805395,13367.789870844737
2025-03-01 00:00:00,FUNDING_FEE,-0.27508489913312245,13367.514785945605
2025-03-01 00:00:00,CLOSE_POSITION,1042.7160732907082,14410.230859236313
2025-03-01 00:00:00,OPEN_POSITION,-865.9107723315101,13544.320086904803
2025-03-01 04:00:00,FUNDING_FEE,-0.2555375873802922,13544.064549317423
2025-03-01 08:00:00,FUNDING_FEE,-0.250391627033927,13543.814157690389
2025-03-01 12:00:00,FUNDING_FEE,-0.24913696230940646,13543.56502072808
2025-03-01 12:00:00,CLOSE_POSITION,965.8400983111038,14509.405119039184
2025-03-01 12:00:00,OPEN_POSITION,-871.8701536030645,13637.53496543612
2025-03-02 04:00:00,FUNDING_FEE,-0.26692806337263963,13637.268037372747
2025-03-02 12:00:00,FUNDING_FEE,-0.26798363772334577,13637.000053735024
2025-03-02 16:00:00,FUNDING_FEE,-0.2987600019644918,13636.70129373306
2025-03-02 20:00:00,FUNDING_FEE,-0.30262042251132254,13636.398673310548
2025-03-02 20:00:00,CLOSE_POSITION,1283.5625087159663,14919.961182026515
2025-03-02 20:00:00,OPEN_POSITION,-896.5404674279732,14023.420714598542
2025-03-03 00:00:00,FUNDING_FEE,-0.2603514021508101,14023.160363196392
2025-03-03 04:00:00,FUNDING_FEE,-0.2545536998436639,14022.905809496548
2025-03-03 08:00:00,FUNDING_FEE,-0.25128675754250795,14022.654522739005
2025-03-03 12:00:00,FUNDING_FEE,-0.24393560389947572,14022.410587135106
2025-03-03 16:00:00,FUNDING_FEE,-0.22493783296074832,14022.185649302144
2025-03-03 16:00:00,CLOSE_POSITION,1330.287664914077,15352.47331421622
2025-03-03 16:00:00,OPEN_POSITION,-922.5301214512527,14429.943192764968
2025-03-03 20:00:00,FUNDING_FEE,-0.28158102331066714,14429.661611741656
2025-03-03 20:00:00,CLOSE_POSITION,972.1055302841716,15401.767142025828
2025-03-03 20:00:00,OPEN_POSITION,-925.4921875643321,14476.274954461496
2025-03-04 04:00:00,FUNDING_FEE,-0.2683853028556775,14476.00656915864
2025-03-04 04:00:00,CLOSE_POSITION,1011.2291590151458,15487.235728173786
2025-03-04 04:00:00,OPEN_POSITION,-930.6279949059627,14556.607733267823
2025-03-04 08:00:00,FUNDING_FEE,-0.2815449833458764,14556.326188284478
2025-03-04 08:00:00,CLOSE_POSITION,955.5738211611799,15511.900009445659
2025-03-04 08:00:00,OPEN_POSITION,-932.1100715675897,14579.78993787807
2025-03-04 12:00:00,FUNDING_FEE,-0.2756807687076989,14579.514257109362
2025-03-04 12:00:00,CLOSE_POSITION,964.6699113464301,15544.184168455791
2025-03-04 12:00:00,OPEN_POSITION,-934.0500266825085,14610.134141773282
2025-03-05 00:00:00,FUNDING_FEE,-0.2913862743455468,14609.842755498936
2025-03-05 08:00:00,FUNDING_FEE,-0.2990632104988374,14609.543692288436
2025-03-05 08:00:00,CLOSE_POSITION,1123.8346887211844,15733.378381009621
2025-03-05 08:00:00,OPEN_POSITION,-945.4187069148682,14787.959674094753
2025-03-05 12:00:00,FUNDING_FEE,-0.2792414166830876,14787.68043267807
2025-03-05 12:00:00,CLOSE_POSITION,982.2004375280178,15769.880870206087
2025-03-05 12:00:00,OPEN_POSITION,-947.6121414906836,14822.268728715404
2025-03-05 16:00:00,FUNDING_FEE,-0.28797102237180006,14821.980757693033
2025-03-05 20:00:00,FUNDING_FEE,-0.29098024474712225,14821.689777448286
2025-03-06 04:00:00,FUNDING_FEE,-0.2967934857276759,14821.392983962558
2025-03-06 08:00:00,FUNDING_FEE,-0.29829095374612496,14821.094693008812
2025-03-06 08:00:00,CLOSE_POSITION,1089.0323782677885,15910.1270712766
2025-03-06 08:00:00,OPEN_POSITION,-956.0395357130109,14954.087535563589
2025-03-06 12:00:00,FUNDING_FEE,-0.2813535083850093,14953.806182055205
2025-03-06 20:00:00,FUNDING_FEE,-0.2744867874846577,14953.53169526772
2025-03-07 00:00:00,FUNDING_FEE,-0.2677372759114593,14953.263957991809
2025-03-07 00:00:00,CLOSE_POSITION,1139.719051612234,16092.983009604042
2025-03-07 00:00:00,OPEN_POSITION,-967.027349047107,15125.955660556936
2025-03-07 08:00:00,FUNDING_FEE,-0.29634889333256087,15125.659311663603
2025-03-07 12:00:00,FUNDING_FEE,-0.29800150428054345,15125.361310159322
2025-03-07 12:00:00,CLOSE_POSITION,1047.3670741315461,16172.728384290867
2025-03-07 12:00:00,OPEN_POSITION,-971.8192486120382,15200.909135678829
2025-03-07 16:00:00,FUNDING_FEE,-0.2869617806499738,15200.622173898179
2025-03-08 08:00:00,FUNDING_FEE,-0.2821410198880914,15200.34003287829
2025-03-08 08:00:00,CLOSE_POSITION,1058.6339082494544,16258.973941127744
2025-03-08 08:00:00,OPEN_POSITION,-977.0017441223661,15281.972197005378
2025-03-08 12:00:00,FUNDING_FEE,-0.2980639494217536,15281.674133055956
2025-03-08 16:00:00,FUNDING_FEE,-0.30398583121873235,15281.370147224738
2025-03-08 16:00:00,CLOSE_POSITION,1087.261510095901,16368.631657320639
2025-03-08 16:00:00,OPEN_POSITION,-983.5910762883973,15385.04058103224
2025-03-08 20:00:00,FUNDING_FEE,-0.29186752801833843,15384.748713504223
2025-03-09 04:00:00,FUNDING_FEE,-0.28938057776280274,15384.45933292646
2025-03-09 08:00:00,FUNDING_FEE,-0.28428743083564284,15384.175045495625
2025-03-09 12:00:00,FUNDING_FEE,-0.27769310402594594,15383.8973523916
2025-03-09 16:00:00,FUNDING_FEE,-0.2702044290955849,15383.627147962503
2025-03-09 20:00:00,FUNDING_FEE,-0.26753595929555885,15383.359612003207
2025-03-09 20:00:00,CLOSE_POSITION,1251.7743250048875,16635.133937008093
2025-03-09 20:00:00,OPEN_POSITION,-999.6051982748162,15635.528738733277
2025-03-10 00:00:00,FUNDING_FEE,-0.3050111783467243,15635.22372755493
2025-03-10 04:00:00,FUNDING_FEE,-0.30758850367400914,15634.916139051256
2025-03-10 08:00:00,FUNDING_FEE,-0.31543763080710396,15634.60070142045
2025-03-10 08:00:00,CLOSE_POSITION,1156.5830474760335,16791.183748896485
2025-03-10 08:00:00,OPEN_POSITION,-1008.9822314711898,15782.201517425296
2025-03-10 12:00:00,FUNDING_FEE,-0.28659164920543695,15781.914925776091
2025-03-10 20:00:00,FUNDING_FEE,-0.2649259519680461,15781.649999824123
2025-03-10 20:00:00,CLOSE_POSITION,1379.2999502948562,17160.94995011898
2025-03-11 00:00:00,OPEN_POSITION,-1031.2014825026495,16129.74846761633
2025-03-11 04:00:00,FUNDING_FEE,-0.31794368632759856,16129.430523930001
2025-03-11 12:00:00,FUNDING_FEE,-0.31969286025650967,16129.110831069744
2025-03-11 16:00:00,FUNDING_FEE,-0.32588764242308305,16128.784943427321
2025-03-11 16:00:00,CLOSE_POSITION,1197.9329920044372,17326.71793543176
2025-03-11 16:00:00,OPEN_POSITION,-1041.1624807400945,16285.555454691665
2025-03-11 20:00:00,FUNDING_FEE,-0.30739615363883416,16285.248058538025
2025-03-12 00:00:00,FUNDING_FEE,-0.2986568493816532,16284.949401688644
2025-03-12 00:00:00,CLOSE_POSITION,1170.3505264401822,17455.299928128825
2025-03-12 00:00:00,OPEN_POSITION,-1048.888972681261,16406.410955447565
2025-03-12 08:00:00,FUNDING_FEE,-0.3222489738502245,16406.088706473714
2025-03-12 08:00:00,CLOSE_POSITION,1126.2425022575346,17532.331208731248
2025-03-12 08:00:00,OPEN_POSITION,-1053.5177823326605,16478.81342639859
2025-03-12 16:00:00,FUNDING_FEE,-0.30921705098621893,16478.504209347604
2025-03-12 16:00:00,CLOSE_POSITION,1114.0428949783789,17592.547104325982
2025-03-12 16:00:00,OPEN_POSITION,-1057.1361554989483,16535.410948827033
2025-03-12 20:00:00,FUNDING_FEE,-0.3217350250675661,16535.089213801966
2025-03-12 20:00:00,CLOSE_POSITION,1104.635923031205,17639.72513683317
2025-03-12 20:00:00,OPEN_POSITION,-1059.9710834723053,16579.754053360866
2025-03-13 00:00:00,FUNDING_FEE,-0.3139823720382657,16579.44007098883
2025-03-13 04:00:00,FUNDING_FEE,-0.31151682080875237,16579.12855416802
2025-03-13 04:00:00,CLOSE_POSITION,1116.8082406483943,17695.936794816414
2025-03-13 04:00:00,OPEN_POSITION,-1063.3488420005183,16632.587952815895
2025-03-13 08:00:00,FUNDING_FEE,-0.3233646589338813,16632.264588156962
2025-03-13 08:00:00,CLOSE_POSITION,1108.5173506661733,17740.781938823136
2025-03-13 12:00:00,OPEN_POSITION,-1066.0435867038823,16674.738352119253
2025-03-13 16:00:00,FUNDING_FEE,-0.3152851657495329,16674.423066953503
2025-03-13 16:00:00,CLOSE_POSITION,1103.359581993476,17777.782648946977
2025-03-13 16:00:00,OPEN_POSITION,-1068.266959375224,16709.515689571752
2025-03-13 20:00:00,FUNDING_FEE,-0.32221473482072754,16709.19347483693
2025-03-14 08:00:00,FUNDING_FEE,-0.3287411149552312,16708.864733721977
2025-03-14 12:00:00,FUNDING_FEE,-0.33214520567969147,16708.532588516297
2025-03-14 16:00:00,FUNDING_FEE,-0.3342353761651523,16708.19835314013
2025-03-14 16:00:00,CLOSE_POSITION,1207.3486668970597,17915.54702003719
2025-03-14 16:00:00,OPEN_POSITION,-1076.5452204340347,16839.001799603153
2025-03-15 04:00:00,FUNDING_FEE,-0.3197392622394534,16838.682060340914
2025-03-15 04:00:00,CLOSE_POSITION,1100.739966103195,17939.42202644411
2025-03-15 04:00:00,OPEN_POSITION,-1077.9798695690265,16861.442156875084
2025-03-16 04:00:00,FUNDING_FEE,-0.3243162172675878,16861.117840657815
2025-03-16 04:00:00,CLOSE_POSITION,1088.8099484162472,17949.927789074063
2025-03-16 04:00:00,OPEN_POSITION,-1078.6111608454607,16871.316628228604
2025-03-16 08:00:00,FUNDING_FEE,-0.31427109613380555,16871.00235713247
2025-03-16 08:00:00,CLOSE_POSITION,1163.7003525590517,18034.702709691523
2025-03-16 08:00:00,OPEN_POSITION,-1083.7052858253637,16950.99742386616
2025-03-16 12:00:00,FUNDING_FEE,-0.32837083119364624,16950.669053034966
2025-03-16 12:00:00,CLOSE_POSITION,1117.9021326175111,18068.571185652476
2025-03-16 12:00:00,OPEN_POSITION,-1085.7404425458571,16982.83074310662
2025-03-16 20:00:00,FUNDING_FEE,-0.3238177706824392,16982.50692533594
2025-03-16 20:00:00,CLOSE_POSITION,1096.66028887879,18079.16721421473
2025-03-16 20:00:00,OPEN_POSITION,-1086.3771579021632,16992.790056312566
2025-03-17 04:00:00,FUNDING_FEE,-0.3278683245106895,16992.462187988054
2025-03-17 04:00:00,CLOSE_POSITION,1107.5438377785738,18100.006025766626
2025-03-17 12:00:00,OPEN_POSITION,-1087.6293620883166,17012.37666367831
2025-03-17 16:00:00,FUNDING_FEE,-0.32966353880096627,17012.04700013951
2025-03-17 16:00:00,CLOSE_POSITION,1122.9863472236623,18135.033347363173
2025-03-17 16:00:00,OPEN_POSITION,-1089.734153843053,17045.29919352012
2025-03-17 20:00:00,FUNDING_FEE,-0.32376196905494803,17044.975431551065
2025-03-18 04:00:00,FUNDING_FEE,-0.3201667998675219,17044.655264751196
2025-03-18 08:00:00,FUNDING_FEE,-0.318073261215349,17044.33719148998
2025-03-18 12:00:00,FUNDING_FEE,-0.316127699592406,17044.021063790387
2025-03-18 12:00:00,CLOSE_POSITION,1189.5503689451396,18233.571432735527
2025-03-18 12:00:00,OPEN_POSITION,-1095.655307393078,17137.91612534245
2025-03-18 16:00:00,FUNDING_FEE,-0.3323173796009463,17137.58380796285
2025-03-19 04:00:00,FUNDING_FEE,-0.337149741091101,17137.246658221757
2025-03-19 08:00:00,FUNDING_FEE,-0.3538709688196782,17136.89278725294
2025-03-19 12:00:00,FUNDING_FEE,-0.35751618948132674,17136.535271063458
2025-03-19 12:00:00,CLOSE_POSITION,1385.3457419375975,18521.881013001057
2025-03-19 12:00:00,OPEN_POSITION,-1112.9798300712337,17408.901182929825
2025-03-19 16:00:00,FUNDING_FEE,-0.33046996477697205,17408.570712965047
2025-03-19 16:00:00,CLOSE_POSITION,1138.899445526649,18547.470158491695
2025-03-19 16:00:00,OPEN_POSITION,-1114.5174818237658,17432.95267666793
2025-03-19 20:00:00,FUNDING_FEE,-0.338015493593217,17432.614661174335
2025-03-19 20:00:00,CLOSE_POSITION,1152.7684394451992,18585.383100619536
2025-03-19 20:00:00,OPEN_POSITION,-1116.7956705162278,17468.587430103307
2025-03-20 00:00:00,FUNDING_FEE,-0.3291067203817502,17468.258323382925
2025-03-20 04:00:00,FUNDING_FEE,-0.3265999847218947,17467.931723398204
2025-03-20 08:00:00,FUNDING_FEE,-0.32366189519849253,17467.608061503004
2025-03-21 04:00:00,FUNDING_FEE,-0.3216434846671803,17467.28641801834
2025-03-21 08:00:00,FUNDING_FEE,-0.3200336394934159,17466.966384378844
2025-03-21 12:00:00,FUNDING_FEE,-0.3173511067872848,17466.649033272057
2025-03-21 12:00:00,CLOSE_POSITION,1285.394120741904,18752.04315401396
2025-03-21 12:00:00,OPEN_POSITION,-1126.8102731246988,17625.232880889263
2025-03-21 20:00:00,FUNDING_FEE,-0.34016486942131946,17624.892716019844
2025-03-22 16:00:00,FUNDING_FEE,-0.3453898915655143,17624.54732612828
2025-03-22 16:00:00,CLOSE_POSITION,1201.9267877156399,18826.47411384392
2025-03-22 16:00:00,OPEN_POSITION,-1131.2828295008812,17695.19128434304
2025-03-22 20:00:00,FUNDING_FEE,-0.33625553598886,17694.85502880705
2025-03-22 20:00:00,CLOSE_POSITION,1154.1171497539974,18848.97217856105
2025-03-22 20:00:00,OPEN_POSITION,-1132.6347382097335,17716.337440351315
2025-03-23 12:00:00,FUNDING_FEE,-0.34384910613384656,17715.99359124518
2025-03-23 12:00:00,CLOSE_POSITION,1174.8951543804708,18890.888745625653
2025-03-23 12:00:00,OPEN_POSITION,-1135.1535047246457,17755.735240901005
2025-03-24 00:00:00,FUNDING_FEE,-0.34126989719308376,17755.393971003814
2025-03-24 00:00:00,CLOSE_POSITION,1119.407977533355,18874.80194853717
2025-03-24 00:00:00,OPEN_POSITION,-1134.1868490875986,17740.61509944957
2025-03-24 04:00:00,FUNDING_FEE,-0.34902349083274925,17740.266075958738
2025-03-24 20:00:00,FUNDING_FEE,-0.351038187918297,17739.91503777082
2025-03-24 20:00:00,CLOSE_POSITION,1243.650454418918,18983.56549218974
2025-03-24 20:00:00,OPEN_POSITION,-1140.7224504256815,17842.84304176406
2025-03-25 00:00:00,FUNDING_FEE,-0.33543809937340696,17842.507603664686
2025-03-25 00:00:00,CLOSE_POSITION,1199.9975338946008,19042.50513755929
2025-03-25 00:00:00,OPEN_POSITION,-1144.2641337159378,17898.24100384335
2025-03-25 04:00:00,FUNDING_FEE,-0.3448697580228879,17897.896134085328
2025-03-25 20:00:00,FUNDING_FEE,-0.34661861089353146,17897.549515474435
2025-03-25 20:00:00,CLOSE_POSITION,1179.3523993737317,19076.901914848168
2025-03-25 20:00:00,OPEN_POSITION,-1146.3310360632263,17930.57087878494
2025-03-26 00:00:00,FUNDING_FEE,-0.34053436579527624,17930.230344419146
2025-03-26 00:00:00,CLOSE_POSITION,1171.410129781822,19101.64047420097
2025-03-26 08:00:00,OPEN_POSITION,-1147.8175760947363,17953.82289810623
2025-03-26 12:00:00,FUNDING_FEE,-0.3344780917879693,17953.488420014444
2025-03-26 20:00:00,FUNDING_FEE,-0.33405899841069603,17953.154361016033
2025-03-26 20:00:00,CLOSE_POSITION,1242.1334347092188,19195.287795725253
2025-03-26 20:00:00,OPEN_POSITION,-1153.4448436451303,18041.842952080122
2025-03-27 04:00:00,FUNDING_FEE,-0.3483963512704935,18041.494555728852
2025-03-27 04:00:00,CLOSE_POSITION,1178.7869954615521,19220.281551190405
2025-03-27 04:00:00,OPEN_POSITION,-1154.9467184110313,18065.334832779372
2025-03-27 08:00:00,FUNDING_FEE,-0.3442330562159592,18064.990599723154
2025-03-28 00:00:00,FUNDING_FEE,-0.3414522721365686,18064.64914745102
2025-03-28 04:00:00,FUNDING_FEE,-0.32608280337345047,18064.323064647644
2025-03-28 08:00:00,FUNDING_FEE,-0.32443790468275446,18063.998626742963
2025-03-28 16:00:00,FUNDING_FEE,-0.319984892339406,18063.678641850624
2025-03-28 16:00:00,CLOSE_POSITION,1411.4187244299399,19475.097366280563
2025-03-28 16:00:00,OPEN_POSITION,-1170.258600739799,18304.838765540764
2025-03-29 00:00:00,FUNDING_FEE,-0.35534406492498566,18304.483421475838
2025-03-29 00:00:00,CLOSE_POSITION,1214.652244971564,19519.1356664474
2025-03-29 00:00:00,OPEN_POSITION,-1172.9048621968243,18346.230804250576
2025-03-29 04:00:00,FUNDING_FEE,-0.3477217430443785,18345.88308250753
2025-03-29 12:00:00,FUNDING_FEE,-0.34029317496931516,18345.54278933256
2025-03-30 08:00:00,FUNDING_FEE,-0.33904798784241164,18345.203741344718
2025-03-30 20:00:00,FUNDING_FEE,-0.3343299682679629,18344.86941137645
2025-03-31 04:00:00,FUNDING_FEE,-0.33264998325870826,18344.536761393192
2025-03-31 04:00:00,CLOSE_POSITION,1356.429477444,19700.96623883719
2025-03-31 04:00:00,OPEN_POSITION,-1183.8310612917269,18517.135177545464
2025-03-31 08:00:00,FUNDING_FEE,-0.357499049390631,18516.777678496073
2025-03-31 12:00:00,FUNDING_FEE,-0.3631893852627425,18516.41448911081
2025-03-31 12:00:00,CLOSE_POSITION,1265.9619570406487,19782.376446151462
2025-03-31 12:00:00,OPEN_POSITION,-1188.7230006492414,18593.65344550222
2025-03-31 20:00:00,FUNDING_FEE,-0.352257734181512,18593.301187768036
2025-03-31 20:00:00,CLOSE_POSITION,1223.4317165903233,19816.73290435836
2025-03-31 20:00:00,OPEN_POSITION,-1190.787480222894,18625.945424135465
2025-04-01 00:00:00,FUNDING_FEE,-0.3591802556759468,18625.58624387979
2025-04-01 08:00:00,FUNDING_FEE,-0.3645123959850955,18625.2217314838
2025-04-01 20:00:00,FUNDING_FEE,-0.37287972449812984,18624.848851759303
2025-04-01 20:00:00,CLOSE_POSITION,1348.9248978358041,19973.773749595108
2025-04-01 20:00:00,OPEN_POSITION,-1200.2240646131702,18773.54968498194
2025-04-02 00:00:00,FUNDING_FEE,-0.35409028967346406,18773.195594692264
2025-04-02 08:00:00,FUNDING_FEE,-0.35270067111965625,18772.842894021145
2025-04-02 08:00:00,CLOSE_POSITION,1264.9354853506659,20037.77837937181
2025-04-02 08:00:00,OPEN_POSITION,-1204.0701028164522,18833.70827655536
2025-04-02 12:00:00,FUNDING_FEE,-0.3668662411474482,18833.341410314213
2025-04-02 16:00:00,FUNDING_FEE,-0.3688877714669666,18832.972522542746
2025-04-02 16:00:00,CLOSE_POSITION,1282.4998702877137,20115.47239283046
2025-04-02 16:00:00,OPEN_POSITION,-1208.7387360851824,18906.733656745277
2025-04-02 20:00:00,FUNDING_FEE,-0.3400076639098423,18906.39364908137
2025-04-02 20:00:00,CLOSE_POSITION,1425.9366968613383,20332.330345942708
2025-04-02 20:00:00,OPEN_POSITION,-1221.7697304876974,19110.56061545501
2025-04-03 00:00:00,FUNDING_FEE,-0.3720303073582489,19110.188585147655
2025-04-03 00:00:00,CLOSE_POSITION,1278.5632805325724,20388.751865680228
2025-04-03 00:00:00,OPEN_POSITION,-1225.160099608725,19163.591766071502
2025-04-03 04:00:00,FUNDING_FEE,-0.36514015881324396,19163.226625912688
2025-04-03 08:00:00,FUNDING_FEE,-0.3610893512184472,19162.86553656147
2025-04-03 16:00:00,FUNDING_FEE,-0.3595076647954416,19162.506028896674
2025-04-03 16:00:00,CLOSE_POSITION,1296.426261484862,20458.932290381537
2025-04-03 16:00:00,OPEN_POSITION,-1229.3772413290264,19229.55504905251
2025-04-03 20:00:00,FUNDING_FEE,-0.37443443092642203,19229.180614621582
2025-04-03 20:00:00,CLOSE_POSITION,1287.400262263803,20516.580876885386
2025-04-03 20:00:00,OPEN_POSITION,-1232.8413448920428,19283.739531993342
2025-04-04 00:00:00,FUNDING_FEE,-0.36434799258129297,19283.37518400076
2025-04-04 00:00:00,CLOSE_POSITION,1278.677744676657,20562.052928677418
2025-04-04 00:00:00,OPEN_POSITION,-1235.5737604842259,19326.479168193193
2025-04-04 04:00:00,FUNDING_FEE,-0.37522840923984185,19326.103939783952
2025-04-04 04:00:00,CLOSE_POSITION,1282.9615989109286,20609.065538694882
2025-04-04 08:00:00,OPEN_POSITION,-1238.3987482201753,19370.66679047471
2025-04-04 12:00:00,FUNDING_FEE,-0.3733160776767045,19370.293474397033
2025-04-05 08:00:00,FUNDING_FEE,-0.37583956596138934,19369.917634831072
2025-04-05 08:00:00,CLOSE_POSITION,1283.4285971407007,20653.346231971773
2025-04-05 16:00:00,OPEN_POSITION,-1241.0595750791838,19412.28665689259
2025-04-06 00:00:00,FUNDING_FEE,-0.3775578661062263,19411.90909902648
2025-04-06 00:00:00,CLOSE_POSITION,1295.2893238951194,20707.1984229216
2025-04-06 00:00:00,OPEN_POSITION,-1244.295553233359,19462.90286968824
2025-04-06 08:00:00,FUNDING_FEE,-0.3684256206361491,19462.534444067605
2025-04-06 12:00:00,FUNDING_FEE,-0.3623642401801004,19462.172079827425
2025-04-06 16:00:00,FUNDING_FEE,-0.33484285332357444,19461.8372369741
2025-04-06 20:00:00,FUNDING_FEE,-0.32552209017498007,19461.511714883927
2025-04-07 00:00:00,FUNDING_FEE,-0.3178598624672828,19461.193855021458
2025-04-07 04:00:00,FUNDING_FEE,-0.3007038070432454,19460.893151214415
2025-04-07 04:00:00,CLOSE_POSITION,1961.1860320335143,21422.07918324793
2025-04-07 04:00:00,OPEN_POSITION,-1287.252738121368,20134.82644512656
2025-04-07 08:00:00,FUNDING_FEE,-0.3916263479890123,20134.434818778573
2025-04-07 12:00:00,FUNDING_FEE,-0.4109653988631679,20134.02385337971
2025-04-07 12:00:00,CLOSE_POSITION,1536.949659647611,21670.97351302732
2025-04-07 12:00:00,OPEN_POSITION,-1302.2087983978117,20368.764714629506
2025-04-07 16:00:00,FUNDING_FEE,-0.387324105639885,20368.377390523867
2025-04-07 16:00:00,CLOSE_POSITION,1325.8559661995082,21694.233356723376
2025-04-07 16:00:00,OPEN_POSITION,-1303.6064824055077,20390.62687431787
2025-04-07 20:00:00,FUNDING_FEE,-0.3924884247822096,20390.234385893087
2025-04-08 00:00:00,FUNDING_FEE,-0.40045732222696445,20389.83392857086
2025-04-08 00:00:00,CLOSE_POSITION,1399.262932851704,21789.096861422564
2025-04-08 00:00:00,OPEN_POSITION,-1309.306830402882,20479.790031019682
2025-04-08 04:00:00,FUNDING_FEE,-0.3887421609314197,20479.40128885875
2025-04-08 04:00:00,CLOSE_POSITION,1340.0179266225614,21819.41921548131
2025-04-08 04:00:00,OPEN_POSITION,-1311.128900658272,20508.29031482304
2025-04-08 08:00:00,FUNDING_FEE,-0.39714739618028966,20507.89316742686
2025-04-08 08:00:00,CLOSE_POSITION,1351.1579189642378,21859.051086391097
2025-04-08 08:00:00,OPEN_POSITION,-1313.510379781241,20545.540706609856
2025-04-08 12:00:00,FUNDING_FEE,-0.3793830558271039,20545.161323554028
2025-04-08 20:00:00,FUNDING_FEE,-0.364988433659906,20544.79633512037
2025-04-09 00:00:00,FUNDING_FEE,-0.35142903664256103,20544.444906083725
2025-04-09 00:00:00,CLOSE_POSITION,1730.1247491250401,22274.569655208765
2025-04-09 00:00:00,OPEN_POSITION,-1338.4788905814946,20936.09076462727
2025-04-09 04:00:00,FUNDING_FEE,-0.4193046828900417,20935.67145994438
2025-04-09 04:00:00,CLOSE_POSITION,1518.0019468609141,22453.673406805294
2025-04-09 04:00:00,OPEN_POSITION,-1349.24123501493,21104.432171790362
2025-04-09 08:00:00,FUNDING_FEE,-0.3964638254235313,21104.03570796494
2025-04-09 08:00:00,CLOSE_POSITION,1422.2610442708399,22526.29675223578
2025-04-09 08:00:00,OPEN_POSITION,-1353.605171841848,21172.69158039393
2025-04-09 12:00:00,FUNDING_FEE,-0.4138802848257674,21172.277700109105
2025-04-09 16:00:00,FUNDING_FEE,-0.45706621729347763,21171.820633891813
2025-04-09 20:00:00,FUNDING_FEE,-0.46513866681432503,21171.355495224998
2025-04-09 20:00:00,CLOSE_POSITION,1945.9053645408853,23117.260859765884
2025-04-09 20:00:00,OPEN_POSITION,-1389.116205063332,21728.14465470255
2025-04-10 00:00:00,FUNDING_FEE,-0.40306897450101914,21727.74158572805
2025-04-10 08:00:00,FUNDING_FEE,-0.39746577239197495,21727.34411995566
2025-04-10 12:00:00,FUNDING_FEE,-0.3727987162003128,21726.971321239456
2025-04-10 12:00:00,CLOSE_POSITION,1818.291450759683,23545.26277199914
2025-04-10 12:00:00,OPEN_POSITION,-1414.8348399694285,22130.42793202971
2025-04-10 16:00:00,FUNDING_FEE,-0.42910745297769554,22129.99882457673
2025-04-10 20:00:00,FUNDING_FEE,-0.4313470090754737,22129.567477567656
2025-04-11 00:00:00,FUNDING_FEE,-0.4376007568624338,22129.129876810795
2025-04-11 20:00:00,FUNDING_FEE,-0.4439310464400776,22128.685945764355
2025-04-11 20:00:00,CLOSE_POSITION,1611.6592765286782,23740.345222293032
2025-04-11 20:00:00,OPEN_POSITION,-1426.5573444075883,22313.787877885443
2025-04-12 00:00:00,FUNDING_FEE,-0.42395609040749455,22313.363921795037
2025-04-12 00:00:00,CLOSE_POSITION,1456.0021688233448,23769.366090618383
2025-04-12 00:00:00,OPEN_POSITION,-1428.3012083852586,22341.064882233124
2025-04-12 04:00:00,FUNDING_FEE,-0.43545761411701106,22340.62942461901
2025-04-12 08:00:00,FUNDING_FEE,-0.4387540318910243,22340.19067058712
2025-04-12 12:00:00,FUNDING_FEE,-0.45579791627144833,22339.734872670848
2025-04-12 12:00:00,CLOSE_POSITION,1703.3762422589195,24043.11111492977
2025-04-12 12:00:00,OPEN_POSITION,-1444.7505468961297,22598.36056803364
2025-04-12 20:00:00,FUNDING_FEE,-0.4297689769276625,22597.930799056714
2025-04-13 00:00:00,FUNDING_FEE,-0.42453937146492626,22597.506259685248
2025-04-13 04:00:00,FUNDING_FEE,-0.42170754010685463,22597.08455214514
2025-04-13 08:00:00,FUNDING_FEE,-0.4193149956076528,22596.665237149533
2025-04-13 20:00:00,FUNDING_FEE,-0.41756307777763624,22596.247674071754
2025-04-13 20:00:00,CLOSE_POSITION,1592.6280744178941,24188.87574848965
2025-04-13 20:00:00,OPEN_POSITION,-1453.5095437267432,22735.366204762904
2025-04-14 04:00:00,FUNDING_FEE,-0.44576045218105637,22734.920444310723
2025-04-14 08:00:00,FUNDING_FEE,-0.45658737188117005,22734.46385693884
2025-04-14 08:00:00,CLOSE_POSITION,1660.9256921335364,24395.389549072377
2025-04-14 08:00:00,OPEN_POSITION,-1465.9189580037591,22929.470591068617
2025-04-14 12:00:00,FUNDING_FEE,-0.42661711163281335,22929.043973956985
2025-04-14 12:00:00,CLOSE_POSITION,1586.5892898910727,24515.633263848056
2025-04-14 12:00:00,OPEN_POSITION,-1473.1444028246297,23042.488861023427
2025-04-14 16:00:00,FUNDING_FEE,-0.443711625265463,23042.04514939816
2025-04-14 16:00:00,CLOSE_POSITION,1493.0217028665356,24535.066852264696
2025-04-14 16:00:00,OPEN_POSITION,-1474.3121671525857,23060.75468511211
2025-04-14 20:00:00,FUNDING_FEE,-0.43814873321808384,23060.316536378894
2025-04-14 20:00:00,CLOSE_POSITION,1504.737968696599,24565.05450507549
2025-04-14 20:00:00,OPEN_POSITION,-1476.1141252099862,23088.940379865504
2025-04-15 04:00:00,FUNDING_FEE,-0.4479357516794559,23088.492444113825
2025-04-15 04:00:00,CLOSE_POSITION,1529.3112974271023,24617.803741540927
2025-04-15 04:00:00,OPEN_POSITION,-1479.2838268291941,23138.519914711735
2025-04-15 08:00:00,FUNDING_FEE,-0.43961685699149794,23138.080297854744
2025-04-15 12:00:00,FUNDING_FEE,-0.43663609310380563,23137.64366176164
2025-04-15 16:00:00,FUNDING_FEE,-0.4328764496830726,23137.210785311956
2025-04-16 00:00:00,FUNDING_FEE,-0.4285238875866683,23136.78226142437
2025-04-16 00:00:00,CLOSE_POSITION,1620.8914026652062,24757.673664089576
2025-04-16 04:00:00,OPEN_POSITION,-1487.6886104751427,23269.985053614433
2025-04-16 16:00:00,FUNDING_FEE,-0.45268134325657305,23269.532372271176
2025-04-16 16:00:00,CLOSE_POSITION,1553.6291861586978,24823.161558429874
2025-04-17 00:00:00,OPEN_POSITION,-1491.623778046051,23331.537780383824
2025-04-17 04:00:00,FUNDING_FEE,-0.4515980667292187,23331.086182317096
2025-04-17 04:00:00,CLOSE_POSITION,1534.9432899469562,24866.029472264054
2025-04-17 04:00:00,OPEN_POSITION,-1494.199710988347,23371.829761275705
2025-04-17 08:00:00,FUNDING_FEE,-0.44521498249361285,23371.38454629321
2025-04-18 12:00:00,FUNDING_FEE,-0.4423549829514404,23370.94219131026
2025-04-18 12:00:00,CLOSE_POSITION,1542.085468914213,24913.027660224474
2025-04-18 12:00:00,OPEN_POSITION,-1497.0238321028887,23416.003828121586
2025-04-18 20:00:00,FUNDING_FEE,-0.45003294225072005,23415.553795179334
2025-04-19 08:00:00,FUNDING_FEE,-0.45240793583099914,23415.101387243503
2025-04-20 00:00:00,FUNDING_FEE,-0.45661660583901176,23414.644770637664
2025-04-20 00:00:00,CLOSE_POSITION,1574.3196561339855,24988.96442677165
2025-04-20 00:00:00,OPEN_POSITION,-1501.5868724047086,23487.37755436694
2025-04-20 04:00:00,FUNDING_FEE,-0.44574763639118803,23486.93180673055
2025-04-20 12:00:00,FUNDING_FEE,-0.4390975200837146,23486.492709210466
2025-04-20 12:00:00,CLOSE_POSITION,1604.1807739876308,25090.673483198098
2025-04-20 12:00:00,OPEN_POSITION,-1507.6985696053737,23582.974913592723
2025-04-20 20:00:00,FUNDING_FEE,-0.4555833294678598,23582.519330263254
2025-04-21 00:00:00,FUNDING_FEE,-0.46922303307170915,23582.05010723018
2025-04-21 04:00:00,FUNDING_FEE,-0.4723931873408986,23581.57771404284
2025-04-21 04:00:00,CLOSE_POSITION,1710.6890894885103,25292.26680353135
2025-04-21 04:00:00,OPEN_POSITION,-1519.8123122241986,23772.45449130715
2025-04-21 12:00:00,FUNDING_FEE,-0.4490065357711587,23772.00548477138
2025-04-22 00:00:00,FUNDING_FEE,-0.4367498334788292,23771.5687349379
2025-04-22 00:00:00,CLOSE_POSITION,1700.4619488918381,25472.03068382974
2025-04-22 00:00:00,OPEN_POSITION,-1530.6143237913293,23941.416360038413
2025-04-22 04:00:00,FUNDING_FEE,-0.4702305267152297,23940.946129511696
2025-04-22 08:00:00,FUNDING_FEE,-0.47358309083131384,23940.472546420864
2025-04-22 16:00:00,FUNDING_FEE,-0.49316392457690045,23939.979382496287
2025-04-22 20:00:00,FUNDING_FEE,-0.5100226157083009,23939.46935988058
2025-04-23 16:00:00,FUNDING_FEE,-0.5187003531560853,23938.95065952742
2025-04-23 20:00:00,FUNDING_FEE,-0.5213208148828686,23938.42933871254
2025-04-23 20:00:00,CLOSE_POSITION,2153.957862694703,26092.387201407244
2025-04-23 20:00:00,OPEN_POSITION,-1567.8915469325614,24524.495654474682
2025-04-24 00:00:00,FUNDING_FEE,-0.4625543986596784,24524.033100076023
2025-04-24 08:00:00,FUNDING_FEE,-0.45908648388446155,24523.57401359214
2025-04-24 08:00:00,CLOSE_POSITION,1669.0126570737016,26192.58667066584
2025-04-24 08:00:00,OPEN_POSITION,-1573.9125330403106,24618.67413762553
2025-04-25 00:00:00,FUNDING_FEE,-0.47306584517356637,24618.201071780357
2025-04-25 04:00:00,FUNDING_FEE,-0.4774685829826249,24617.723603197373
2025-04-25 08:00:00,FUNDING_FEE,-0.48098701020610324,24617.242616187166
2025-04-25 16:00:00,FUNDING_FEE,-0.48420708340222784,24616.758409103764
2025-04-25 16:00:00,CLOSE_POSITION,1696.539398125366,26313.29780722913
2025-04-25 16:00:00,OPEN_POSITION,-1581.1660652363983,24732.131741992733
2025-04-25 20:00:00,FUNDING_FEE,-0.4689909140596851,24731.662751078675
2025-04-25 20:00:00,CLOSE_POSITION,1622.9373785678408,26354.600129646515
2025-04-25 20:00:00,OPEN_POSITION,-1583.647921790459,24770.952207856055
2025-04-26 04:00:00,FUNDING_FEE,-0.4785767380948629,24770.47363111796
2025-04-26 04:00:00,CLOSE_POSITION,1620.8224817005728,26391.29611281853
2025-04-26 04:00:00,OPEN_POSITION,-1585.8529834192655,24805.443129399264
2025-04-26 08:00:00,FUNDING_FEE,-0.4711337799691872,24804.971995619293
2025-04-26 08:00:00,CLOSE_POSITION,1620.2175984847295,26425.189594104024
2025-04-26 08:00:00,OPEN_POSITION,-1587.8896427097109,24837.299951394314
2025-04-26 12:00:00,FUNDING_FEE,-0.47956049053202854,24836.820390903784
2025-04-26 20:00:00,FUNDING_FEE,-0.4850533196073624,24836.335337584176
2025-04-26 20:00:00,CLOSE_POSITION,1677.0851781831038,26513.42051576728
2025-04-26 20:00:00,OPEN_POSITION,-1593.1914387924558,24920.229076974825
2025-04-27 08:00:00,FUNDING_FEE,-0.4733187484725552,24919.755758226354
2025-04-27 12:00:00,FUNDING_FEE,-0.47013014546019744,24919.285628080896
2025-04-27 12:00:00,CLOSE_POSITION,1659.5688184548726,26578.85444653577
2025-04-27 12:00:00,OPEN_POSITION,-1597.1233636923341,24981.731082843435
2025-04-27 16:00:00,FUNDING_FEE,-0.4821738759755368,24981.24890896746
2025-04-27 16:00:00,CLOSE_POSITION,1629.8653567911983,26611.114265758657
2025-04-27 16:00:00,OPEN_POSITION,-1599.0618562294378,25012.05240952922
2025-04-28 00:00:00,FUNDING_FEE,-0.4727174804280441,25011.579692048792
2025-04-28 00:00:00,CLOSE_POSITION,1657.129032099497,26668.708724148288
2025-04-28 00:00:00,OPEN_POSITION,-1602.5227072340704,25066.186016914216
2025-04-28 04:00:00,FUNDING_FEE,-0.48560903286285784,25065.700407881355
2025-04-28 08:00:00,FUNDING_FEE,-0.48858360522524846,25065.21182427613
2025-04-28 08:00:00,CLOSE_POSITION,1683.148087328565,26748.359911604697
2025-04-28 08:00:00,OPEN_POSITION,-1607.3089470883265,25141.05096451637
2025-04-28 12:00:00,FUNDING_FEE,-0.46743223173263215,25140.583532284636
2025-04-28 12:00:00,CLOSE_POSITION,1742.9469003001434,26883.53043258478
2025-04-28 12:00:00,OPEN_POSITION,-1615.4313436940195,25268.099088890758
2025-04-29 00:00:00,FUNDING_FEE,-0.4946631846942011,25267.604425706064
2025-04-29 08:00:00,FUNDING_FEE,-0.5022536993478035,25267.102172006715
2025-04-29 08:00:00,CLOSE_POSITION,1794.0020730711221,27061.104245077837
2025-04-29 08:00:00,OPEN_POSITION,-1626.1017540867274,25435.002490991108
2025-04-29 16:00:00,FUNDING_FEE,-0.48497452400625973,25434.5175164671
2025-04-29 20:00:00,FUNDING_FEE,-0.47848926948681214,25434.039027197614
2025-04-29 20:00:00,CLOSE_POSITION,1707.3798776031254,27141.41890480074
2025-04-29 20:00:00,OPEN_POSITION,-1630.9278619894765,25510.491042811263
2025-04-30 00:00:00,FUNDING_FEE,-0.4917053944407898,25509.999337416823
2025-04-30 00:00:00,CLOSE_POSITION,1657.6251488596056,27167.62448627643
2025-04-30 00:00:00,OPEN_POSITION,-1632.5025553803507,25535.12193089608
2025-04-30 04:00:00,FUNDING_FEE,-0.48559880689197793,25534.636332089187
2025-04-30 04:00:00,CLOSE_POSITION,1661.8138137521041,27196.450145841292
2025-04-30 04:00:00,OPEN_POSITION,-1634.2346892636033,25562.215456577687
2025-04-30 08:00:00,FUNDING_FEE,-0.4947816678360857,25561.72067490985
2025-04-30 08:00:00,CLOSE_POSITION,1681.7687525207218,27243.489427430573
2025-04-30 08:00:00,OPEN_POSITION,-1637.0612796943033,25606.42814773627
2025-04-30 12:00:00,FUNDING_FEE,-0.4765829485026154,25605.951564787767
2025-04-30 12:00:00,CLOSE_POSITION,1770.225062814671,27376.17662760244
2025-04-30 12:00:00,OPEN_POSITION,-1645.0344535526303,25731.142174049808
2025-04-30 20:00:00,FUNDING_FEE,-0.5008707849529659,25730.641303264856
2025-05-01 04:00:00,FUNDING_FEE,-0.5056288492621677,25730.135674415593
2025-05-01 12:00:00,FUNDING_FEE,-0.5174332072811796,25729.61824120831
2025-05-01 12:00:00,CLOSE_POSITION,1886.6037114630965,27616.221952671407
2025-05-01 12:00:00,OPEN_POSITION,-1659.4587771360248,25956.763175535383
2025-05-01 20:00:00,FUNDING_FEE,-0.4931195322685926,25956.270056003115
2025-05-01 20:00:00,CLOSE_POSITION,1694.2323482938682,27650.50240429698
2025-05-01 20:00:00,OPEN_POSITION,-1661.5186894742055,25988.983714822774
2025-05-02 00:00:00,FUNDING_FEE,-0.5002745398453853,25988.48344028293
2025-05-02 00:00:00,CLOSE_POSITION,1682.1837372389869,27670.667177521915
2025-05-02 00:00:00,OPEN_POSITION,-1662.730390697292,26007.936786824623
2025-05-02 04:00:00,FUNDING_FEE,-0.4896137449733029,26007.44717307965
2025-05-02 04:00:00,CLOSE_POSITION,1742.3746041473642,27749.821777227015
2025-05-02 04:00:00,OPEN_POSITION,-1667.4867905935712,26082.334986633443
2025-05-03 08:00:00,FUNDING_FEE,-0.5017118248637271,26081.833274808578
2025-05-04 04:00:00,FUNDING_FEE,-0.5063592665079251,26081.32691554207
2025-05-04 04:00:00,CLOSE_POSITION,1731.0822554794693,27812.40917102154
2025-05-04 04:00:00,OPEN_POSITION,-1671.2476670866843,26141.161503934854
2025-05-04 16:00:00,FUNDING_FEE,-0.4971793078891666,26140.664324626967
2025-05-04 20:00:00,FUNDING_FEE,-0.49181735155428896,26140.172507275412
2025-05-05 00:00:00,FUNDING_FEE,-0.488006037081857,26139.68450123833
2025-05-05 00:00:00,CLOSE_POSITION,1792.4778000411902,27932.16230127952
2025-05-05 00:00:00,OPEN_POSITION,-1678.4436326838863,26253.718668595633
2025-05-05 04:00:00,FUNDING_FEE,-0.5117141739036967,26253.20695442173
2025-05-05 04:00:00,CLOSE_POSITION,1762.723692013906,28015.930646435638
2025-05-05 04:00:00,OPEN_POSITION,-1683.4772725443177,26332.45337389132
2025-05-05 12:00:00,FUNDING_FEE,-0.49721578816794504,26331.956158103152
2025-05-05 12:00:00,CLOSE_POSITION,1749.1793945242646,28081.135552627416
2025-05-05 12:00:00,OPEN_POSITION,-1687.3954353573813,26393.740117270034
2025-05-05 20:00:00,FUNDING_FEE,-0.5108768697175244,26393.229240400316
2025-05-05 20:00:00,CLOSE_POSITION,1736.4780465113654,28129.707286911682
2025-05-05 20:00:00,OPEN_POSITION,-1690.314110870523,26439.393176041158
2025-05-06 04:00:00,FUNDING_FEE,-0.5023189623957837,26438.89085707876
2025-05-06 12:00:00,FUNDING_FEE,-0.49238668329999113,26438.39847039546
2025-05-06 12:00:00,CLOSE_POSITION,1824.8009824423934,28263.199452837853
2025-05-06 12:00:00,OPEN_POSITION,-1698.3356551210265,26564.863797716826
2025-05-06 16:00:00,FUNDING_FEE,-0.5129758480475647,26564.35082186878
2025-05-06 20:00:00,FUNDING_FEE,-0.5222258315299168,26563.82859603725
2025-05-07 00:00:00,FUNDING_FEE,-0.5249229047367698,26563.303673132512
2025-05-07 08:00:00,FUNDING_FEE,-0.5277637451721332,26562.77590938734
2025-05-07 08:00:00,CLOSE_POSITION,1883.414698654928,28446.190608042267
2025-05-07 08:00:00,OPEN_POSITION,-1709.3315936372599,26736.859014405007
2025-05-07 12:00:00,FUNDING_FEE,-0.5068008703664847,26736.35221353464
2025-05-07 16:00:00,FUNDING_FEE,-0.5007613164187685,26735.85145221822
2025-05-07 16:00:00,CLOSE_POSITION,1816.9687751603653,28552.820227378586
2025-05-07 16:00:00,OPEN_POSITION,-1715.7389674631795,26837.08125991541
2025-05-07 20:00:00,FUNDING_FEE,-0.5182626045162152,26836.56299731089
2025-05-08 00:00:00,FUNDING_FEE,-0.5441336470566183,26836.018863663834
2025-05-08 04:00:00,FUNDING_FEE,-0.5519499314894757,26835.466913732344
2025-05-08 08:00:00,FUNDING_FEE,-0.5602099976392171,26834.906703734705
2025-05-08 12:00:00,FUNDING_FEE,-0.5870974434666767,26834.31960629124
2025-05-08 16:00:00,FUNDING_FEE,-0.6062888553910152,26833.71331743585
2025-05-09 00:00:00,FUNDING_FEE,-0.6311893043699753,26833.08212813148
2025-05-09 04:00:00,FUNDING_FEE,-0.6767842968949774,26832.405343834584
2025-05-09 04:00:00,CLOSE_POSITION,3338.1206201798686,30170.52596401445
2025-05-09 04:00:00,OPEN_POSITION,-1812.9469051776284,28357.57905883682
2025-05-09 08:00:00,FUNDING_FEE,-0.5400713175225585,28357.0389875193
2025-05-09 12:00:00,FUNDING_FEE,-0.5285359073348713,28356.510451611965
2025-05-09 12:00:00,CLOSE_POSITION,1952.9244784780808,30309.434930090047
2025-05-09 12:00:00,OPEN_POSITION,-1821.293944949111,28488.140985140937
2025-05-09 16:00:00,FUNDING_FEE,-0.552717456325578,28487.588267684612
2025-05-10 00:00:00,FUNDING_FEE,-0.5546430945466042,28487.033624590065
2025-05-10 04:00:00,FUNDING_FEE,-0.5689573215196516,28486.464667268545
2025-05-10 04:00:00,CLOSE_POSITION,2049.596236978112,30536.060904246657
2025-05-10 04:00:00,OPEN_POSITION,-1834.9118997361816,28701.149004510477
2025-05-10 08:00:00,FUNDING_FEE,-0.5461163791015073,28700.602888131376
2025-05-10 08:00:00,CLOSE_POSITION,1864.7602441086167,30565.363132239992
2025-05-10 08:00:00,OPEN_POSITION,-1836.6726706163013,28728.69046162369
2025-05-10 12:00:00,FUNDING_FEE,-0.5614004839269062,28728.129061139764
2025-05-10 16:00:00,FUNDING_FEE,-0.5766265546579012,28727.552434585104
2025-05-10 20:00:00,FUNDING_FEE,-0.5959124493112582,28726.95652213579
2025-05-10 20:00:00,CLOSE_POSITION,2288.301354997226,31015.25787713302
2025-05-10 20:00:00,OPEN_POSITION,-1863.706845836923,29151.551031296098
2025-05-11 00:00:00,FUNDING_FEE,-0.5484147614418484,29151.002616534657
2025-05-11 04:00:00,FUNDING_FEE,-0.5346412005191513,29150.467975334137
2025-05-11 04:00:00,CLOSE_POSITION,2094.5766793178163,31245.044654651952
2025-05-11 04:00:00,OPEN_POSITION,-1877.5147332980357,29367.52992135392
2025-05-11 08:00:00,FUNDING_FEE,-0.5753189506870993,29366.95460240323
2025-05-11 08:00:00,CLOSE_POSITION,2000.907553559322,31367.862155962554
2025-05-11 08:00:00,OPEN_POSITION,-1884.8948369517898,29482.967319010764
2025-05-11 12:00:00,FUNDING_FEE,-0.5494108290314414,29482.41790818173
2025-05-11 12:00:00,CLOSE_POSITION,2031.4315729714415,31513.84948115317
2025-05-11 12:00:00,OPEN_POSITION,-1893.667215322494,29620.182265830677
2025-05-12 00:00:00,FUNDING_FEE,-0.5805684317807241,29619.601697398895
2025-05-12 04:00:00,FUNDING_FEE,-0.588503680591253,29619.013193718303
2025-05-12 04:00:00,CLOSE_POSITION,2100.432349771193,31719.445543489495
2025-05-12 04:00:00,OPEN_POSITION,-1906.0214827082839,29813.42406078121
2025-05-12 08:00:00,FUNDING_FEE,-0.5655612518944855,29812.858499529317
2025-05-12 12:00:00,FUNDING_FEE,-0.5558569976889534,29812.302642531627
2025-05-12 16:00:00,FUNDING_FEE,-0.549898048965971,29811.752744482663
2025-05-12 16:00:00,CLOSE_POSITION,2110.936950532939,31922.6896950156
2025-05-12 16:00:00,OPEN_POSITION,-1918.2344237734874,30004.455271242114
2025-05-12 20:00:00,FUNDING_FEE,-0.5827557234547215,30003.87251551866
2025-05-12 20:00:00,CLOSE_POSITION,1993.9206925280687,31997.79320804673
2025-05-12 20:00:00,OPEN_POSITION,-1922.7473938715277,30075.045814175202
2025-05-13 00:00:00,FUNDING_FEE,-0.559774846229968,30074.48603932897
2025-05-13 00:00:00,CLOSE_POSITION,2078.923033400384,32153.409072729355
2025-05-13 00:00:00,OPEN_POSITION,-1932.0983511803072,30221.31072154905
2025-05-13 04:00:00,FUNDING_FEE,-0.5873159923616583,30220.723405556688
2025-05-13 08:00:00,FUNDING_FEE,-0.5998172588196674,30220.12358829787
2025-05-13 12:00:00,FUNDING_FEE,-0.6123829894095263,30219.51120530846
2025-05-13 20:00:00,FUNDING_FEE,-0.6395295515996644,30218.871675756858
2025-05-13 20:00:00,CLOSE_POSITION,2533.688779511122,32752.56045526798
2025-05-13 20:00:00,OPEN_POSITION,-1968.1013577570527,30784.459097510928
2025-05-14 04:00:00,FUNDING_FEE,-0.5808633136084608,30783.87823419732
2025-05-14 08:00:00,FUNDING_FEE,-0.5775662803181257,30783.300667917003
2025-05-14 20:00:00,FUNDING_FEE,-0.5741724049284751,30782.726495512074
2025-05-15 00:00:00,FUNDING_FEE,-0.5664756589896891,30782.160019853083
2025-05-15 04:00:00,FUNDING_FEE,-0.5567540327924864,30781.60326582029
2025-05-15 04:00:00,CLOSE_POSITION,2290.29041117549,33071.89367699578
2025-05-15 04:00:00,OPEN_POSITION,-1987.2900910506764,31084.603585945104
2025-05-15 12:00:00,FUNDING_FEE,-0.6031306188669769,31084.000455326237
2025-05-15 12:00:00,CLOSE_POSITION,2059.663294335941,33143.66374966218
2025-05-15 12:00:00,OPEN_POSITION,-1991.6027547172002,31152.060994944975
2025-05-15 16:00:00,FUNDING_FEE,-0.5888740225493354,31151.472120922426
2025-05-15 16:00:00,CLOSE_POSITION,2062.794704312821,33214.266825235245
2025-05-15 16:00:00,OPEN_POSITION,-1995.8452935283858,31218.42153170686
2025-05-15 20:00:00,FUNDING_FEE,-0.6021059896638333,31217.819425717196
2025-05-16 00:00:00,FUNDING_FEE,-0.6098292057337829,31217.209596511464
2025-05-16 04:00:00,FUNDING_FEE,-0.6145723191525065,31216.595024192313
2025-05-16 08:00:00,FUNDING_FEE,-0.6191807253141962,31215.975843467
2025-05-16 08:00:00,CLOSE_POSITION,2202.999330487162,33418.97517395416
2025-05-16 08:00:00,OPEN_POSITION,-2008.1462182029056,31410.828955751254
2025-05-16 16:00:00,FUNDING_FEE,-0.594883268764456,31410.23407248249
2025-05-16 20:00:00,FUNDING_FEE,-0.5821912011854135,31409.651881281305
2025-05-18 00:00:00,FUNDING_FEE,-0.5685233505526277,31409.08335793075
2025-05-18 00:00:00,CLOSE_POSITION,2332.477919469961,33741.56127740071
2025-05-18 00:00:00,OPEN_POSITION,-2027.530417159009,31714.0308602417
2025-05-18 08:00:00,FUNDING_FEE,-0.6133082913885843,31713.41755195031
2025-05-18 12:00:00,FUNDING_FEE,-0.6323342919576779,31712.785217658355
2025-05-18 12:00:00,CLOSE_POSITION,2271.1938948289044,33983.97911248726
2025-05-18 12:00:00,OPEN_POSITION,-2042.0973048693595,31941.881807617898
2025-05-18 16:00:00,FUNDING_FEE,-0.5710710000815876,31941.310736617816
2025-05-18 16:00:00,CLOSE_POSITION,2442.589631180658,34383.90036779847
2025-05-18 16:00:00,OPEN_POSITION,-2066.1285731010103,32317.771794697463
2025-05-18 20:00:00,FUNDING_FEE,-0.6421053888294476,32317.129689308633
2025-05-18 20:00:00,CLOSE_POSITION,2291.7753172145112,34608.90500652314
2025-05-18 20:00:00,OPEN_POSITION,-2079.6491018419756,32529.255904681166
2025-05-19 00:00:00,FUNDING_FEE,-0.5948881822735366,32528.661016498892
2025-05-19 00:00:00,CLOSE_POSITION,2354.2809379188216,34882.941954417714
2025-05-19 00:00:00,OPEN_POSITION,-2096.1159820409603,32786.825972376755
2025-05-19 04:00:00,FUNDING_FEE,-0.6326539092863799,32786.19331846747
2025-05-19 08:00:00,FUNDING_FEE,-0.6362878233723689,32785.5570306441
2025-05-19 12:00:00,FUNDING_FEE,-0.6492566834256268,32784.90777396067
2025-05-19 20:00:00,FUNDING_FEE,-0.6653933685842793,32784.24238059209
2025-05-20 00:00:00,FUNDING_FEE,-0.6720318449689013,32783.570348747126
2025-05-20 00:00:00,CLOSE_POSITION,2531.005255934043,35314.575604681166
2025-05-20 00:00:00,OPEN_POSITION,-2122.0528480852913,33192.52275659588
2025-05-20 04:00:00,FUNDING_FEE,-0.6304616500541682,33191.89229494582
2025-05-20 08:00:00,FUNDING_FEE,-0.6260081677916175,33191.26628677803
2025-05-20 12:00:00,FUNDING_FEE,-0.6180875449756714,33190.64819923305
2025-05-20 12:00:00,CLOSE_POSITION,2291.532257641888,35482.18045687494
2025-05-20 12:00:00,OPEN_POSITION,-2132.124223653615,33350.05623322133
2025-05-20 16:00:00,FUNDING_FEE,-0.6434998671666674,33349.41273335416
2025-05-20 20:00:00,FUNDING_FEE,-0.6493782941104077,33348.76335506005
2025-05-21 04:00:00,FUNDING_FEE,-0.6564895435173929,33348.106865516536
2025-05-21 04:00:00,CLOSE_POSITION,2303.7513326313488,35651.858198147886
2025-05-21 04:00:00,OPEN_POSITION,-2142.3201591267066,33509.53803902118
2025-05-21 08:00:00,FUNDING_FEE,-0.6379470310309866,33508.90009199015
2025-05-21 08:00:00,CLOSE_POSITION,2173.785922090473,35682.686014080624
2025-05-21 08:00:00,OPEN_POSITION,-2144.1726025861044,33538.51341149452
2025-05-21 12:00:00,FUNDING_FEE,-0.6499735077915653,33537.86343798673
2025-05-21 12:00:00,CLOSE_POSITION,2214.5628886870204,35752.42632667375
2025-05-21 12:00:00,OPEN_POSITION,-2148.3632979698255,33604.063028703924
2025-05-21 16:00:00,FUNDING_FEE,-0.6297750027931016,33603.43325370113
2025-05-21 16:00:00,CLOSE_POSITION,2279.6834154567173,35883.11666915785
2025-05-21 16:00:00,OPEN_POSITION,-2156.2164806496953,33726.90018850815
2025-05-21 20:00:00,FUNDING_FEE,-0.6559660819718599,33726.24422242618
2025-05-22 04:00:00,FUNDING_FEE,-0.6776107557690146,33725.566611670416
2025-05-22 08:00:00,FUNDING_FEE,-0.6815461510048609,33724.88506551941
2025-05-22 12:00:00,FUNDING_FEE,-0.6851008674858673,33724.199964651925
2025-05-22 12:00:00,CLOSE_POSITION,2541.6091702223016,36265.809134874224
2025-05-22 12:00:00,OPEN_POSITION,-2179.212470914592,34086.59666395963
2025-05-22 16:00:00,FUNDING_FEE,-0.6455521801496305,34085.95111177948
2025-05-22 16:00:00,CLOSE_POSITION,2245.044629972761,36330.995741752246
2025-05-22 16:00:00,OPEN_POSITION,-2183.1295341218924,34147.86620763035
2025-05-22 20:00:00,FUNDING_FEE,-0.661331652603232,34147.204875977746
2025-05-23 00:00:00,FUNDING_FEE,-0.6755353916769451,34146.52934058607
2025-05-23 00:00:00,CLOSE_POSITION,2392.256750800796,36538.786091386864
2025-05-23 00:00:00,OPEN_POSITION,-2195.615656231437,34343.17043515543
2025-05-23 04:00:00,FUNDING_FEE,-0.6416867397841873,34342.52874841564
2025-05-23 16:00:00,FUNDING_FEE,-0.6187404363710909,34341.91000797927
2025-05-23 20:00:00,FUNDING_FEE,-0.6104325837606608,34341.29957539551
2025-05-23 20:00:00,CLOSE_POSITION,2661.930661407437,37003.23023680295
2025-05-23 20:00:00,OPEN_POSITION,-2223.5241049294896,34779.706131873456
2025-05-24 04:00:00,FUNDING_FEE,-0.6714385354665658,34779.03469333799
2025-05-24 16:00:00,FUNDING_FEE,-0.6734271702547526,34778.36126616774
2025-05-24 16:00:00,CLOSE_POSITION,2290.516938279897,37068.87820444764
2025-05-24 16:00:00,OPEN_POSITION,-2227.4688913052587,34841.40931314238
2025-05-24 20:00:00,FUNDING_FEE,-0.6609524144434676,34840.748360727936
2025-05-25 00:00:00,FUNDING_FEE,-0.656384516115305,34840.09197621182
2025-05-25 08:00:00,FUNDING_FEE,-0.6524098173984084,34839.43956639442
2025-05-25 08:00:00,CLOSE_POSITION,2369.170545996358,37208.61011239078
2025-05-25 12:00:00,OPEN_POSITION,-2235.8653816535616,34972.74473073722
2025-05-25 16:00:00,FUNDING_FEE,-0.673687388478805,34972.07104334874
2025-05-25 16:00:00,CLOSE_POSITION,2268.4722343587637,37240.543277707504
2025-05-25 16:00:00,OPEN_POSITION,-2237.7842455574437,35002.75903215006
2025-05-26 00:00:00,FUNDING_FEE,-0.6793871057396544,35002.07964504432
2025-05-26 04:00:00,FUNDING_FEE,-0.6847970799184333,35001.3948479644
2025-05-26 12:00:00,FUNDING_FEE,-0.6808922359454285,35000.71395572845
2025-05-26 16:00:00,FUNDING_FEE,-0.6742478957248772,35000.03970783273
2025-05-26 20:00:00,FUNDING_FEE,-0.6802100164341693,34999.359497816295
2025-05-26 20:00:00,CLOSE_POSITION,2132.2291722259374,37131.588670042234
2025-05-26 20:00:00,OPEN_POSITION,-2231.237163182838,34900.3515068594
2025-05-27 00:00:00,FUNDING_FEE,-0.6647143132000339,34899.6867925462
2025-05-27 00:00:00,CLOSE_POSITION,2188.02892002927,37087.71571257547
2025-05-27 04:00:00,OPEN_POSITION,-2228.60083716866,34859.114875406805
2025-05-27 08:00:00,FUNDING_FEE,-0.6791100119595105,34858.43576539485
2025-05-27 08:00:00,CLOSE_POSITION,2337.178684026252,37195.6144494211
2025-05-27 08:00:00,OPEN_POSITION,-2235.0844722657134,34960.529977155384
2025-05-27 12:00:00,FUNDING_FEE,-0.6734291536687872,34959.85654800171
2025-05-27 16:00:00,FUNDING_FEE,-0.6783218444675624,34959.178226157244
2025-05-27 20:00:00,FUNDING_FEE,-0.6715054021782471,34958.50672075507
2025-05-28 04:00:00,FUNDING_FEE,-0.6653226365610123,34957.84139811851
2025-05-28 08:00:00,FUNDING_FEE,-0.6705334279999556,34957.17086469051
2025-05-28 16:00:00,FUNDING_FEE,-0.6605915206905765,34956.51027316982
2025-05-28 16:00:00,CLOSE_POSITION,2317.729303351844,37274.239576521664
2025-05-28 16:00:00,OPEN_POSITION,-2239.8090561531867,35034.43052036848
2025-05-28 20:00:00,FUNDING_FEE,-0.6872929827893175,35033.74322738569
2025-05-28 20:00:00,CLOSE_POSITION,2396.584613796628,37430.32784118232
2025-05-28 20:00:00,OPEN_POSITION,-2249.188399976646,35181.139441205676
2025-05-29 00:00:00,FUNDING_FEE,-0.6942694621128479,35180.445171743566
2025-05-29 04:00:00,FUNDING_FEE,-0.6862133674510146,35179.758958376115
2025-05-29 08:00:00,FUNDING_FEE,-0.6824027466998946,35179.07655562941
2025-05-29 16:00:00,FUNDING_FEE,-0.665941166687306,35178.41061446273
2025-05-30 08:00:00,FUNDING_FEE,-0.6587371831301096,35177.7518772796
2025-05-30 08:00:00,CLOSE_POSITION,2392.613164667011,37570.365041946614
2025-05-30 08:00:00,OPEN_POSITION,-2257.6032353705723,35312.76180657604
2025-05-30 12:00:00,FUNDING_FEE,-0.6701559691976328,35312.09165060684
2025-05-30 12:00:00,CLOSE_POSITION,2189.7651070967454,37501.85675770359
2025-05-30 16:00:00,OPEN_POSITION,-2253.4865725704085,35248.37018513318
2025-05-30 20:00:00,FUNDING_FEE,-0.6635778161814849,35247.706607317
2025-05-30 20:00:00,CLOSE_POSITION,2132.237461809511,37379.94406912651
2025-05-31 08:00:00,OPEN_POSITION,-2246.1608391138125,35133.7832300127
2025-05-31 20:00:00,FUNDING_FEE,-0.6751044084204512,35133.108125604274
2025-05-31 20:00:00,CLOSE_POSITION,2262.075273867227,37395.1833994715
2025-06-01 08:00:00,OPEN_POSITION,-2247.0765704742425,35148.10682899725
2025-06-01 16:00:00,FUNDING_FEE,-0.6808763011028678,35147.425952696154
2025-06-01 20:00:00,FUNDING_FEE,-0.6843223288513992,35146.7416303673
2025-06-02 04:00:00,FUNDING_FEE,-0.6756641167226553,35146.06596625058
2025-06-02 08:00:00,FUNDING_FEE,-0.6687208292011616,35145.39724542138
2025-06-02 08:00:00,CLOSE_POSITION,2284.2921197155392,37429.68936513692
2025-06-02 08:00:00,OPEN_POSITION,-2249.1500339510776,35180.53933118584
2025-06-02 16:00:00,FUNDING_FEE,-0.6876381625717061,35179.85169302327
2025-06-02 16:00:00,CLOSE_POSITION,2381.3807110877706,37561.23240411104
2025-06-03 08:00:00,OPEN_POSITION,-2257.0544551630323,35304.17794894801
2025-06-03 16:00:00,FUNDING_FEE,-0.6823296215537578,35303.49561932646
2025-06-03 20:00:00,FUNDING_FEE,-0.6740090359607603,35302.8216102905
2025-06-04 08:00:00,FUNDING_FEE,-0.6822126133188563,35302.13939767718
2025-06-04 12:00:00,FUNDING_FEE,-0.6934454038694028,35301.44595227331
2025-06-04 16:00:00,FUNDING_FEE,-0.6818615886141517,35300.764090684694
2025-06-04 20:00:00,FUNDING_FEE,-0.677768900575596,35300.08632178412
2025-06-05 00:00:00,FUNDING_FEE,-0.6822880186257928,35299.404033765495
2025-06-05 08:00:00,FUNDING_FEE,-0.6777741009415917,35298.72625966455
2025-06-05 12:00:00,FUNDING_FEE,-0.6730157660555963,35298.053243898496
2025-06-05 12:00:00,CLOSE_POSITION,2281.1730376004093,37579.22628149891
2025-06-05 16:00:00,OPEN_POSITION,-2258.1357072552696,35321.09057424364
2025-06-05 20:00:00,FUNDING_FEE,-0.6456079205180679,35320.44496632312
2025-06-05 20:00:00,CLOSE_POSITION,1943.3440117982195,37263.78897812134
2025-06-06 04:00:00,OPEN_POSITION,-2239.1810796953114,35024.607898426024
2025-06-06 08:00:00,FUNDING_FEE,-0.6764193525337154,35023.93147907349
2025-06-06 08:00:00,CLOSE_POSITION,2175.7337326493007,37199.66521172279
2025-06-06 08:00:00,OPEN_POSITION,-2235.3278825724224,34964.337329150374
2025-06-06 12:00:00,FUNDING_FEE,-0.6786195442175816,34963.658709606156
2025-06-06 12:00:00,CLOSE_POSITION,2318.842519047992,37282.501228654146
2025-06-07 08:00:00,OPEN_POSITION,-2240.3054988298277,35042.19572982432
2025-06-07 20:00:00,FUNDING_FEE,-0.6789360781354276,35041.51679374619
2025-06-08 12:00:00,FUNDING_FEE,-0.6762428269100429,35040.84055091928
2025-06-08 16:00:00,FUNDING_FEE,-0.681123503955845,35040.159427415325
2025-06-08 16:00:00,CLOSE_POSITION,2133.159637798768,37173.31906521409
2025-06-08 16:00:00,OPEN_POSITION,-2233.744742628715,34939.57432258537
2025-06-08 20:00:00,FUNDING_FEE,-0.6629850067737063,34938.9113375786
2025-06-08 20:00:00,CLOSE_POSITION,2165.736854877503,37104.6481924561
2025-06-09 04:00:00,OPEN_POSITION,-2229.6183098846873,34875.02988257141
2025-06-09 12:00:00,FUNDING_FEE,-0.6792292724501817,34874.35065329896
2025-06-09 16:00:00,FUNDING_FEE,-0.6916903989852353,34873.65896289998
2025-06-10 04:00:00,FUNDING_FEE,-0.7177603521106476,34872.94120254787
2025-06-10 04:00:00,CLOSE_POSITION,2721.45693625119,37594.39813879906
2025-06-10 04:00:00,OPEN_POSITION,-2259.0473841604353,35335.350754638624
2025-06-10 08:00:00,FUNDING_FEE,-0.7010501936018826,35334.64970444502
2025-06-10 12:00:00,FUNDING_FEE,-0.6906443767873057,35333.959060068235
2025-06-10 12:00:00,CLOSE_POSITION,2112.75856355478,37446.717623623015
2025-06-10 16:00:00,OPEN_POSITION,-2250.173262003507,35196.54436161951
2025-06-10 20:00:00,FUNDING_FEE,-0.6844619373673214,35195.859899682146
2025-06-10 20:00:00,CLOSE_POSITION,2347.5909491516163,37543.45084883376
2025-06-11 04:00:00,OPEN_POSITION,-2255.9859615064206,35287.46488732734
2025-06-11 08:00:00,FUNDING_FEE,-0.6711717473368994,35286.79371558
2025-06-11 12:00:00,FUNDING_FEE,-0.6934947421154164,35286.100220837885
2025-06-11 16:00:00,FUNDING_FEE,-0.6808864512149133,35285.41933438667
2025-06-12 00:00:00,FUNDING_FEE,-0.6692757819489421,35284.750058604724
2025-06-12 00:00:00,CLOSE_POSITION,2314.324005320938,37599.07406392566
2025-06-13 12:00:00,OPEN_POSITION,-2259.328360501293,35339.74570342437
2025-06-13 16:00:00,FUNDING_FEE,-0.6704328335301151,35339.07527059084
2025-06-13 20:00:00,FUNDING_FEE,-0.684168807636237,35338.3911017832
2025-06-14 08:00:00,FUNDING_FEE,-0.6732644186095649,35337.71783736459
2025-06-14 08:00:00,CLOSE_POSITION,2217.388976331522,37555.10681369611
2025-06-14 08:00:00,OPEN_POSITION,-2256.6863684349996,35298.42044526111
2025-06-14 16:00:00,FUNDING_FEE,-0.6678144720726152,35297.75263078904
2025-06-14 16:00:00,CLOSE_POSITION,2331.7418422005526,37629.49447298959
2025-06-14 16:00:00,OPEN_POSITION,-2261.156322881944,35368.338150107644
2025-06-15 08:00:00,FUNDING_FEE,-0.6797307227211863,35367.65841938492
2025-06-15 08:00:00,CLOSE_POSITION,2278.369236839506,37646.027656224425
2025-06-15 08:00:00,OPEN_POSITION,-2262.1498018625257,35383.8778543619
2025-06-15 20:00:00,FUNDING_FEE,-0.6860153692360232,35383.19183899266
2025-06-16 00:00:00,FUNDING_FEE,-0.6917485084555016,35382.5000904842
2025-06-16 00:00:00,CLOSE_POSITION,2114.102810396569,37496.60290088077
2025-06-16 00:00:00,OPEN_POSITION,-2253.170868313925,35243.432032566845
2025-06-16 08:00:00,FUNDING_FEE,-0.6876116992579656,35242.74442086759
2025-06-16 08:00:00,CLOSE_POSITION,2373.086585977674,37615.83100684526
2025-06-16 08:00:00,OPEN_POSITION,-2260.3352852013318,35355.49572164393
2025-06-16 12:00:00,FUNDING_FEE,-0.6809805501653564,35354.81474109376
2025-06-16 16:00:00,FUNDING_FEE,-0.6883161699975353,35354.126424923765
2025-06-16 20:00:00,FUNDING_FEE,-0.6582696368246586,35353.46815528694
2025-06-17 00:00:00,FUNDING_FEE,-0.6746466540011566,35352.79350863294
2025-06-17 00:00:00,CLOSE_POSITION,2277.959668361291,37630.75317699423
2025-06-17 00:00:00,OPEN_POSITION,-2261.231958405583,35369.52121858865
2025-06-17 04:00:00,FUNDING_FEE,-0.6707889406647632,35368.85042964798
2025-06-17 04:00:00,CLOSE_POSITION,2188.845080705001,37557.69551035298
2025-06-17 04:00:00,OPEN_POSITION,-2256.841923217111,35300.853587135876
2025-06-17 08:00:00,FUNDING_FEE,-0.6682124775095346,35300.185374658366
2025-06-17 08:00:00,CLOSE_POSITION,2328.381085001823,37628.566459660186
2025-06-17 08:00:00,OPEN_POSITION,-2261.1005585609805,35367.4659010992
2025-06-17 12:00:00,FUNDING_FEE,-0.6631108412515795,35366.80279025795
2025-06-17 12:00:00,CLOSE_POSITION,2112.364883150314,37479.167673408265
2025-06-17 16:00:00,OPEN_POSITION,-2252.123185495103,35227.04448791316
2025-06-17 20:00:00,FUNDING_FEE,-0.6697930917443713,35226.37469482142
2025-06-18 04:00:00,FUNDING_FEE,-0.6760238741553468,35225.69867094726
2025-06-18 12:00:00,FUNDING_FEE,-0.6694860908972152,35225.029184856365
2025-06-18 16:00:00,FUNDING_FEE,-0.6650546004078324,35224.364130255955
2025-06-19 04:00:00,FUNDING_FEE,-0.6720809154488298,35223.692049340505
2025-06-19 04:00:00,CLOSE_POSITION,2219.94862910206,37443.64067844256
2025-06-19 08:00:00,OPEN_POSITION,-2249.988368367614,35193.65231007495
2025-06-19 16:00:00,FUNDING_FEE,-0.6668318499541742,35192.985478225
2025-06-20 00:00:00,FUNDING_FEE,-0.6701343689413901,35192.315343856055
2025-06-20 00:00:00,CLOSE_POSITION,2281.779401567607,37474.09474542366
2025-06-20 08:00:00,OPEN_POSITION,-2251.8183532525077,35222.27639217115
2025-06-20 12:00:00,FUNDING_FEE,-0.6596545189687274,35221.616737652184
2025-06-20 20:00:00,FUNDING_FEE,-0.6366185106351782,35220.980119141546
2025-06-20 20:00:00,CLOSE_POSITION,2624.414539996721,37845.39465913827
2025-06-20 20:00:00,OPEN_POSITION,-2274.129765067619,35571.26489407065
2025-06-21 04:00:00,FUNDING_FEE,-0.6869405940113661,35570.57795347664
2025-06-21 08:00:00,FUNDING_FEE,-0.6914151681984347,35569.88653830844
2025-06-21 12:00:00,FUNDING_FEE,-0.6860173590841607,35569.20052094936
2025-06-21 12:00:00,CLOSE_POSITION,2315.296144949594,37884.49666589895
2025-06-21 12:00:00,OPEN_POSITION,-2276.4794046538677,35608.017261245084
2025-06-21 16:00:00,FUNDING_FEE,-0.6711250384317242,35607.34613620665
2025-06-21 20:00:00,FUNDING_FEE,-0.6459608757210876,35606.70017533093
2025-06-22 08:00:00,FUNDING_FEE,-0.6395903085195919,35606.06058502241
2025-06-22 08:00:00,CLOSE_POSITION,2693.1781630772325,38299.23874809964
2025-06-22 16:00:00,OPEN_POSITION,-2301.401256373307,35997.837491726335
2025-06-23 00:00:00,FUNDING_FEE,-0.7054701671335531,35997.1320215592
2025-06-23 12:00:00,FUNDING_FEE,-0.7096640369389302,35996.42235752226
2025-06-23 12:00:00,CLOSE_POSITION,2497.183399432651,38493.60575695491
2025-06-23 12:00:00,OPEN_POSITION,-2313.0807699354204,36180.52498701949
2025-06-23 16:00:00,FUNDING_FEE,-0.7127417848551187,36179.812245234636
2025-06-23 16:00:00,CLOSE_POSITION,2107.4838241937173,38287.296069428354
2025-06-23 20:00:00,OPEN_POSITION,-2300.68362081195,35986.612448616404
2025-06-24 04:00:00,FUNDING_FEE,-0.6838532741947009,35985.92859534221
2025-06-24 08:00:00,FUNDING_FEE,-0.688573762848368,35985.24002157936
2025-06-24 16:00:00,FUNDING_FEE,-0.6956101787034102,35984.54441140066
2025-06-25 04:00:00,FUNDING_FEE,-0.6986237432345824,35983.845787657425
