trade_id,entry_time,exit_time,entry_price,exit_price,position_size,position_type,pnl,gross_pnl,commission,funding,prediction,actual,probability,liquidated,margin_used,unrealized_pnl,margin_loss_pct
1,2025-01-28 16:00:00,2025-01-28 20:00:00,3146.55,3075.96,-0.5720551079754016,Short,39.501560757019675,40.38137007198368,0.8798093149640082,0.17596186299280164,1.0,1.0,0.6648921105871284,False,600.0,40.38137007198368,0
2,2025-01-28 20:00:00,2025-01-29 04:00:00,3075.96,3155.64,0.5874317636773317,Long,45.87970134444433,46.806562929809694,0.9268615853653676,0.18537231707307353,0.0,0.0,0.2587844385060494,False,602.3055359336417,46.806562929809694,0
3,2025-01-29 04:00:00,2025-01-29 12:00:00,3155.64,3099.69,-0.5751435138805374,Short,31.287896302345786,32.17927960161597,0.8913832992701816,0.17827665985403632,1.0,1.0,0.6115338923804201,False,604.9819593806596,32.17927960161597,0
4,2025-01-29 12:00:00,2025-01-30 16:00:00,3099.69,3270.07,0.587268347280904,Long,99.09857670752406,100.05878100972049,0.960204302196433,0.19204086043928661,0.0,0.0,0.07190318401729377,False,606.7832744610484,100.05878100972049,0
5,2025-01-30 16:00:00,2025-01-31 04:00:00,3270.07,3239.99,-0.5620333814543198,Short,15.995472846357064,16.905964114146155,0.9104912677890908,0.18209825355781817,1.0,1.0,0.678908950925972,False,612.6294998974425,16.905964114146155,0
6,2025-01-31 04:00:00,2025-01-31 12:00:00,3239.99,3426.21,0.5680686236945087,Long,104.81257790479737,105.78573910439155,0.9731611995941815,0.1946322399188363,0.0,0.0,0.17002119494505108,False,613.5122200279905,105.78573910439155,0
7,2025-01-31 12:00:00,2025-02-02 00:00:00,3426.21,3076.48,-0.5426311139190083,Short,188.93968258622002,189.7743794708948,0.8346968846747753,0.16693937693495509,1.0,1.0,0.7683357121635328,False,619.7227162734818,189.7743794708948,0
8,2025-02-02 00:00:00,2025-02-02 04:00:00,3076.48,3099.88,0.6152557175740206,Long,13.443374344335462,14.39698379123214,0.9536094468966776,0.1907218893793355,0.0,0.0,0.2530388528269831,False,630.9406366673743,14.39698379123214,0
9,2025-02-02 04:00:00,2025-02-02 08:00:00,3099.88,3063.49,-0.6113259330916406,Short,21.30975526382155,22.246150705205004,0.9363954413834551,0.187279088276691,1.0,1.0,0.6959698242639694,False,631.6790111573716,22.246150705205004,0
10,2025-02-02 08:00:00,2025-02-02 12:00:00,3063.49,3079.48,0.6197730450730051,Long,8.95588164229679,9.910170990717498,0.954289348420709,0.1908578696841418,0.0,0.0,0.2333265564968845,False,632.8895086169001,9.910170990717498,0
11,2025-02-02 12:00:00,2025-02-03 00:00:00,3079.48,2525.33,-0.6170117519719056,Short,341.137983211428,341.91706235523156,0.7790791438036062,0.15581582876072123,1.0,1.0,0.7757977090188223,False,633.3584499874813,341.91706235523156,0
12,2025-02-03 00:00:00,2025-02-03 04:00:00,2525.33,2619.27,0.7766178798935591,Long,71.93839768006659,72.95548363720098,1.0170859571344013,0.20341719142688025,0.0,0.0,0.2972986512575395,False,653.7388102105339,72.95548363720098,0
13,2025-02-03 04:00:00,2025-02-03 08:00:00,2619.27,2579.43,-0.7536268569642685,Short,29.052530119626894,30.024493981456565,0.9719638618296714,0.19439277236593427,1.0,1.0,0.917396140717155,False,657.9840725469331,30.024493981456565,0
14,2025-02-03 08:00:00,2025-02-03 20:00:00,2579.43,2878.69,0.7672117586690543,Long,228.49150849051986,229.59579089930136,1.10428240878151,0.22085648175630201,0.0,0.0,0.2531987902700414,False,659.6563422212396,229.59579089930136,0
15,2025-02-03 20:00:00,2025-02-04 04:00:00,2878.69,2702.36,-0.7016400589481134,Short,122.77214957947129,123.7201915943208,0.9480420148495119,0.1896084029699024,1.0,1.0,0.850181916192991,False,673.2680737644482,123.7201915943208,0
16,2025-02-04 04:00:00,2025-02-04 16:00:00,2702.36,2768.85,0.7555069697213319,Long,49.18771568021474,50.23365841677119,1.045942736556455,0.209188547311291,0.0,0.0,0.3860907478790046,False,680.5506048987129,50.23365841677119,0
17,2025-02-04 16:00:00,2025-02-05 00:00:00,2768.85,2718.95,-0.740468681513197,Short,35.94273854670845,36.9493872075086,1.0066486608001535,0.2013297321600307,1.0,1.0,0.7321850587919057,False,683.4155696026053,36.9493872075086,0
18,2025-02-05 00:00:00,2025-02-05 08:00:00,2718.95,2798.58,0.7563565494733784,Long,59.1703098784526,60.2286720345652,1.0583621561126035,0.21167243122252072,0.0,0.0,0.3663557026921887,False,685.498546730214,60.2286720345652,0
19,2025-02-05 08:00:00,2025-02-05 20:00:00,2798.58,2787.0,-0.7385479634116351,Short,7.523218829292567,8.55238541630668,1.0291665870141136,0.2058333174028227,1.0,1.0,0.6849475271222569,False,688.9618531481779,8.55238541630668,0
20,2025-02-05 20:00:00,2025-02-06 04:00:00,2787.0,2830.41,0.7420224862347771,Long,31.161082194819677,32.211196127451565,1.0501139326318876,0.21002278652637751,0.0,0.0,0.3375917262466532,False,689.3388897121079,32.211196127451565,0
21,2025-02-06 04:00:00,2025-02-06 20:00:00,2830.41,2685.25,-0.732531425250644,Short,105.35074668455623,106.33426168938337,0.9835150048271458,0.19670300096542917,1.0,1.0,0.7914466955201807,False,691.1214237812251,106.33426168938337,0
22,2025-02-06 20:00:00,2025-02-07 08:00:00,2685.25,2761.34,0.7790830623359851,Long,58.204773601469796,59.28043021314522,1.0756566116754245,0.21513132233508492,0.0,0.0,0.34156404072568847,False,697.3442643792348,59.28043021314522,0
23,2025-02-07 08:00:00,2025-02-07 20:00:00,2761.34,2620.66,-0.761313209987357,Short,106.10397084257887,107.1015423810216,0.9975715384427334,0.1995143076885467,1.0,1.0,0.8310748180611666,False,700.7482064221629,107.1015423810216,0
24,2025-02-07 20:00:00,2025-02-08 04:00:00,2620.66,2628.33,0.8093550934526071,Long,5.14412743039441,6.207753566781555,1.0636261363871453,0.2127252272774291,0.0,0.0,0.34569309666065023,False,707.0148397358364,6.207753566781555,0
25,2025-02-08 04:00:00,2025-02-08 12:00:00,2628.33,2604.06,-0.8072583266170315,Short,18.541085027990167,19.59215958699534,1.0510745590051733,0.2102149118010347,1.0,1.0,0.8426912962915175,False,707.2470925324474,19.59215958699534,0
26,2025-02-08 12:00:00,2025-02-09 00:00:00,2604.06,2677.16,0.8159757753290142,Long,58.555580323210954,59.647829176550864,1.092248853339912,0.21844977066798238,0.0,0.0,0.1831810146902088,False,708.2832925010908,59.647829176550864,0
27,2025-02-09 00:00:00,2025-02-10 04:00:00,2677.16,2636.0,-0.7975319673384716,Short,31.77526864269927,32.82641577565138,1.0511471329521058,0.21022942659042115,1.0,1.0,0.6694026068232214,False,711.7068938932875,32.82641577565138,0
28,2025-02-10 04:00:00,2025-02-11 08:00:00,2636.0,2707.32,0.8120531707827847,Long,56.81638824506651,57.91563214022834,1.0992438951618244,0.21984877903236488,0.0,0.0,0.1504252659002808,False,713.5240527278067,57.91563214022834,0
29,2025-02-11 08:00:00,2025-02-12 00:00:00,2707.32,2586.01,-0.794309509431871,Short,95.33064042193726,96.35768658918022,1.0270461672429565,0.2054092334485913,1.0,1.0,0.7940220579401118,False,716.8166736916977,96.35768658918022,0
30,2025-02-12 00:00:00,2025-02-12 08:00:00,2586.01,2625.94,0.838087936880016,Long,32.36446700113355,33.4648513196189,1.1003843184853548,0.22007686369707094,0.0,0.0,0.3761160353634359,False,722.4345952170302,33.4648513196189,0
31,2025-02-12 08:00:00,2025-02-12 12:00:00,2625.94,2605.99,-0.8274731024071839,Short,15.429895077952496,16.508088393023545,1.0781933150710483,0.21563866301420967,1.0,1.0,0.6607148138209245,False,724.2982395117068,16.508088393023545,0
32,2025-02-12 12:00:00,2025-02-13 00:00:00,2605.99,2743.54,0.8347836039912436,Long,113.67935362454864,114.82448472899571,1.1451311044470682,0.22902622088941368,0.0,0.0,0.08090628780314373,False,725.145908055047,114.82448472899571,0
33,2025-02-13 00:00:00,2025-02-13 16:00:00,2743.54,2639.75,-0.8002882284440703,Short,82.00563480469242,83.06191523021003,1.0562804255176172,0.21125608510352345,1.0,1.0,0.6895912386942865,False,731.874255421815,83.06191523021003,0
34,2025-02-13 16:00:00,2025-02-14 00:00:00,2639.75,2714.0,0.8372419890554761,Long,61.02908030822082,62.1652176873691,1.1361373791482812,0.22722747582965622,0.0,0.0,0.24353689264273112,False,736.7031802030643,62.1652176873691,0
35,2025-02-14 00:00:00,2025-02-14 08:00:00,2714.0,2684.0,-0.8182810089507614,Short,23.45029715451092,24.548430268522843,1.098133114011922,0.21962662280238437,0.0,1.0,0.4762720009228428,False,740.2715527641221,24.548430268522843,0
36,2025-02-15 00:00:00,2025-02-16 04:00:00,2723.21,2694.39,-0.8169610741257227,Short,22.44421228204666,23.544818156303464,1.100605874256803,0.2201211748513606,1.0,1.0,0.7193584560094732,False,741.5855222233031,23.544818156303464,0
37,2025-02-16 04:00:00,2025-02-16 08:00:00,2694.39,2709.75,0.8270951380670145,Long,11.583570795520902,12.704181320709448,1.1206105251885463,0.22412210503770927,0.0,0.0,0.2239759974045667,False,742.8389563521278,12.704181320709448,0
38,2025-02-16 08:00:00,2025-02-17 04:00:00,2709.75,2680.47,-0.8230873709022807,Short,22.996867717477723,24.099998220018943,1.103130502541218,0.2206261005082436,1.0,1.0,0.7687375963682114,False,743.4536677674851,24.099998220018943,0
39,2025-02-17 04:00:00,2025-02-17 12:00:00,2680.47,2754.74,0.8335180974936987,Long,60.75732627891209,61.905389100856986,1.1480628219448956,0.22961256438897915,0.0,0.0,0.22282373306682707,False,744.7400849296447,61.905389100856986,0
40,2025-02-17 12:00:00,2025-02-17 16:00:00,2754.74,2716.38,-0.8149277839050573,Short,30.15380302377572,31.26062979059773,1.10682676682201,0.221365353364402,1.0,1.0,0.7815500747006481,False,748.3047211448725,31.26062979059773,0
41,2025-02-17 16:00:00,2025-02-17 20:00:00,2716.38,2743.0,0.8283450621564664,Long,20.91447030185745,22.050545554605044,1.1360752527475937,0.22721505054951874,0.0,0.0,0.18237634471891098,False,750.033319980194,22.050545554605044,0
42,2025-02-17 20:00:00,2025-02-18 16:00:00,2743.0,2628.8,-0.8215899223074821,Short,92.74567133363334,93.8255691275143,1.0798977938809544,0.21597955877619088,1.0,1.0,0.8498448107185965,False,751.2070522964743,93.8255691275143,0
43,2025-02-18 16:00:00,2025-02-19 08:00:00,2628.8,2725.99,0.8635096114000017,Long,82.74753984917567,83.92449913196582,1.1769592827901452,0.23539185655802905,0.0,0.0,0.2386733832758605,False,756.6646888161082,83.92449913196582,0
44,2025-02-19 08:00:00,2025-02-19 12:00:00,2725.99,2695.59,-0.8380502174578209,Short,24.34720671787889,25.476726610717453,1.129519892838564,0.2259039785677128,1.0,1.0,0.723737505062608,False,761.5055040959484,25.476726610717453,0
45,2025-02-19 12:00:00,2025-02-20 08:00:00,2695.59,2739.35,0.8490359217443363,Long,35.99090865941678,37.153811935531955,1.1629032761151739,0.23258065522303478,0.0,0.0,0.15384025780351,False,762.8842467649384,37.153811935531955,0
46,2025-02-20 08:00:00,2025-02-20 12:00:00,2739.35,2711.25,-0.8377322293862178,Short,22.40462489229095,23.540275645752644,1.1356507534616915,0.2271301506923383,1.0,1.0,0.7496671199372342,False,764.9472608563786,23.540275645752644,0
47,2025-02-20 12:00:00,2025-02-21 08:00:00,2711.25,2787.2,0.847810860622293,Long,63.20972564889977,64.391234864263,1.1815092153632274,0.2363018430726455,0.0,0.0,0.19403297595683167,False,766.2090652873974,64.391234864263,0
48,2025-02-21 08:00:00,2025-02-21 16:00:00,2787.2,2638.47,-0.8286859546898827,Short,122.15723052559096,123.25046204102627,1.0932315154353074,0.21864630308706148,1.0,1.0,0.8150800852861062,False,769.9044976372136,123.25046204102627,0
49,2025-02-21 16:00:00,2025-02-23 04:00:00,2638.47,2823.64,0.8836234476159316,Long,162.373036539229,163.62055379504213,1.2475172558131244,0.2495034511626249,0.0,0.0,0.10567505344707316,False,777.1379859437357,163.62055379504213,0
50,2025-02-23 04:00:00,2025-02-23 12:00:00,2823.64,2781.75,-0.8358914303114064,Short,33.852871522610336,35.01549201574471,1.1626204931343775,0.2325240986268755,1.0,1.0,0.6186670746650167,False,786.7521594281666,35.01549201574471,0
51,2025-02-23 12:00:00,2025-02-23 20:00:00,2781.75,2818.54,0.8505630062638726,Long,30.093540072610352,31.29221300044784,1.198672927837488,0.23973458556749758,0.0,0.0,0.1226027084260049,False,788.6845475581758,31.29221300044784,0
52,2025-02-23 20:00:00,2025-02-25 04:00:00,2818.54,2366.83,-0.8412917265088852,Short,379.024288532802,380.0198857813285,0.9955972485265123,0.19911944970530246,1.0,1.0,0.7970885854479111,False,790.4047942781178,380.0198857813285,0
53,2025-02-25 04:00:00,2025-02-25 08:00:00,2366.83,2432.39,1.030471794793323,Long,66.30447622218153,67.5577308666502,1.2532546444686654,0.2506509288937331,0.0,0.0,0.47548666220789115,False,812.9838526902269,67.5577308666502,0
54,2025-02-25 12:00:00,2025-02-26 04:00:00,2408.99,2482.67,1.0172818239109527,Long,73.69053725287479,74.95332478575929,1.2627875328845026,0.2525575065769005,0.0,0.0,0.2842677223455449,False,816.8739136610819,74.95332478575929,0
55,2025-02-26 04:00:00,2025-02-26 16:00:00,2482.67,2295.46,-0.9923085969640735,Short,184.63119009165064,185.77009243764422,1.138902345993576,0.22778046919871522,1.0,1.0,0.6644663524809539,False,821.1915948082653,185.77009243764422,0
56,2025-02-26 16:00:00,2025-02-27 08:00:00,2295.46,2352.76,1.0875634113592665,Long,61.03799562503136,62.31738347088617,1.279387845854814,0.2558775691709628,0.0,0.0,0.28140260621764,False,832.1527694129139,62.31738347088617,0
57,2025-02-27 08:00:00,2025-02-27 16:00:00,2352.76,2291.2,-1.0656117819325726,Short,64.37829643838764,65.59906129576959,1.220764857381955,0.244152971476391,1.0,1.0,0.7073031025014317,False,835.7095920198933,65.59906129576959,0
58,2025-02-27 16:00:00,2025-02-27 20:00:00,2291.2,2306.66,1.099163205240013,Long,15.725365253511178,16.99306315301064,1.2676978994994643,0.25353957989989284,0.0,0.0,0.23918045975999894,False,839.4675786153059,16.99306315301064,0
59,2025-02-27 20:00:00,2025-02-28 04:00:00,2306.66,2104.89,-1.0929053298799745,Short,219.36528565997688,220.51550840988241,1.1502227499055295,0.23004454998110593,1.0,1.0,0.8163557831287284,False,840.3203360736471,220.51550840988241,0
60,2025-02-28 04:00:00,2025-03-01 00:00:00,2104.89,2261.69,1.216280299833852,Long,189.3373265182826,190.7127510139482,1.3754244956656123,0.27508489913312245,0.0,0.0,0.1866638185454459,False,853.3787467724255,190.7127510139482,0
61,2025-03-01 00:00:00,2025-03-01 12:00:00,2261.69,2172.34,-1.1468598944428885,Short,101.22624675692495,102.47193156847199,1.2456848115470323,0.24913696230940646,1.0,1.0,0.6777282259575792,False,864.6138515541788,102.47193156847199,0
62,2025-03-01 12:00:00,2025-03-02 20:00:00,2172.34,2517.12,1.2022486910092587,Long,412.9982015736153,414.5113036861719,1.5131021125566126,0.30262042251132254,0.0,0.0,0.09316644652949903,False,870.564307142351,414.5113036861719,0
63,2025-03-02 20:00:00,2025-03-03 16:00:00,2517.12,2108.27,-1.0669308625591043,Short,435.089993992486,436.2146831572897,1.1246891648037416,0.22493783296074832,1.0,1.0,0.7779848513247751,False,895.1976709215909,436.2146831572897,0
64,2025-03-03 16:00:00,2025-03-03 20:00:00,2108.27,2148.22,1.3107643691552409,Long,50.9571314311983,52.365036547751636,1.4079051165533356,0.28158102331066714,0.0,0.0,0.40127640973104145,False,921.1483988529733,52.365036547751636,0
65,2025-03-03 20:00:00,2025-03-04 04:00:00,2148.22,2079.67,-1.2905187017924837,Short,87.12313049359602,88.4650570078744,1.3419265142783874,0.2683853028556775,1.0,1.0,0.8714536493166396,False,924.1060285215498,88.4650570078744,0
66,2025-03-04 04:00:00,2025-03-04 08:00:00,2079.67,2100.37,1.3404542216175073,Long,26.339677470752775,27.747402387482158,1.407724916729382,0.2815449833458764,0.0,0.0,0.3261096577986582,False,929.2341436904271,27.747402387482158,0
67,2025-03-04 08:00:00,2025-03-04 12:00:00,2100.37,2073.79,-1.3293572093013224,Short,33.95591077969056,35.334314623229055,1.3784038435384947,0.2756807687076989,1.0,1.0,0.7923799245983465,False,930.7140005667395,35.334314623229055,0
68,2025-03-04 12:00:00,2025-03-05 08:00:00,2073.79,2216.6,1.3491979179772506,Long,191.1836386138369,192.6789546663311,1.4953160524941869,0.2990632104988374,0.0,0.0,0.23816018866636976,False,932.6510501073475,192.6789546663311,0
69,2025-03-05 08:00:00,2025-03-05 12:00:00,2216.6,2185.61,-1.2776360681141081,Short,38.19773466744049,39.59394175085593,1.396207083415438,0.2792414166830876,1.0,1.0,0.7053145015568699,False,944.0027028605773,39.59394175085593,0
70,2025-03-05 12:00:00,2025-03-06 08:00:00,2185.61,2296.74,1.298758038550837,Long,142.83952605542345,144.33098082415407,1.4914547687306248,0.29829095374612496,0.0,0.0,0.11766934934770513,False,946.1928522123651,144.33098082415407,0
71,2025-03-06 08:00:00,2025-03-07 00:00:00,2296.74,2147.21,-1.2469077356730793,Short,185.11142733563796,186.45011371519524,1.3386863795572963,0.2677372759114593,1.0,1.0,0.7237066122363158,False,954.607624276596,186.45011371519524,0
72,2025-03-07 00:00:00,2025-03-07 12:00:00,2147.21,2208.94,1.3490701616184388,Long,81.78809355530353,83.27810107670625,1.4900075214027173,0.29800150428054345,0.0,0.0,0.41857696612686407,False,965.5789805762427,83.27810107670625,0
73,2025-03-07 12:00:00,2025-03-08 08:00:00,2208.94,2140.89,-1.3178678955391983,Short,88.27020519200222,89.68091029144269,1.4107050994404569,0.2821410198880914,1.0,1.0,0.8673569460517478,False,970.3637030574521,89.68091029144269,0
74,2025-03-08 08:00:00,2025-03-08 16:00:00,2140.89,2223.73,1.3670087250643395,Long,111.7230736282364,113.24300278433007,1.5199291560936619,0.30398583121873235,0.0,0.0,0.3447835260033596,False,975.5384364676646,113.24300278433007,0
75,2025-03-08 16:00:00,2025-03-09 20:00:00,2223.73,2019.2,-1.324960178761682,Short,269.656425565649,270.9941053621268,1.3376797964777942,0.26753595929555885,1.0,1.0,0.7375116391782877,False,982.1178994392384,270.9941053621268,0
76,2025-03-09 20:00:00,2025-03-10 08:00:00,2019.2,2127.13,1.4829259650660935,Long,158.47501125554805,160.05219940958358,1.57718815403552,0.31543763080710396,0.0,0.0,0.262498997357618,False,998.1080362204855,160.05219940958358,0
77,2025-03-10 08:00:00,2025-03-10 20:00:00,2127.13,1864.51,-1.420887804131091,Short,371.8289253610671,373.1535551209073,1.3246297598402303,0.2649259519680461,1.0,0.0,0.5168871852269903,False,1007.4710249337892,373.1535551209073,0
78,2025-03-11 00:00:00,2025-03-11 16:00:00,1848.96,1950.66,1.670653227231209,Long,168.2759949972986,169.905433209414,1.6294382121154152,0.32588764242308305,0.0,0.0,0.2219991512471507,False,1029.6569970071387,169.905433209414,0
79,2025-03-11 16:00:00,2025-03-12 00:00:00,1950.66,1867.95,-1.598848199264719,Short,130.7474503142767,132.24073456118498,1.4932842469082659,0.2986568493816532,1.0,1.0,0.7917608810618189,False,1039.6030761259055,132.24073456118498,0
80,2025-03-12 00:00:00,2025-03-12 08:00:00,1867.95,1915.83,1.6820332380755314,Long,78.92450656980512,80.53575143905624,1.6112448692511225,0.3222489738502245,0.0,0.0,0.27305622717403305,False,1047.3179956877295,80.53575143905624,0
81,2025-03-12 08:00:00,2025-03-12 16:00:00,1915.83,1877.19,-1.647233636372551,Short,62.10302245450407,63.649107709435164,1.5460852549310946,0.30921705098621893,1.0,1.0,0.7576260175419469,False,1051.9398725238748,63.649107709435164,0
82,2025-03-12 16:00:00,2025-03-12 20:00:00,1877.19,1907.24,1.6869142062224265,Long,49.083096771646005,50.69177189698384,1.6086751253378304,0.3217350250675661,0.0,0.0,0.32787693587943423,False,1055.552826259559,50.69177189698384,0
83,2025-03-12 20:00:00,2025-03-13 04:00:00,1907.24,1871.21,-1.6647881360657133,Short,58.424732438403844,59.982316542447606,1.5575841040437617,0.31151682080875237,1.0,1.0,0.6240680050674919,False,1058.3835082099904,59.982316542447606,0
84,2025-03-13 04:00:00,2025-03-13 08:00:00,1871.21,1899.63,1.702250748481974,Long,46.76114297718841,48.37796627185782,1.6168232946694063,0.3233646589338813,0.0,0.0,0.466663559973862,False,1061.756207688985,48.37796627185782,0
85,2025-03-13 12:00:00,2025-03-13 16:00:00,1874.72,1850.95,-1.7033694359627916,Short,38.91266566408786,40.48909149283553,1.5764258287476647,0.3152851657495329,1.0,1.0,0.84215959133241,False,1064.4469163293882,40.48909149283553,0
86,2025-03-13 16:00:00,2025-03-14 16:00:00,1850.95,1933.29,1.728842419736058,Long,140.6817079602411,142.35288484106687,1.6711768808257617,0.3342353761651523,0.0,0.0,0.33956917428441646,False,1066.6669589368187,142.35288484106687,0
87,2025-03-14 16:00:00,2025-03-15 04:00:00,1933.29,1916.86,-1.6680365923408773,Short,25.807144900963454,27.40584121216072,1.5986963111972672,0.3197392622394534,1.0,1.0,0.8210704260178533,False,1074.9328212022315,27.40584121216072,0
88,2025-03-15 04:00:00,2025-03-16 04:00:00,1916.86,1925.21,1.6845757983159646,Long,12.444626829600596,14.066207915938534,1.6215810863379392,0.3243162172675878,0.0,0.0,0.2814933772236591,False,1076.3653215866466,14.066207915938534,0
89,2025-03-16 04:00:00,2025-03-16 08:00:00,1925.21,1872.61,-1.6782517242448003,Short,86.7046852146077,88.27604069527672,1.5713554806690277,0.31427109613380555,1.0,1.0,0.7322019477915978,False,1076.995667344444,88.27604069527672,0
90,2025-03-16 08:00:00,2025-03-16 12:00:00,1872.61,1894.22,1.7335411472460762,Long,35.8199700360197,37.46182419198793,1.6418541559682314,0.32837083119364624,0.0,0.0,0.28779929962478745,False,1082.0821625814915,37.46182419198793,0
91,2025-03-16 12:00:00,2025-03-16 20:00:00,1894.22,1885.97,-1.7169826173398262,Short,12.54601773964137,14.165106593053565,1.6190888534121959,0.3238177706824392,1.0,1.0,0.7460339235145624,False,1084.1142711391485,14.165106593053565,0
92,2025-03-16 20:00:00,2025-03-17 04:00:00,1885.97,1900.13,1.7255046997346994,Long,22.793804925690036,24.433146548243485,1.6393416225534472,0.3278683245106895,1.0,1.0,0.5432066465926637,False,1084.7500328528838,24.433146548243485,0
93,2025-03-17 12:00:00,2025-03-17 16:00:00,1918.49,1941.24,1.6982111372162445,Long,36.98598567766473,38.63430337166956,1.6483176940048314,0.32966353880096627,0.0,0.0,0.28023004996189604,False,1086.0003615459975,38.63430337166956,0
94,2025-03-17 16:00:00,2025-03-18 12:00:00,1941.24,1879.97,-1.681557150339665,Short,101.44836810334921,103.02900660131124,1.58063849796203,0.316127699592406,1.0,1.0,0.7593265938697311,False,1088.1020008417904,103.02900660131124,0
95,2025-03-18 12:00:00,2025-03-19 12:00:00,1879.97,2047.87,1.745795336038551,Long,291.33145597346584,293.1190369208725,1.7875809474066338,0.35751618948132674,0.0,0.0,0.2636126734303883,False,1094.0142859641317,293.1190369208725,0
96,2025-03-19 12:00:00,2025-03-19 16:00:00,2047.87,2029.91,-1.6280030384449165,Short,27.586584746585526,29.238934570470388,1.6523498238848602,0.33046996477697205,1.0,1.0,0.5965679394794817,False,1111.3128607800636,29.238934570470388,0
97,2025-03-19 16:00:00,2025-03-19 20:00:00,2029.91,2055.21,1.644676181962996,Long,39.92022993569764,41.610307403663725,1.6900774679660846,0.338015493593217,0.0,0.0,0.25387797205666734,False,1112.8482095095017,41.610307403663725,0
98,2025-03-19 20:00:00,2025-03-21 12:00:00,2055.21,1949.63,-1.627750428477633,Short,170.27113470473196,171.85789023866838,1.5867555339364239,0.3173511067872848,1.0,1.0,0.7057007900718202,False,1115.122986037172,171.85789023866838,0
99,2025-03-21 12:00:00,2025-03-22 16:00:00,1949.63,1994.99,1.731286330084433,Long,76.80419847480213,78.53114793262971,1.7269494578275715,0.3453898915655143,0.0,0.0,0.2915325535032318,False,1125.1225892408377,78.53114793262971,0
100,2025-03-22 16:00:00,2025-03-22 20:00:00,1994.99,1979.56,-1.6986377578293155,Short,24.528702923362147,26.209980603306445,1.6812776799442997,0.33625553598886,1.0,1.0,0.6827039447278959,False,1129.5884468306353,26.209980603306445,0
101,2025-03-22 20:00:00,2025-03-23 12:00:00,1979.56,2006.21,1.7139237972786825,Long,43.95682366680781,45.67606919747704,1.7192455306692327,0.34384910613384656,0.0,0.0,0.1191775851583647,False,1130.938330713663,45.67606919747704,0
102,2025-03-23 12:00:00,2025-03-24 00:00:00,2006.21,2013.49,-1.6949172689861072,Short,-14.045347204184232,-12.338997718218813,1.7063494859654187,0.34126989719308376,1.0,1.0,0.7161813987183185,False,1133.4533247375393,-12.338997718218813,0
103,2025-03-24 00:00:00,2025-03-24 20:00:00,2013.49,2080.41,1.6873509929210926,Long,111.16233750668776,112.91752844627925,1.755190939591485,0.351038187918297,0.0,0.0,0.16139272811174127,False,1132.4881169122302,112.91752844627925,0
104,2025-03-24 20:00:00,2025-03-25 00:00:00,2080.41,2042.26,-1.6424847931869935,Short,60.98360436321654,62.66079486008358,1.6771904968670346,0.33543809937340696,1.0,1.0,0.5786624412950675,False,1139.0139295313843,62.66079486008358,0
105,2025-03-25 00:00:00,2025-03-25 20:00:00,2042.26,2065.22,1.6783616800802408,Long,36.802091120174346,38.535184174642005,1.7330930544676573,0.34661861089353146,0.0,0.0,0.23587243261253832,False,1142.5503082535574,38.535184174642005,0
106,2025-03-25 20:00:00,2025-03-26 00:00:00,2065.22,2048.08,-1.6627005087461242,Short,26.796014890931975,28.498686719908356,1.702671828976381,0.34053436579527624,0.0,1.0,0.47257082764223846,False,1144.61411489089,28.498686719908356,0
107,2025-03-26 08:00:00,2025-03-26 20:00:00,2067.44,2008.69,-1.6630689574334319,Short,96.03500625716063,97.70530124921412,1.6702949920534802,0.33405899841069603,1.0,1.0,0.7906370701837148,False,1146.0984284520582,97.70530124921412,0
108,2025-03-26 20:00:00,2025-03-27 04:00:00,2008.69,2025.44,1.720102058172513,Long,27.06972771803713,28.811709474389595,1.7419817563524675,0.3483963512704935,0.0,0.0,0.33750362109711335,False,1151.717267743515,28.811709474389595,0
109,2025-03-27 04:00:00,2025-03-28 16:00:00,2025.44,1873.34,-1.7080983288639864,Short,258.20183135851556,259.8017558202126,1.59992446169703,0.319984892339406,1.0,1.0,0.8884302224618484,False,1153.2168930714242,259.8017558202126,0
110,2025-03-28 16:00:00,2025-03-29 00:00:00,1873.34,1898.95,1.8712660413648892,Long,46.146402994730124,47.92312331935505,1.7767203246249283,0.35534406492498566,0.0,0.0,0.22750339129257258,False,1168.5058419768338,47.92312331935505,0
111,2025-03-29 00:00:00,2025-03-31 04:00:00,1898.95,1797.91,-1.8502037546857641,Short,185.28133745715598,186.94458737344954,1.6632499162935412,0.33264998325870826,1.0,1.0,0.8752533549636963,False,1171.148139986844,186.94458737344954,0
112,2025-03-31 04:00:00,2025-03-31 12:00:00,1797.91,1841.37,1.9723867840941394,Long,83.90398271041721,85.71992963673092,1.8159469263137127,0.3631893852627425,0.0,0.0,0.3665788489523396,False,1182.0579743302314,85.71992963673092,0
113,2025-03-31 12:00:00,2025-03-31 20:00:00,1841.37,1821.59,-1.9337926436877233,Short,36.48912982123555,38.25041849214311,1.76128867090756,0.352257734181512,1.0,1.0,0.7969758677951869,False,1186.9425867690877,38.25041849214311,0
114,2025-03-31 20:00:00,2025-04-01 20:00:00,1821.59,1904.21,1.9581859379907143,Long,159.92092357430238,161.78532219679303,1.8643986224906492,0.37287972449812984,0.0,0.0,0.19799532316457777,False,1189.0039742615018,161.78532219679303,0
115,2025-04-01 20:00:00,2025-04-02 08:00:00,1904.21,1868.05,-1.8880686872388652,Short,66.50906037495925,68.27256373055752,1.763503355598281,0.35270067111965625,1.0,1.0,0.6866252868382724,False,1198.4264249757066,68.27256373055752,0
116,2025-04-02 08:00:00,2025-04-02 16:00:00,1868.05,1910.56,1.930783495242058,Long,80.23316752540502,82.07760638273986,1.8444388573348331,0.3688877714669666,0.0,0.0,0.4042357995550961,False,1202.2667027623088,82.07760638273986,0
117,2025-04-02 16:00:00,2025-04-02 20:00:00,1910.56,1794.1,-1.8951433248416605,Short,219.00835329151064,220.70839161105985,1.7000383195492115,0.3400076639098423,1.0,1.0,0.6912444221002095,False,1206.9283435698276,220.70839161105985,0
118,2025-04-02 20:00:00,2025-04-03 00:00:00,1794.1,1823.75,2.039919437193962,Long,58.62345977600992,60.483611312801166,1.8601515367912445,0.3720303073582489,0.0,0.0,0.3026255715794906,False,1219.9398207565625,60.483611312801166,0
119,2025-04-03 00:00:00,2025-04-03 16:00:00,1823.75,1786.53,-2.0123236933913318,Short,73.10114954404821,74.89868786802542,1.797538323977208,0.3595076647954416,1.0,1.0,0.7240423058212027,False,1223.3251119408137,74.89868786802542,0
120,2025-04-03 16:00:00,2025-04-03 20:00:00,1786.53,1816.48,2.0613187644588544,Long,59.864324840910676,61.73649699554279,1.8721721546321102,0.37443443092642203,0.0,0.0,0.3647671543953238,False,1227.5359374228922,61.73649699554279,0
121,2025-04-03 20:00:00,2025-04-04 00:00:00,1816.48,1792.13,-2.033044436404128,Short,47.68289206353386,49.504632026440326,1.8217399629064648,0.36434799258129297,1.0,1.0,0.5805513447852373,False,1230.9948526131232,49.504632026440326,0
122,2025-04-04 00:00:00,2025-04-04 04:00:00,1792.13,1816.88,2.0652349590498096,Long,49.238423190283584,51.11456523648279,1.876142046199209,0.37522840923984185,0.0,0.0,0.4545479886163017,False,1233.723175720645,51.11456523648279,0
123,2025-04-04 08:00:00,2025-04-05 08:00:00,1783.16,1806.6,2.080369566928979,Long,46.88466481900796,48.76386264881491,1.8791978298069467,0.37583956596138934,0.0,0.0,0.45410727223703484,False,1236.5439323216929,48.76386264881491,0
124,2025-04-05 16:00:00,2025-04-06 00:00:00,1781.33,1809.11,2.0869812565638703,Long,56.08854997681313,57.97633930734426,1.8877893305311315,0.3775578661062263,0.0,0.0,0.2469936492302983,False,1239.2007739183064,57.97633930734426,0
125,2025-04-06 00:00:00,2025-04-07 04:00:00,1809.11,1459.52,-2.060292473164091,Short,718.7541266582182,720.2576456934344,1.5035190352162269,0.3007038070432454,1.0,1.0,0.8249869789241533,False,1242.431905375296,720.2576456934344,0
126,2025-04-07 04:00:00,2025-04-07 12:00:00,1459.52,1555.54,2.641946840731629,Long,251.62490865273514,253.679735647051,2.0548269943158393,0.4109653988631679,0.0,0.0,0.27764128699328894,False,1285.3247509948758,253.679735647051,0
127,2025-04-07 12:00:00,2025-04-07 16:00:00,1555.54,1544.56,-2.507666297456136,Short,25.597555417868996,27.53417594606842,1.9366205281994249,0.387324105639885,1.0,1.0,0.8604845517251904,False,1300.2584107816392,27.53417594606842,0
128,2025-04-07 16:00:00,2025-04-08 00:00:00,1544.56,1583.96,2.5282035040465947,Long,97.60893144830123,99.61121805943606,2.002286611134822,0.40045732222696445,0.0,0.0,0.115081846542766,False,1301.6540014034026,99.61121805943606,0
129,2025-04-08 00:00:00,2025-04-08 04:00:00,1583.96,1569.98,-2.4760962619359463,Short,32.672114937207475,34.615825741864576,1.9437108046570986,0.3887421609314197,1.0,1.0,0.740913016520389,False,1307.345811685354,34.615825741864576,0
130,2025-04-08 04:00:00,2025-04-08 08:00:00,1569.98,1587.56,2.501621331982978,Long,41.992766035359125,43.978503016260575,1.9857369809014485,0.39714739618028966,0.0,0.0,0.23780245326958468,False,1309.1651529288786,43.978503016260575,0
131,2025-04-08 08:00:00,2025-04-09 00:00:00,1587.56,1417.96,-2.478412907575397,Short,418.58168394157434,420.33882912478714,1.757145183212805,0.35142903664256103,1.0,1.0,0.8445302420989814,False,1311.5430651834658,420.33882912478714,0
132,2025-04-09 00:00:00,2025-04-09 04:00:00,1417.96,1482.9,2.827599183289781,Long,181.5277675483883,183.62429096283853,2.0965234144502083,0.4193046828900417,0.0,0.0,0.3695138209994478,False,1336.4741793125258,183.62429096283853,0
133,2025-04-09 04:00:00,2025-04-09 08:00:00,1482.9,1454.64,-2.725511641530078,Short,75.04063986252231,77.02295898963997,1.9823191271176566,0.3964638254235313,1.0,1.0,0.8131487251335293,False,1347.2204044083176,77.02295898963997,0
134,2025-04-09 08:00:00,2025-04-09 20:00:00,1454.64,1668.69,2.7874480389666445,Long,594.3275594067385,596.6532527408101,2.3256933340716253,0.46513866681432503,0.0,0.0,0.18420935939956465,False,1351.5778051341467,596.6532527408101,0
135,2025-04-09 20:00:00,2025-04-10 12:00:00,1668.69,1495.0,-2.493636897660955,Short,431.2557991737298,433.1197927547314,1.8639935810015638,0.3727987162003128,1.0,1.0,0.8425056183873254,False,1387.035651585953,433.1197927547314,0
136,2025-04-10 12:00:00,2025-04-11 20:00:00,1495.0,1565.96,2.83488113642799,Long,198.9435102087299,201.16316544093027,2.2196552322003877,0.4439310464400776,0.0,0.0,0.2614073322576152,False,1412.7157663199484,201.16316544093027,0
137,2025-04-11 20:00:00,2025-04-12 00:00:00,1565.96,1553.61,-2.728845015206484,Short,31.581455485762977,33.70123593780045,2.1197804520374723,0.42395609040749455,1.0,1.0,0.7189508380342077,False,1424.420713337582,33.70123593780045,0
138,2025-04-12 00:00:00,2025-04-12 12:00:00,1553.61,1655.1,2.753899560579109,Long,277.21427682181655,279.4932664031738,2.2789895813572416,0.45579791627144833,0.0,0.0,0.113922606033713,False,1426.161965437103,279.4932664031738,0
139,2025-04-12 12:00:00,2025-04-13 20:00:00,1655.1,1596.92,-2.6148027313681097,Short,150.04140752210802,152.1292229109962,2.087815388888181,0.41756307777763624,1.0,1.0,0.6621707209819048,False,1442.586666895786,152.1292229109962,0
140,2025-04-13 20:00:00,2025-04-14 08:00:00,1596.92,1674.63,2.726497028484919,Long,209.59314722415732,211.87608408356317,2.2829368594058503,0.45658737188117005,0.0,0.0,0.17609724325034393,False,1451.332544909379,211.87608408356317,0
141,2025-04-14 08:00:00,2025-04-14 12:00:00,1674.63,1626.96,-2.6221733271427285,Short,122.86591694673,124.99900250489407,2.133085558164067,0.42661711163281335,1.0,1.0,0.7029925435967284,False,1463.7233729443426,124.99900250489407,0
142,2025-04-14 12:00:00,2025-04-14 16:00:00,1626.96,1635.92,2.7123063796852103,Long,22.083707035652267,24.302265161979584,2.2185581263273146,0.443711625265463,0.0,0.0,0.23287189224161375,False,1470.9379958308834,24.302265161979584,0
143,2025-04-14 16:00:00,2025-04-14 20:00:00,1635.92,1623.02,-2.6995892423881642,Short,32.63395756071714,34.82470122680756,2.190743666090419,0.43814873321808384,1.0,1.0,0.6541006466543661,False,1472.1040111358818,34.82470122680756,0
144,2025-04-14 20:00:00,2025-04-15 04:00:00,1623.02,1644.18,2.724371733505187,Long,55.4080271225727,57.64770588096998,2.2396787583972793,0.4479357516794559,0.0,0.0,0.21750433602760907,False,1473.9032703045295,57.64770588096998,0
145,2025-04-15 04:00:00,2025-04-16 00:00:00,1644.18,1590.02,-2.695084889414399,Short,143.82317817275072,145.96579761068406,2.1426194379333414,0.4285238875866683,1.0,0.0,0.5250265367863369,False,1477.0682244924556,145.96579761068406,0
146,2025-04-16 04:00:00,2025-04-16 16:00:00,1563.45,1588.16,2.850350992699558,Long,68.16876631332332,70.43217302960618,2.2634067162828653,0.45268134325657305,0.0,0.0,0.4799060829034724,False,1485.4604198453746,70.43217302960618,0
147,2025-04-17 00:00:00,2025-04-17 04:00:00,1584.04,1600.99,2.8207425825846424,Long,45.55359644116373,47.81158677480982,2.2579903336460934,0.4515980667292187,0.0,0.0,0.26176679495685035,False,1489.3896935057924,47.81158677480982,0
148,2025-04-17 04:00:00,2025-04-18 12:00:00,1600.99,1582.27,-2.795698477196941,Short,50.12370057836961,52.33547549312681,2.2117749147572017,0.4423549829514404,1.0,1.0,0.7760804158600919,False,1491.9617683358433,52.33547549312681,0
149,2025-04-18 12:00:00,2025-04-20 00:00:00,1582.27,1611.14,2.834121217516862,Long,79.53799652051708,81.82107954971214,2.283083029195059,0.45661660583901176,0.0,0.0,0.17975875809894923,False,1494.7816596134685,81.82107954971214,0
150,2025-04-20 00:00:00,2025-04-20 12:00:00,1611.14,1572.8,-2.7918204481416242,Short,104.84290838133171,107.03839598175028,2.195487600418573,0.4390975200837146,1.0,1.0,0.7973185604642612,False,1499.3378656062991,107.03839598175028,0
151,2025-04-20 12:00:00,2025-04-21 04:00:00,1572.8,1645.1,2.8715165481788256,Long,205.24868049662447,207.61064643332895,2.3619659367044927,0.4723931873408986,0.0,0.0,0.17117271345723464,False,1505.4404089918858,207.61064643332895,0
152,2025-04-21 04:00:00,2025-04-22 00:00:00,1645.1,1578.21,-2.7673746426573724,Short,182.92594067995714,185.1096898473513,2.183749167394146,0.4367498334788292,1.0,1.0,0.852625432911548,False,1517.536008211881,185.1096898473513,0
153,2025-04-22 00:00:00,2025-04-23 20:00:00,1578.21,1794.46,2.905168211511366,Long,625.6360216649185,628.2426257393329,2.606604074414343,0.5213208148828686,0.0,0.0,0.27105134075700343,False,1528.3218410297845,628.2426257393329,0
154,2025-04-23 20:00:00,2025-04-24 08:00:00,1794.46,1754.05,-2.617294169974981,Short,103.46942498926688,105.7648574086892,2.295432419422308,0.45908648388446155,1.0,1.0,0.7054211059679315,False,1565.5432320844347,105.7648574086892,0
155,2025-04-24 08:00:00,2025-04-25 16:00:00,1754.05,1801.45,2.687874120304354,Long,124.98419788541548,127.40523330242662,2.4210354170111392,0.48420708340222784,0.0,0.0,0.2843625518248435,False,1571.5552002399506,127.40523330242662,0
156,2025-04-25 16:00:00,2025-04-25 20:00:00,1801.45,1783.77,-2.6292118045470274,Short,44.139510134093186,46.48446470439161,2.344954570298426,0.4689909140596851,1.0,1.0,0.7361869070342261,False,1578.7978684337477,46.48446470439161,0
157,2025-04-25 20:00:00,2025-04-26 04:00:00,1783.77,1799.54,2.659439290567939,Long,39.54647392178204,41.93935761225635,2.3928836904743145,0.4785767380948629,0.0,0.0,0.2651818283428672,False,1581.2760077787907,41.93935761225635,0
158,2025-04-26 04:00:00,2025-04-26 08:00:00,1799.54,1784.73,-2.6398042279178764,Short,36.73983171561767,39.09550061546361,2.355668899845936,0.4711337799691872,1.0,1.0,0.7407215390151539,False,1583.477766769112,39.09550061546361,0
159,2025-04-26 08:00:00,2025-04-26 20:00:00,1784.73,1820.0,2.6651281297107823,Long,91.57380253686243,93.99906913489924,2.425266598036812,0.4850533196073624,0.0,0.0,0.2778105656606303,False,1585.5113756462415,93.99906913489924,0
160,2025-04-26 20:00:00,2025-04-27 12:00:00,1820.0,1792.88,-2.6222064246363246,Short,68.76358750883585,71.11423823613684,2.350650727300987,0.47013014546019744,1.0,1.0,0.7593566466525065,False,1590.8052309460368,71.11423823613684,0
161,2025-04-27 12:00:00,2025-04-27 16:00:00,1792.88,1806.95,2.6684406097320723,Long,35.13408999905241,37.54495937893009,2.410869379877684,0.4821738759755368,0.0,0.0,0.36298042841340084,False,1594.731266792146,37.54495937893009,0
162,2025-04-27 16:00:00,2025-04-28 00:00:00,1806.95,1783.25,-2.650876099414239,Short,60.46217615397736,62.82576355611758,2.3635874021402206,0.4727174804280441,1.0,1.0,0.8561594917096443,False,1596.6668559455195,62.82576355611758,0
163,2025-04-28 00:00:00,2025-04-28 08:00:00,1783.25,1815.0,2.6919206899462726,Long,83.02556387966791,85.46848190579415,2.442918026126242,0.48858360522524846,0.0,0.0,0.24668840136574982,False,1600.122523448897,85.46848190579415,0
164,2025-04-28 08:00:00,2025-04-28 12:00:00,1815.0,1762.08,-2.652729908588896,Short,138.0453056038614,140.38246676252456,2.337161158663161,0.46743223173263215,1.0,1.0,0.8769386307378227,False,1604.901594696282,140.38246676252456,0
165,2025-04-28 12:00:00,2025-04-29 08:00:00,1762.08,1828.9,2.7462064593351383,Long,180.9902471160354,183.5015156127744,2.5112684967390173,0.5022536993478035,0.0,0.0,0.2601055608963805,False,1613.0118259550868,183.5015156127744,0
166,2025-04-29 08:00:00,2025-04-29 20:00:00,1828.9,1796.57,-2.663348878623222,Short,83.71362289845511,86.10606924588917,2.3924463474340607,0.47848926948681214,1.0,1.0,0.5686463137437064,False,1623.6662547046703,86.10606924588917,0
167,2025-04-29 20:00:00,2025-04-30 00:00:00,1796.57,1808.19,2.7193237128885226,Long,29.140014571561007,31.598541543764956,2.458526972203949,0.4917053944407898,0.0,0.0,0.3529654243822811,False,1628.4851342880445,31.598541543764956,0
168,2025-04-30 00:00:00,2025-04-30 04:00:00,1808.19,1795.55,-2.704457168510918,Short,31.756344575518387,34.184338609978276,2.4279940344598896,0.48559880689197793,1.0,1.0,0.6584806889946893,False,1630.0574691765858,34.184338609978276,0
169,2025-04-30 04:00:00,2025-04-30 08:00:00,1795.55,1814.79,2.7263852447725947,Long,49.98174377024432,52.45565210942475,2.4739083391804284,0.4947816678360857,0.0,0.0,0.21997884512175434,False,1631.7870087504775,52.45565210942475,0
170,2025-04-30 08:00:00,2025-04-30 12:00:00,1814.79,1763.72,-2.7021463072518053,Short,135.61569716883645,137.9986119113495,2.3829147425130768,0.4765829485026154,1.0,1.0,0.7528245233098035,False,1634.6093656458345,137.9986119113495,0
171,2025-04-30 12:00:00,2025-05-01 12:00:00,1763.72,1851.99,2.7939308920738206,Long,244.03311380695018,246.6202798433561,2.5871660364058977,0.5174332072811796,0.0,0.0,0.20545465799502421,False,1642.5705976561462,246.6202798433561,0
172,2025-05-01 12:00:00,2025-05-01 20:00:00,1851.99,1837.19,-2.684096540197762,Short,37.25903113358379,39.72462879492675,2.465597661342963,0.4931195322685926,1.0,1.0,0.6334649573604508,False,1656.9733171602843,39.72462879492675,0
173,2025-05-01 20:00:00,2025-05-02 00:00:00,1837.19,1846.66,2.709077685363766,Long,23.15359298116801,25.654965680394938,2.501372699226926,0.5002745398453853,0.0,0.0,0.13168588890776117,False,1659.0301442578188,25.654965680394938,0
174,2025-05-02 00:00:00,2025-05-02 04:00:00,1846.66,1815.3,-2.697150581024089,Short,82.13457349604926,84.58264222091577,2.4480687248665145,0.4896137449733029,1.0,1.0,0.6740064825135182,False,1660.240030651315,84.58264222091577,0
175,2025-05-02 04:00:00,2025-05-04 04:00:00,1815.3,1840.24,2.75159363185196,Long,66.0929488458484,68.62474517838803,2.5317963325396255,0.5063592665079251,0.0,0.0,0.22379373453799692,False,1664.9893066336208,68.62474517838803,0
176,2025-05-04 04:00:00,2025-05-05 00:00:00,1840.24,1793.86,-2.720424320079923,Short,123.73324977989785,126.17327996530713,2.440030185409285,0.488006037081857,1.0,1.0,0.8550582766960863,False,1668.7445502612923,126.17327996530713,0
177,2025-05-05 00:00:00,2025-05-05 04:00:00,1793.86,1825.74,2.8027768132576196,Long,86.79395393713475,89.35252480665322,2.558570869518483,0.5117141739036967,0.0,0.0,0.1798942168944169,False,1675.9297380767712,89.35252480665322,0
178,2025-05-05 04:00:00,2025-05-05 12:00:00,1825.74,1800.14,-2.7620951046471105,Short,68.22355573812607,70.70963467896578,2.486078940839725,0.49721578816794504,1.0,1.0,0.7652547523611916,False,1680.9558387861384,70.70963467896578,0
179,2025-05-05 12:00:00,2025-05-05 20:00:00,1800.14,1819.43,2.807895163416698,Long,51.60991335372038,54.164297702308005,2.554384348587622,0.5108768697175244,0.0,0.0,0.26901778348510147,False,1684.868133157645,54.164297702308005,0
180,2025-05-05 20:00:00,2025-05-06 12:00:00,1819.43,1769.31,-2.782930539588829,Short,137.01854522769247,139.48047864419243,2.4619334164999556,0.49238668329999113,1.0,1.0,0.8394780007319205,False,1687.782437214701,139.48047864419243,0
181,2025-05-06 12:00:00,2025-05-07 08:00:00,1769.31,1835.48,2.8753445702057943,Long,187.62273148465695,190.2615502105176,2.638818725860666,0.5277637451721332,0.0,0.0,0.21552226070713593,False,1695.7919671702712,190.2615502105176,0
182,2025-05-07 08:00:00,2025-05-07 16:00:00,1835.48,1795.08,-2.789632308413934,Short,110.19733867782935,112.7011452599232,2.5038065820938424,0.5007613164187685,1.0,1.0,0.7290266201692472,False,1706.771436482536,112.7011452599232,0
183,2025-05-07 16:00:00,2025-05-09 04:00:00,1795.08,2363.81,2.863107850863553,Long,1624.9514065371534,1628.3353280216284,3.3839214844748873,0.6767842968949774,0.0,0.0,0.30220038358408924,False,1713.1692136427155,1628.3353280216284,0
184,2025-05-09 04:00:00,2025-05-09 12:00:00,2363.81,2300.55,-2.2974328196947305,Short,142.69292063721375,145.3356001738881,2.6426795366743563,0.5285359073348713,1.0,1.0,0.8469492287737825,False,1810.231557840867,145.3356001738881,0
185,2025-05-09 12:00:00,2025-05-10 04:00:00,2300.55,2399.17,2.371475641657955,Long,231.03014117270902,233.87492778030727,2.844786607598258,0.5689573215196516,0.0,0.0,0.16707925586132863,False,1818.566095805403,233.87492778030727,0
186,2025-05-10 04:00:00,2025-05-10 08:00:00,2399.17,2383.75,-2.2909968709030197,Short,32.5965898538172,35.327171749324734,2.7305818955075365,0.5461163791015073,1.0,1.0,0.7139415233747866,False,1832.1636542547994,35.327171749324734,0
187,2025-05-10 08:00:00,2025-05-10 20:00:00,2383.75,2581.91,2.30802951811356,Long,454.3795670628264,457.3591293093827,2.9795622465562905,0.5959124493112582,0.0,0.0,0.24733218730735215,False,1833.9217879343996,457.3591293093827,0
188,2025-05-10 20:00:00,2025-05-11 04:00:00,2581.91,2472.61,-2.1622544619618593,Short,233.6612066898349,236.33441269243065,2.673206002595757,0.5346412005191513,1.0,1.0,0.6778989274824434,False,1860.9154726279812,236.33441269243065,0
189,2025-05-11 04:00:00,2025-05-11 08:00:00,2472.61,2529.36,2.274563330989259,Long,126.20487428020495,129.08146903364045,2.876594753435496,0.5753189506870993,0.0,0.0,0.26557783559207665,False,1874.702679279117,129.08146903364045,0
190,2025-05-11 08:00:00,2025-05-11 12:00:00,2529.36,2461.22,-2.232270292909376,Short,149.3598436136884,152.1068977588456,2.747054145157207,0.5494108290314414,1.0,1.0,0.7541450338140596,False,1882.0717293577532,152.1068977588456,0
191,2025-05-11 12:00:00,2025-05-12 04:00:00,2461.22,2553.44,2.304748420136181,Long,209.60138090200292,212.54389930495918,2.9425184029562654,0.588503680591253,0.0,0.0,0.21224568867028745,False,1890.8309688691902,212.54389930495918,0
192,2025-05-12 04:00:00,2025-05-12 16:00:00,2553.44,2459.29,-2.236003273164088,Short,207.77021792356925,210.5197081683991,2.749490244829855,0.549898048965971,1.0,1.0,0.7625091604894059,False,1903.1667326093698,210.5197081683991,0
193,2025-05-12 16:00:00,2025-05-12 20:00:00,2459.29,2494.16,2.3364809132321964,Long,78.55931082713283,81.47308944440644,2.9137786172736075,0.5827557234547215,0.0,0.0,0.39924168178862085,False,1915.361381700936,81.47308944440644,0
194,2025-05-12 20:00:00,2025-05-13 00:00:00,2494.16,2424.07,-2.3092354850724934,Short,159.0554409175805,161.85431514873036,2.79887423114984,0.559774846229968,1.0,1.0,0.8158224707740583,False,1919.8675924828035,161.85431514873036,0
195,2025-05-13 00:00:00,2025-05-13 20:00:00,2424.07,2678.59,2.3875604388863705,Long,604.4842351473607,607.681882905359,3.197647757998322,0.6395295515996644,0.0,0.0,0.26316531536433047,False,1929.2045443637614,607.681882905359,0
196,2025-05-13 20:00:00,2025-05-15 04:00:00,2678.59,2529.6,-2.2009568026268433,Short,325.1367838594115,327.92055402337394,2.7837701639624317,0.5567540327924864,1.0,1.0,0.705988462319827,False,1965.1536273160787,327.92055402337394,0
197,2025-05-15 04:00:00,2025-05-15 12:00:00,2529.6,2562.9,2.353313117433286,Long,75.34967371619398,78.36532681052886,3.0156530943348847,0.6031306188669769,0.0,0.0,0.27655873051544977,False,1984.3136206197469,78.36532681052886,0
198,2025-05-15 12:00:00,2025-05-15 16:00:00,2562.9,2529.77,-2.327776922602985,Short,74.17487933309047,77.11924944583716,2.944370112746677,0.5888740225493354,1.0,1.0,0.8069962054201106,False,1988.6198249797305,77.11924944583716,0
199,2025-05-15 16:00:00,2025-05-16 08:00:00,2529.77,2620.0,2.363285211122886,Long,210.14332097304708,213.23922459961807,3.095903626570981,0.6191807253141962,0.0,0.0,0.2466591965857595,False,1992.8560095141147,213.23922459961807,0
200,2025-05-16 08:00:00,2025-05-18 00:00:00,2620.0,2476.19,-2.2959601264548666,Short,327.3394090327111,330.18202578547425,2.8426167527631385,0.5685233505526277,1.0,1.0,0.7212892969961492,False,2005.1385104372498,330.18202578547425,0
201,2025-05-18 00:00:00,2025-05-18 12:00:00,2476.19,2578.06,2.4527524260788263,Long,246.70021818486137,249.86188964464975,3.1616714597883893,0.6323342919576779,0.0,0.0,0.15121356868337477,False,2024.4936766440428,249.86188964464975,0
202,2025-05-18 12:00:00,2025-05-18 16:00:00,2578.06,2406.78,-2.3727594548799122,Short,403.55088443142284,406.4062394318308,2.855355000407938,0.5710710000815876,1.0,1.0,0.7814729758078327,False,2039.0387467492355,406.4062394318308,0
203,2025-05-18 16:00:00,2025-05-18 20:00:00,2406.78,2496.98,2.5715279610947928,Long,228.7412951466026,231.95182209074983,3.210526944147238,0.6421053888294476,0.0,0.0,0.25347000277981485,False,2063.0340220679086,231.95182209074983,0
204,2025-05-18 20:00:00,2025-05-19 00:00:00,2496.98,2384.46,-2.4948549452435205,Short,277.74663752743317,280.7210784388009,2.9744409113676826,0.5948881822735366,1.0,1.0,0.8269036012876293,False,2076.5343003913886,280.7210784388009,0
205,2025-05-19 00:00:00,2025-05-20 00:00:00,2384.46,2552.08,2.633271076803632,Long,438.02873866898,441.3888978938245,3.360159224844507,0.6720318449689013,0.0,0.0,0.11161634366447729,False,2092.9765172650627,441.3888978938245,0
206,2025-05-20 00:00:00,2025-05-20 12:00:00,2552.08,2481.52,-2.4907618918069225,Short,172.65772136101793,175.7481590858963,3.090437724878357,0.6180875449756714,1.0,1.0,0.8113937643560905,False,2118.87453628087,175.7481590858963,0
207,2025-05-20 12:00:00,2025-05-21 04:00:00,2481.52,2550.72,2.5737420944572236,Long,174.82050521885245,178.1029529364394,3.2824477175869644,0.6564895435173929,0.0,0.0,0.3701921145390988,False,2128.9308274124965,178.1029529364394,0
208,2025-05-21 04:00:00,2025-05-21 08:00:00,2550.72,2535.67,-2.5158913858309107,Short,34.674430201599584,37.86416535675452,3.1897351551549327,0.6379470310309866,1.0,1.0,0.7481235885200129,False,2139.1114918888734,37.86416535675452,0
209,2025-05-21 08:00:00,2025-05-21 12:00:00,2535.67,2566.01,2.533012372483214,Long,73.60172784218325,76.85159538114108,3.249867538957826,0.6499735077915653,0.0,0.0,0.2378110809786525,False,2140.961160844837,76.85159538114108,0
210,2025-05-21 12:00:00,2025-05-21 16:00:00,2566.01,2511.11,-2.5079546606604315,Short,134.53783585629242,137.6867108702579,3.148875013965508,0.6297750027931016,1.0,1.0,0.7874270078219341,False,2145.1455796004248,137.6867108702579,0
211,2025-05-21 16:00:00,2025-05-22 12:00:00,2511.11,2663.53,2.572153748919168,Long,388.62217007283044,392.0476744102598,3.4255043374293366,0.6851008674858673,0.0,0.0,0.15785972521427516,False,2152.987000149471,392.0476744102598,0
212,2025-05-22 12:00:00,2025-05-22 16:00:00,2663.53,2634.02,-2.4508248993919195,Short,69.09608188030793,72.32384278105609,3.227760900748152,0.6455521801496305,1.0,1.0,0.6871486480578199,False,2175.948548092453,72.32384278105609,0
213,2025-05-22 16:00:00,2025-05-23 00:00:00,2634.02,2720.93,2.482737121781689,Long,212.39700629566147,215.7746832540462,3.3776769583847255,0.6755353916769451,0.0,0.0,0.2384012175597074,False,2179.8597445051346,215.7746832540462,0
214,2025-05-23 00:00:00,2025-05-23 20:00:00,2720.93,2525.39,-2.417181440334605,Short,469.6034959242253,472.65565884302856,3.052162918803304,0.6104325837606608,1.0,1.0,0.7936720212779281,False,2192.327165483212,472.65565884302856,0
215,2025-05-23 20:00:00,2025-05-24 16:00:00,2525.39,2553.33,2.6374466686826716,Long,70.32312407172023,73.69025992299399,3.367135851273763,0.6734271702547526,0.0,0.0,0.19553526794321657,False,2220.193814208177,73.69025992299399,0
216,2025-05-24 16:00:00,2025-05-25 08:00:00,2553.33,2496.58,-2.6132141465461087,Short,145.03785372949963,148.29990281649168,3.2620490869920418,0.6524098173984084,1.0,1.0,0.5160033060319738,False,2224.1326922668586,148.29990281649168,0
217,2025-05-25 12:00:00,2025-05-25 16:00:00,2510.47,2525.21,2.667846984919294,Long,35.955627615317,39.324064557711026,3.3684369423940255,0.673687388478805,0.0,1.0,0.4348033461860399,False,2232.5166067434466,39.324064557711026,0
218,2025-05-25 16:00:00,2025-05-26 20:00:00,2525.21,2562.43,-2.6545506274675574,Short,-102.20342443651279,-98.80237435434195,3.4010500821708467,0.6802100164341693,1.0,0.0,0.6958578017619167,False,2234.43259666245,-98.80237435434195,0
219,2025-05-26 20:00:00,2025-05-27 00:00:00,2562.43,2548.42,2.6083389441302214,Long,-39.866400173263955,-36.542828607263786,3.3235715660001697,0.6647143132000339,1.0,1.0,0.5366193311599569,False,2227.895320202534,-36.542828607263786,0
220,2025-05-27 04:00:00,2025-05-27 08:00:00,2606.95,2651.98,2.5607659633915434,Long,111.91574127172416,115.31129133152172,3.3955500597975523,0.6791100119595105,0.0,1.0,0.4002693197262247,False,2225.262942754528,115.31129133152172,0
221,2025-05-27 08:00:00,2025-05-28 16:00:00,2651.98,2616.61,-2.5246082553019993,Short,85.99243638657856,89.29539399003144,3.3029576034528825,0.6605915206905765,1.0,1.0,0.5744253689977047,False,2231.7368669652656,89.29539399003144,0
222,2025-05-28 16:00:00,2025-05-28 20:00:00,2616.61,2680.4,2.5641433472217483,Long,160.13023920532865,163.56670411927524,3.4364649139465873,0.6872929827893175,0.0,1.0,0.3359973950298288,False,2236.4543745912997,163.56670411927524,0
223,2025-05-28 20:00:00,2025-05-30 08:00:00,2680.4,2620.69,-2.5136020785751447,Short,146.79349419607144,150.08718011172198,3.293685915650548,0.6587371831301096,1.0,0.0,0.6354736664221512,False,2245.8196704709394,150.08718011172198,0
224,2025-05-30 08:00:00,2025-05-30 12:00:00,2620.69,2597.01,2.5804905225533696,Long,-64.45679542005153,-61.10601557406337,3.3507798459881637,0.6701559691976328,0.0,0.0,0.47247055195430254,False,2254.221902516797,-61.10601557406337,0
225,2025-05-30 16:00:00,2025-05-30 20:00:00,2573.3,2529.63,2.623220851197546,Long,-117.87394365270445,-114.55605457179703,3.317889080907425,0.6635778161814849,1.0,0.0,0.5194167834087162,False,2250.1114054622153,-114.55605457179703,0
226,2025-05-31 08:00:00,2025-05-31 20:00:00,2518.6,2527.08,2.6714801605823766,Long,19.27862971963635,22.654151761738603,3.375522042102256,0.6751044084204512,0.0,0.0,0.4614567680787109,False,2242.796644147591,22.654151761738603,0
227,2025-06-01 08:00:00,2025-06-02 08:00:00,2496.32,2480.03,-2.6964223384441377,Short,40.58111574724909,43.9247198932549,3.343604146005808,0.6687208292011616,1.0,1.0,0.7302926188678457,False,2243.7110039682902,43.9247198932549,0
228,2025-06-02 08:00:00,2025-06-02 16:00:00,2480.03,2531.21,2.7166381397501826,Long,135.5993491795554,139.0375399924139,3.4381908128585303,0.6876381625717061,0.0,1.0,0.4814468547238602,False,2245.7813619082153,139.0375399924139,0
229,2025-06-03 08:00:00,2025-06-05 12:00:00,2600.21,2588.34,-2.6001829978117104,Short,27.499093353746737,30.864172184024717,3.3650788302779815,0.6730157660555963,1.0,0.0,0.5482157413583247,False,2253.6739442466624,30.864172184024717,0
230,2025-06-05 16:00:00,2025-06-05 20:00:00,2528.08,2412.9,2.675651376012549,Long,-311.4095650917153,-308.18152548912497,3.2280396025903397,0.6456079205180679,0.0,1.0,0.46120416881276116,False,2254.7535768899347,-308.18152548912497,0
231,2025-06-06 04:00:00,2025-06-06 08:00:00,2454.18,2474.93,-2.733084784352347,Short,-60.093606037979775,-56.7115092753112,3.382096762668577,0.6764193525337154,1.0,1.0,0.5628022529096182,False,2235.8273386872806,-56.7115092753112,0
232,2025-06-06 08:00:00,2025-06-06 12:00:00,2474.93,2508.29,2.705506716598087,Long,86.86260634462461,90.25570406571252,3.3930977210879076,0.6786195442175816,1.0,0.0,0.5155479254244006,False,2231.9799127033675,90.25570406571252,0
233,2025-06-07 08:00:00,2025-06-08 16:00:00,2494.22,2531.53,-2.6905606647199316,Short,-103.79043592048095,-100.38481840070172,3.4056175197792244,0.681123503955845,1.0,0.0,0.7177067968526224,False,2236.950073719249,-100.38481840070172,0
234,2025-06-08 16:00:00,2025-06-08 20:00:00,2531.53,2508.32,2.6431436450441184,Long,-64.66228903534261,-61.347364001474084,3.3149250338685317,0.6629850067737063,0.0,0.0,0.4590345522328287,False,2230.399143912846,-61.347364001474084,0
235,2025-06-09 04:00:00,2025-06-10 04:00:00,2490.67,2676.67,2.6815421852923502,Long,495.1780447038239,498.7668464643771,3.588801760553238,0.7177603521106476,0.0,1.0,0.25499947801092926,False,2226.278891547366,498.7668464643771,0
236,2025-06-10 04:00:00,2025-06-10 12:00:00,2676.67,2731.83,-2.5281381959613363,Short,-142.90532477316347,-139.45210288922695,3.453221883936529,0.6906443767873057,1.0,1.0,0.5017521258664741,False,2255.6638883279434,-139.45210288922695,0
237,2025-06-10 16:00:00,2025-06-10 20:00:00,2772.87,2815.74,2.4308421138575347,Long,100.78789173423563,104.21020142107224,3.422309686836607,0.6844619373673214,0.0,0.0,0.4810877359820479,False,2246.803057417381,104.21020142107224,0
238,2025-06-11 04:00:00,2025-06-12 00:00:00,2790.86,2763.99,-2.4214117343005657,Short,61.71695439091233,65.06333330065704,3.3463789097447103,0.6692757819489421,0.0,0.0,0.49287107470542757,False,2252.6070509300257,65.06333330065704,0
239,2025-06-13 12:00:00,2025-06-14 08:00:00,2550.26,2537.0,2.6537817052012804,Long,-38.555467504017386,-35.18914541096956,3.3663220930478244,0.6732644186095649,0.0,0.0,0.4230386398590792,False,2255.9444438355395,-35.18914541096956,0
240,2025-06-14 08:00:00,2025-06-14 16:00:00,2537.0,2506.31,-2.6645326079878995,Short,78.4354333787857,81.77450573914878,3.3390723603630765,0.6678144720726152,1.0,1.0,0.5667728889961626,False,2253.306408821767,81.77450573914878,0
241,2025-06-14 16:00:00,2025-06-15 08:00:00,2506.31,2515.19,2.702502485781139,Long,20.59956846013088,23.99822207373681,3.3986536136059313,0.6797307227211863,0.0,1.0,0.26023567840191564,False,2257.769668379375,23.99822207373681,0
242,2025-06-15 08:00:00,2025-06-16 00:00:00,2515.19,2567.6,-2.6941443700557004,Short,-144.6588489768964,-141.20010643461887,3.458742542277508,0.6917485084555016,1.0,1.0,0.562426318553802,False,2258.7616593734656,-141.20010643461887,0
243,2025-06-16 00:00:00,2025-06-16 08:00:00,2567.6,2615.81,2.628676009564783,Long,123.29041192482846,126.72847042111829,3.4380584962898277,0.6876116992579656,0.0,1.0,0.3511950533295089,False,2249.796174052846,126.72847042111829,0
244,2025-06-16 08:00:00,2025-06-17 00:00:00,2615.81,2606.39,-2.588433250592416,Short,21.009807950574963,24.383041220580747,3.3732332700057834,0.6746466540011566,1.0,0.0,0.6739985363276019,False,2256.9498604107157,24.383041220580747,0
245,2025-06-17 00:00:00,2025-06-17 04:00:00,2606.39,2581.13,2.5988188919766273,Long,-69.00010991465281,-65.64616521132899,3.3539447033238163,0.6707889406647632,0.0,0.0,0.348129108137389,False,2257.8451906196537,-65.64616521132899,0
246,2025-06-17 04:00:00,2025-06-17 08:00:00,2581.13,2551.25,-2.619157187690483,Short,74.91935438064425,78.26041676819192,3.3410623875476726,0.6682124775095346,1.0,0.0,0.7053354218807756,False,2253.461730621179,78.26041676819192,0
247,2025-06-17 08:00:00,2025-06-17 12:00:00,2551.25,2497.75,2.6548327144493222,Long,-145.34910442929663,-142.03355022303873,3.3155542062578975,0.6631108412515795,0.0,1.0,0.4641690016194708,False,2257.713987579611,-142.03355022303873,0
248,2025-06-17 16:00:00,2025-06-19 04:00:00,2527.09,2517.56,2.669572583965545,Long,-28.801431302436328,-25.441026725192177,3.360404577244149,0.6720809154488298,1.0,1.0,0.5180835085049247,False,2248.7500604044963,-25.441026725192177,0
249,2025-06-19 08:00:00,2025-06-20 00:00:00,2530.62,2516.16,-2.6633217638838156,Short,35.16096086105312,38.51163270576007,3.350671844706951,0.6701343689413901,1.0,1.0,0.5402782525646073,False,2246.618440706554,38.51163270576007,0
250,2025-06-20 08:00:00,2025-06-20 20:00:00,2548.68,2405.42,-2.6466002221448983,Short,375.96885527130166,379.15194782447753,3.1830925531758907,0.6366185106351782,1.0,1.0,0.6342268633471029,False,2248.4456847254196,379.15194782447753,0
251,2025-06-20 20:00:00,2025-06-21 12:00:00,2405.42,2422.37,2.8320089791574397,Long,44.57246540129728,48.002552196718085,3.4300867954208036,0.6860173590841607,0.0,0.0,0.35138045047062233,False,2270.7236795482963,48.002552196718085,0
252,2025-06-21 12:00:00,2025-06-22 08:00:00,2422.37,2272.0,-2.815098188906654,Short,420.10836312329536,423.3063146658933,3.197951542597959,0.6395903085195919,1.0,0.0,0.5031173321695295,False,2273.069799953937,423.3063146658933,0
253,2025-06-22 16:00:00,2025-06-23 12:00:00,2182.96,2247.17,3.1580344920007395,Long,199.22907454667293,202.7773947313676,3.548320184694651,0.7096640369389302,0.0,1.0,0.26087058894836557,False,2297.954324885978,202.7773947313676,0
254,2025-06-23 12:00:00,2025-06-23 16:00:00,2247.17,2311.57,-3.0833666506102717,Short,-202.13252122357738,-198.56881229930178,3.5637089242755935,0.7127417848551187,1.0,1.0,0.519300307234698,False,2309.6163454172947,-198.56881229930178,0
255,2025-06-23 20:00:00,2025-06-25 04:00:00,2410.39,2443.45,-2.859169384413769,Short,-98.01725856489196,-94.52413984871905,3.4931187161729116,0.0,0.0,0.0,0.252270522603364,False,2297.2377641657013,-94.52413984871905,0
