timestamp,available_capital,margin_used,unrealized_pnl,total_equity,position_size,price
2025-01-28 16:00:00,9399.1,600.0,0.0,9999.1,-0.5720551079754016,3146.55
2025-01-28 20:00:00,9435.216604656485,602.3055359336417,40.38137007198368,10077.90351066211,0.5874317636773317,3075.96
2025-01-29 00:00:00,9435.032791383313,602.3055359336417,31.216123921813335,10068.554451238768,0.5874317636773317,3129.1
2025-01-29 04:00:00,9477.143224024596,604.9819593806596,46.806562929809694,10128.931746335065,-0.5751435138805374,3155.64
2025-01-29 08:00:00,9476.962995327656,604.9819593806596,12.658908740510492,10094.603863448827,-0.5751435138805374,3133.63
2025-01-29 12:00:00,9505.361124978068,606.7832744610484,32.17927960161597,10144.323679040732,0.587268347280904,3099.69
2025-01-29 20:00:00,9505.178334768634,606.7832744610484,7.5522709460325,10119.513880175715,0.587268347280904,3112.55
2025-01-30 04:00:00,9504.991023180195,606.7832744610484,52.76606100318917,10164.540358644432,0.587268347280904,3189.54
2025-01-30 08:00:00,9504.801854649242,606.7832744610484,71.3354861442113,10182.920615254501,0.587268347280904,3221.16
2025-01-30 16:00:00,9596.943220810086,612.6294998974425,100.05878100972049,10309.63150171725,-0.5620333814543198,3270.07
2025-01-30 20:00:00,9596.760792642934,612.6294998974425,13.606828165009103,10222.997120705386,-0.5620333814543198,3245.86
2025-01-31 04:00:00,9610.771178775143,613.5122200279905,16.905964114146155,10241.189362917281,0.5680686236945087,3239.99
2025-01-31 08:00:00,9610.581772198493,613.5122200279905,53.52910641073357,10277.623098637217,0.5680686236945087,3334.22
2025-01-31 12:00:00,9708.05963754347,619.7227162734818,105.78573910439155,10433.568092921343,-0.5426311139190083,3426.21
2025-01-31 16:00:00,9707.878545261823,619.7227162734818,48.24533233853895,10375.846593873845,-0.5426311139190083,3337.3
2025-02-01 04:00:00,9707.7006170622,619.7227162734818,79.88615259115655,10407.309485926839,-0.5426311139190083,3278.99
2025-02-01 12:00:00,9707.524294508044,619.7227162734818,95.94260725201983,10423.189618033546,-0.5426311139190083,3249.4
2025-02-01 16:00:00,9707.350914099787,619.7227162734818,125.3640662487086,10452.437696621977,-0.5426311139190083,3195.18
2025-02-01 20:00:00,9707.181818306804,619.7227162734818,168.2102190037535,10495.11475358404,-0.5426311139190083,3116.22
2025-02-02 00:00:00,9883.790230167197,630.9406366673743,189.7743794708948,10704.505246305465,0.6152557175740206,3076.48
2025-02-02 04:00:00,9895.356989615419,631.6790111573716,14.39698379123214,10541.432984564022,-0.6113259330916406,3099.88
2025-02-02 08:00:00,9914.319634068508,632.8895086169001,22.246150705205004,10569.455293390612,0.6197730450730051,3063.49
2025-02-02 12:00:00,9921.665678795558,633.3584499874813,9.910170990717498,10564.934299773757,-0.6170117519719056,3079.48
2025-02-02 16:00:00,9921.483181527607,633.3584499874813,75.10267045002023,10629.944301965108,-0.6170117519719056,2957.76
2025-02-02 20:00:00,9921.306219472082,633.3584499874813,130.4547947194199,10685.119464178984,-0.6170117519719056,2868.05
2025-02-03 00:00:00,10240.92741841638,653.7388102105339,341.91706235523156,11236.583290982146,0.7766178798935591,2525.33
2025-02-03 04:00:00,10307.430160459799,657.9840725469331,72.95548363720098,11038.369716643932,-0.7536268569642685,2619.27
2025-02-03 08:00:00,10333.62654361942,659.6563422212396,30.024493981456565,11023.307379822118,0.7672117586690543,2579.43
2025-02-03 12:00:00,10333.419492346049,659.6563422212396,91.5437070443917,11084.61954161168,0.7672117586690543,2698.75
2025-02-03 16:00:00,10333.2075685108,659.6563422212396,140.2693258374635,11133.133236569503,0.7672117586690543,2762.26
2025-02-03 20:00:00,10546.856586865708,673.2680737644482,229.59579089930136,11449.720451529456,-0.7016400589481134,2878.69
2025-02-04 00:00:00,10546.659466704266,673.2680737644482,48.6026068833358,11268.53014735205,-0.7016400589481134,2809.42
2025-02-04 04:00:00,10660.938650839154,680.5506048987129,123.7201915943208,11465.209447332189,0.7555069697213319,2702.36
2025-02-04 08:00:00,10660.730361345137,680.5506048987129,41.243125477087275,11382.524091720938,0.7555069697213319,2756.95
2025-02-04 16:00:00,10705.818800419745,683.4155696026053,50.23365841677119,11439.468028439122,-0.740468681513197,2768.85
2025-02-05 00:00:00,10738.448984286591,685.498546730214,36.9493872075086,11460.896918224315,0.7563565494733784,2718.95
2025-02-05 04:00:00,10738.240368292185,685.498546730214,29.664303870346092,11453.403218892745,0.7563565494733784,2758.17
2025-02-05 08:00:00,10792.70225654173,688.9618531481779,60.2286720345652,11541.892781724473,-0.7385479634116351,2798.58
2025-02-05 20:00:00,10798.608597155122,689.3388897121079,8.55238541630668,11496.499872283537,0.7420224862347771,2787.0
2025-02-06 00:00:00,10798.40044723335,689.3388897121079,13.482548574885953,11501.221885520345,0.7420224862347771,2805.17
2025-02-06 04:00:00,10826.532290436855,691.1214237812251,32.211196127451565,11549.864910345532,-0.732531425250644,2830.41
2025-02-06 08:00:00,10826.327033666437,691.1214237812251,20.79656716286569,11538.245024610529,-0.732531425250644,2802.02
2025-02-06 12:00:00,10826.128938855763,691.1214237812251,92.41616460962113,11609.66652724661,-0.732531425250644,2704.25
2025-02-06 20:00:00,10924.014125544776,697.3442643792348,106.33426168938337,11727.692651613395,0.7790830623359851,2685.25
2025-02-07 04:00:00,10923.802867044344,697.3442643792348,20.552211184423374,11641.699342608003,0.7790830623359851,2711.63
2025-02-07 08:00:00,10977.337444970917,700.7482064221629,59.28043021314522,11737.366081606224,-0.761313209987357,2761.34
2025-02-07 12:00:00,10977.130342654465,700.7482064221629,31.221454741581674,11709.10000381821,-0.761313209987357,2720.33
2025-02-07 16:00:00,10976.927999306889,700.7482064221629,78.81114349789118,11756.487349226942,-0.761313209987357,2657.82
2025-02-07 20:00:00,11075.505300268502,707.0148397358364,107.1015423810216,11889.621682385361,0.8093550934526071,2620.66
2025-02-08 04:00:00,11079.14357903621,707.2470925324474,6.207753566781555,11792.598425135438,-0.8072583266170315,2628.33
2025-02-08 12:00:00,11095.375824245004,708.2832925010908,19.59215958699534,11823.25127633309,0.8159757753290142,2604.06
2025-02-08 20:00:00,11095.161141834491,708.2832925010908,21.97422762961022,11825.418661965194,0.8159757753290142,2630.99
2025-02-09 00:00:00,11149.007110653998,711.7068938932875,59.647829176550864,11920.361833723837,-0.7975319673384716,2677.16
2025-02-09 12:00:00,11148.795612354048,711.7068938932875,20.13768217529641,11880.640188422632,-0.7975319673384716,2651.91
2025-02-10 04:00:00,11177.473206656547,713.5240527278067,32.82641577565138,11923.823675160005,0.8120531707827847,2636.0
2025-02-10 12:00:00,11177.257418955422,713.5240527278067,17.3048530693811,11908.08632475261,0.8120531707827847,2657.31
2025-02-10 20:00:00,11177.041413624047,713.5240527278067,19.48115556707883,11910.046621918933,0.8120531707827847,2659.99
2025-02-11 00:00:00,11176.823969334453,713.5240527278067,33.87073775334998,11924.21875981561,0.8120531707827847,2677.71
2025-02-11 08:00:00,11229.05266282606,716.8166736916977,57.91563214022834,12003.784968657985,-0.794309509431871,2707.32
2025-02-11 12:00:00,11228.841284356648,716.8166736916977,36.665326955375406,11982.32328500372,-0.794309509431871,2661.16
2025-02-11 20:00:00,11228.634682070317,716.8166736916977,84.42715775751354,12029.878513519527,-0.794309509431871,2601.03
2025-02-12 00:00:00,11317.058339840647,722.4345952170302,96.35768658918022,12135.850621646858,0.838087936880016,2586.01
2025-02-12 08:00:00,11346.252638324138,724.2982395117068,33.4648513196189,12104.015729155464,-0.8274731024071839,2625.94
2025-02-12 12:00:00,11359.531507333653,725.145908055047,16.508088393023545,12101.185503781724,0.8347836039912436,2605.99
2025-02-12 16:00:00,11359.308021571544,725.145908055047,59.41989693209696,12143.873826558687,0.8347836039912436,2677.17
2025-02-13 00:00:00,11464.932190225303,731.874255421815,114.82448472899571,12311.630930376114,-0.8002882284440703,2743.54
2025-02-13 04:00:00,11464.717702576334,731.874255421815,50.74627656563838,12247.338234563787,-0.8002882284440703,2680.13
2025-02-13 16:00:00,11540.57810174437,736.7031802030643,83.06191523021003,12360.343197177644,0.8372419890554761,2639.75
2025-02-13 20:00:00,11540.354179699912,736.7031802030643,29.110903959458888,12306.168263862437,0.8372419890554761,2674.52
2025-02-14 00:00:00,11596.477252642102,740.2715527641221,62.1652176873691,12398.914023093592,-0.8182810089507614,2714.0
2025-02-14 04:00:00,11596.256480425887,740.2715527641221,13.092496143212182,12349.620529333222,-0.8182810089507614,2698.0
2025-02-14 08:00:00,12359.758703721718,0.0,24.548430268522843,12384.307133990242,0.0,2684.0
2025-02-15 00:00:00,11617.06080321508,741.5855222233031,0.0,12358.646325438382,-0.8169610741257227,2723.21
2025-02-15 08:00:00,11616.839659204963,741.5855222233031,13.31646550824943,12371.741646936514,-0.8169610741257227,2706.91
2025-02-16 04:00:00,11636.696057748806,742.8389563521278,23.544818156303464,12403.079832257237,0.8270951380670145,2694.39
2025-02-16 08:00:00,11646.32561452228,743.4536677674851,12.704181320709448,12402.483463610473,-0.8230873709022807,2709.75
2025-02-16 16:00:00,11646.104839442958,743.4536677674851,22.610210078685487,12412.168717289129,-0.8230873709022807,2682.28
2025-02-17 04:00:00,11666.477553770374,744.7400849296447,24.099998220018943,12435.317636920037,0.8335180974936987,2680.47
2025-02-17 12:00:00,11722.31817418795,748.3047211448725,61.905389100856986,12532.52828443368,-0.8149277839050573,2754.74
2025-02-17 16:00:00,11749.39696304307,750.033319980194,31.26062979059773,12530.690912813861,0.8283450621564664,2716.38
2025-02-17 20:00:00,11767.783675399653,751.2070522964743,22.050545554605044,12541.041273250732,-0.8215899223074821,2743.0
2025-02-18 00:00:00,11767.560962911462,751.2070522964743,26.496274994416297,12545.264290202354,-0.8215899223074821,2710.75
2025-02-18 12:00:00,11767.341402863805,751.2070522964743,58.02068031335429,12576.569135473635,-0.8215899223074821,2672.38
2025-02-18 16:00:00,11853.278461085805,756.6646888161082,93.8255691275143,12703.768719029427,0.8635096114000017,2628.8
2025-02-18 20:00:00,11853.047854799514,756.6646888161082,36.06879646817806,12645.7813400838,0.8635096114000017,2670.57
2025-02-19 00:00:00,11852.815316842221,756.6646888161082,55.385506475196,12664.865512133525,0.8635096114000017,2692.94
2025-02-19 04:00:00,11852.581564790415,756.6646888161082,67.52645161147997,12676.772705218003,0.8635096114000017,2707.0
2025-02-19 08:00:00,11929.110639247046,761.5055040959484,83.92449913196582,12774.540642474962,-0.8380502174578209,2725.99
2025-02-19 12:00:00,11950.708872947222,762.8842467649384,25.476726610717453,12739.069846322878,0.8490359217443363,2695.59
2025-02-19 20:00:00,11950.478439503844,762.8842467649384,15.681693474617722,12729.044379743402,0.8490359217443363,2714.06
2025-02-20 08:00:00,11983.026332525313,764.9472608563786,37.153811935531955,12785.127405317224,-0.8377322293862178,2739.35
2025-02-20 12:00:00,12002.792709237961,766.2090652873974,23.540275645752644,12792.542050171112,0.847810860622293,2711.25
2025-02-21 04:00:00,12002.55913819367,766.2090652873974,37.08324704361891,12805.851450524686,0.847810860622293,2754.99
2025-02-21 08:00:00,12060.682272903225,769.9044976372136,64.391234864263,12894.9780054047,-0.8286859546898827,2787.2
2025-02-21 12:00:00,12060.45668386921,769.9044976372136,53.82315275710773,12884.184334263531,-0.8286859546898827,2722.25
2025-02-21 16:00:00,12173.996072806276,777.1379859437357,123.25046204102627,13074.384520791038,0.8836234476159316,2638.47
2025-02-22 04:00:00,12173.75901430775,777.1379859437357,39.17102743281458,12990.068027684301,0.8836234476159316,2682.8
2025-02-22 08:00:00,12173.517616334473,777.1379859437357,82.56577494523269,13033.221377223443,0.8836234476159316,2731.91
2025-02-23 00:00:00,12173.27447143764,777.1379859437357,100.03501050459965,13050.447467885975,0.8836234476159316,2751.68
2025-02-23 04:00:00,12324.603702802133,786.7521594281666,163.62055379504213,13274.976416025342,-0.8358914303114064,2823.64
2025-02-23 08:00:00,12324.369952450777,786.7521594281666,22.752964733076315,13133.87507661202,-0.8358914303114064,2796.42
2025-02-23 12:00:00,12354.874884923414,788.6845475581758,35.01549201574471,13178.574924497334,0.8505630062638726,2781.75
2025-02-23 20:00:00,12381.822836499097,790.4047942781178,31.29221300044784,13203.519843777663,-0.8412917265088852,2818.54
2025-02-24 04:00:00,12381.593970656526,790.4047942781178,82.555957122317,13254.55472205696,-0.8412917265088852,2720.41
2025-02-24 08:00:00,12381.367773391312,790.4047942781178,109.24173068717866,13281.01429835661,-0.8412917265088852,2688.69
2025-02-24 12:00:00,12381.144192543366,790.4047942781178,135.40590338160493,13306.95489020309,-0.8412917265088852,2657.59
2025-02-24 16:00:00,12380.922073860442,790.4047942781178,150.02755358832943,13321.35442172689,-0.8412917265088852,2640.21
2025-02-24 20:00:00,12380.710718663866,790.4047942781178,257.6624170778762,13428.77793001986,-0.8412917265088852,2512.27
2025-02-25 00:00:00,12380.500914809234,790.4047942781178,273.1758365147001,13444.081545602052,-0.8412917265088852,2493.83
2025-02-25 04:00:00,12735.527549701186,812.9838526902269,380.0198857813285,13928.531288172742,1.030471794793323,2366.83
2025-02-25 08:00:00,13614.5652276847,0.0,67.5577308666502,13682.12295855135,0.0,2432.39
2025-02-25 12:00:00,12796.466003153126,816.8739136610819,0.0,13613.339916814208,1.0172818239109527,2408.99
2025-02-25 16:00:00,12796.214686730375,816.8739136610819,62.54248653404539,13675.631086925501,1.0172818239109527,2470.47
2025-02-26 04:00:00,12864.103197937276,821.1915948082653,74.95332478575929,13760.248117531302,-0.9923085969640735,2482.67
2025-02-26 08:00:00,12863.858721875933,821.1915948082653,18.81417099843887,13703.864487682638,-0.9923085969640735,2463.71
2025-02-26 12:00:00,12863.617819117848,821.1915948082653,54.54720357511537,13739.35661750123,-0.9923085969640735,2427.7
2025-02-26 16:00:00,13035.811824981532,832.1527694129139,185.77009243764422,14053.734686832091,1.0875634113592665,2295.46
2025-02-27 00:00:00,13035.55831286278,832.1527694129139,38.66287927382212,13906.373961549518,1.0875634113592665,2331.01
2025-02-27 08:00:00,13091.530043923633,835.7095920198933,62.31738347088617,13989.557019414413,-1.0656117819325726,2352.76
2025-02-27 12:00:00,13091.282574768291,835.7095920198933,32.437222642027564,13959.429389430212,-1.0656117819325726,2322.32
2025-02-27 16:00:00,13150.399530271869,839.4675786153059,65.59906129576959,14055.466170182945,1.099163205240013,2291.2
2025-02-27 20:00:00,13163.758117983027,840.3203360736471,16.99306315301064,14021.071517209686,-1.0929053298799745,2306.66
2025-02-28 00:00:00,13163.523535690116,840.3203360736471,175.13807911326592,14178.981950877029,-1.0929053298799745,2146.41
2025-02-28 04:00:00,13368.320297981176,853.3787467724255,220.51550840988241,14442.214553163483,1.216280299833852,2104.89
2025-02-28 08:00:00,13368.061902880318,853.3787467724255,23.814768270746733,14245.255417923488,1.216280299833852,2124.47
2025-02-28 20:00:00,13367.789870844737,853.3787467724255,160.18411548811864,14381.352733105281,1.216280299833852,2236.59
2025-03-01 00:00:00,13544.320086904803,864.6138515541788,190.7127510139482,14599.646689472931,-1.1468598944428885,2261.69
2025-03-01 04:00:00,13544.064549317423,864.6138515541788,38.46568085961444,14447.144081731216,-1.1468598944428885,2228.15
2025-03-01 08:00:00,13543.814157690389,864.6138515541788,89.92528432326672,14498.353293567834,-1.1468598944428885,2183.28
2025-03-01 12:00:00,13637.53496543612,870.564307142351,102.47193156847199,14610.571204146943,1.2022486910092587,2172.34
2025-03-02 04:00:00,13637.268037372747,870.564307142351,57.58771229934305,14565.42005681444,1.2022486910092587,2220.24
2025-03-02 12:00:00,13637.000053735024,870.564307142351,68.14345580640459,14575.70781668378,1.2022486910092587,2229.02
2025-03-02 16:00:00,13636.70129373306,870.564307142351,375.907098217865,14883.172699093277,1.2022486910092587,2485.01
2025-03-02 20:00:00,14023.420714598542,895.1976709215909,414.5113036861719,15333.129689206304,-1.0669308625591043,2517.12
2025-03-03 00:00:00,14023.160363196392,895.1976709215909,82.07899125667171,15000.437025374655,-1.0669308625591043,2440.19
2025-03-03 04:00:00,14022.905809496548,895.1976709215909,140.0560143281336,15058.15949474627,-1.0669308625591043,2385.85
2025-03-03 08:00:00,14022.654522739005,895.1976709215909,172.72543733969326,15090.57763100029,-1.0669308625591043,2355.23
2025-03-03 12:00:00,14022.410587135106,895.1976709215909,246.23697377001565,15163.845231826712,-1.0669308625591043,2286.33
2025-03-03 16:00:00,14429.943192764968,921.1483988529733,436.2146831572897,15787.30627477523,1.3107643691552409,2108.27
2025-03-03 20:00:00,14476.274954461496,924.1060285215498,52.365036547751636,15452.746019530798,-1.2905187017924837,2148.22
2025-03-04 04:00:00,14556.607733267823,929.2341436904271,88.4650570078744,15574.306933966123,1.3404542216175073,2079.67
2025-03-04 08:00:00,14579.78993787807,930.7140005667395,27.747402387482158,15538.25134083229,-1.3293572093013224,2100.37
2025-03-04 12:00:00,14610.134141773282,932.6510501073475,35.334314623229055,15578.11950650386,1.3491979179772506,2073.79
2025-03-05 00:00:00,14609.842755498936,932.6510501073475,115.9095931334254,15658.403398739709,1.3491979179772506,2159.7
2025-03-05 08:00:00,14787.959674094753,944.0027028605773,192.6789546663311,15924.64133162166,-1.2776360681141081,2216.6
2025-03-05 12:00:00,14822.268728715404,946.1928522123651,39.59394175085593,15808.055522678625,1.298758038550837,2185.61
2025-03-05 16:00:00,14821.980757693033,946.1928522123651,41.1316670809051,15809.305276986302,1.298758038550837,2217.28
2025-03-05 20:00:00,14821.689777448286,946.1928522123651,71.2238908341275,15839.106520494779,1.298758038550837,2240.45
2025-03-06 04:00:00,14821.392983962558,946.1928522123651,129.35630063966326,15896.942136814587,1.298758038550837,2285.21
2025-03-06 08:00:00,14954.087535563589,954.607624276596,144.33098082415407,16053.026140664339,-1.2469077356730793,2296.74
2025-03-06 12:00:00,14953.806182055205,954.607624276596,50.2877889796952,15958.701595311495,-1.2469077356730793,2256.41
2025-03-06 20:00:00,14953.53169526772,954.607624276596,118.95499798321131,16027.094317527528,-1.2469077356730793,2201.34
2025-03-07 00:00:00,15125.955660556936,965.5789805762427,186.45011371519524,16277.984754848374,1.3490701616184388,2147.21
2025-03-07 08:00:00,15125.659311663603,965.5789805762427,66.75199159688037,16157.990283836727,1.3490701616184388,2196.69
2025-03-07 12:00:00,15200.909135678829,970.3637030574521,83.27810107670625,16254.550939812987,-1.3178678955391983,2208.94
2025-03-07 16:00:00,15200.622173898179,970.3637030574521,41.47330267261891,16212.45917962825,-1.3178678955391983,2177.47
2025-03-08 08:00:00,15281.972197005378,975.5384364676646,89.68091029144269,16347.191543764486,1.3670087250643395,2140.89
2025-03-08 12:00:00,15281.674133055956,975.5384364676646,54.02418481454267,16311.236754338164,1.3670087250643395,2180.41
2025-03-08 16:00:00,15385.04058103224,982.1178994392384,113.24300278433007,16480.40148325581,-1.324960178761682,2223.73
2025-03-08 20:00:00,15384.748713504223,982.1178994392384,27.67841813433137,16394.545031077792,-1.324960178761682,2202.84
2025-03-09 04:00:00,15384.45933292646,982.1178994392384,52.54792068968812,16419.125153055385,-1.324960178761682,2184.07
2025-03-09 08:00:00,15384.175045495625,982.1178994392384,103.47938996128725,16469.77233489615,-1.324960178761682,2145.63
2025-03-09 12:00:00,15383.8973523916,982.1178994392384,169.42265805825613,16535.437909889093,-1.324960178761682,2095.86
2025-03-09 16:00:00,15383.627147962503,982.1178994392384,244.30940736186668,16610.054454763605,-1.324960178761682,2039.34
2025-03-09 20:00:00,15635.528738733277,998.1080362204855,270.9941053621268,16904.63088031589,1.4829259650660935,2019.2
2025-03-10 00:00:00,15635.22372755493,998.1080362204855,55.787674805786615,16689.1194385812,1.4829259650660935,2056.82
2025-03-10 04:00:00,15634.916139051256,998.1080362204855,81.5609280786348,16714.585103350375,1.4829259650660935,2074.2
2025-03-10 08:00:00,15782.201517425296,1007.4710249337892,160.05219940958358,16949.724741768667,-1.420887804131091,2127.13
2025-03-10 12:00:00,15781.914925776091,1007.4710249337892,156.4965827469985,16945.882533456876,-1.420887804131091,2016.99
2025-03-10 20:00:00,17160.94995011898,0.0,373.1535551209073,17534.103505239887,0.0,1864.51
2025-03-11 00:00:00,16129.74846761633,1029.6569970071387,0.0,17159.40546462347,1.670653227231209,1848.96
2025-03-11 04:00:00,16129.430523930001,1029.6569970071387,90.46587225456973,17249.55339319171,1.670653227231209,1903.11
2025-03-11 12:00:00,16129.110831069744,1029.6569970071387,107.95761154368054,17266.72543962056,1.670653227231209,1913.58
2025-03-11 16:00:00,16285.555454691665,1039.6030761259055,169.905433209414,17495.063964026984,-1.598848199264719,1950.66
2025-03-11 20:00:00,16285.248058538025,1039.6030761259055,44.84769198937566,17369.698826653308,-1.598848199264719,1922.61
2025-03-12 00:00:00,16406.410955447565,1047.3179956877295,132.24073456118498,17585.96968569648,1.6820332380755314,1867.95
2025-03-12 08:00:00,16478.81342639859,1051.9398725238748,80.53575143905624,17611.28905036152,-1.647233636372551,1915.83
2025-03-12 16:00:00,16535.410948827033,1055.552826259559,63.649107709435164,17654.612882796027,1.6869142062224265,1877.19
2025-03-12 20:00:00,16579.754053360866,1058.3835082099904,50.69177189698384,17688.829333467842,-1.6647881360657133,1907.24
2025-03-13 00:00:00,16579.44007098883,1058.3835082099904,35.326804247314485,17673.150383446133,-1.6647881360657133,1886.02
2025-03-13 04:00:00,16632.587952815895,1061.756207688985,59.982316542447606,17754.326477047325,1.702250748481974,1871.21
2025-03-13 08:00:00,17740.781938823136,0.0,48.37796627185782,17789.159905094995,0.0,1899.63
2025-03-13 12:00:00,16674.738352119253,1064.4469163293882,0.0,17739.18526844864,-1.7033694359627916,1874.72
2025-03-13 16:00:00,16709.515689571752,1066.6669589368187,40.48909149283553,17816.671740001406,1.728842419736058,1850.95
2025-03-13 20:00:00,16709.19347483693,1066.6669589368187,22.146471396818807,17798.00690517057,1.728842419736058,1863.76
2025-03-14 08:00:00,16708.864733721977,1066.6669589368187,87.410272741855,17862.94196540065,1.728842419736058,1901.51
2025-03-14 12:00:00,16708.532588516297,1066.6669589368187,121.45117998645807,17896.650727439574,1.728842419736058,1921.2
2025-03-14 16:00:00,16839.001799603153,1074.9328212022315,142.35288484106687,18056.28750564645,-1.6680365923408773,1933.29
2025-03-15 04:00:00,16861.442156875084,1076.3653215866466,27.40584121216072,17965.21331967389,1.6845757983159646,1916.86
2025-03-16 04:00:00,16871.316628228604,1076.995667344444,14.066207915938534,17962.378503488984,-1.6782517242448003,1925.21
2025-03-16 08:00:00,16950.99742386616,1082.0821625814915,88.27604069527672,18121.35562714293,1.7335411472460762,1872.61
2025-03-16 12:00:00,16982.83074310662,1084.1142711391485,37.46182419198793,18104.406838437757,-1.7169826173398262,1894.22
2025-03-16 20:00:00,16992.790056312566,1084.7500328528838,14.165106593053565,18091.705195758503,1.7255046997346994,1885.97
2025-03-17 04:00:00,18100.006025766626,0.0,24.433146548243485,18124.43917231487,0.0,1900.13
2025-03-17 12:00:00,17012.37666367831,1086.0003615459975,0.0,18098.37702522431,1.6982111372162445,1918.49
2025-03-17 16:00:00,17045.29919352012,1088.1020008417904,38.63430337166956,18172.03549773358,-1.681557150339665,1941.24
2025-03-17 20:00:00,17044.975431551065,1088.1020008417904,26.686311975890682,18159.763744368745,-1.681557150339665,1925.37
2025-03-18 04:00:00,17044.655264751196,1088.1020008417904,62.638003850152515,18195.39526944314,-1.681557150339665,1903.99
2025-03-18 08:00:00,17044.33719148998,1088.1020008417904,83.57339037188142,18216.012582703654,-1.681557150339665,1891.54
2025-03-18 12:00:00,17137.91612534245,1094.0142859641317,103.02900660131124,18334.959417907892,1.745795336038551,1879.97
2025-03-18 16:00:00,17137.58380796285,1094.0142859641317,41.13093811706817,18272.729032044048,1.745795336038551,1903.53
2025-03-19 04:00:00,17137.246658221757,1094.0142859641317,89.45455301861537,18320.715497204503,1.745795336038551,1931.21
2025-03-19 08:00:00,17136.89278725294,1094.0142859641317,256.66683030438776,18487.573903521457,1.745795336038551,2026.99
2025-03-19 12:00:00,17408.901182929825,1111.3128607800636,293.1190369208725,18813.33308063076,-1.6280030384449165,2047.87
2025-03-19 16:00:00,17432.95267666793,1112.8482095095017,29.238934570470388,18575.0398207479,1.644676181962996,2029.91
2025-03-19 20:00:00,17468.587430103307,1115.122986037172,41.610307403663725,18625.320723544144,-1.627750428477633,2055.21
2025-03-20 00:00:00,17468.258323382925,1115.122986037172,54.301754294014046,18637.68306371411,-1.627750428477633,2021.85
2025-03-20 04:00:00,17467.931723398204,1115.122986037172,79.36911089256937,18662.423820327946,-1.627750428477633,2006.45
2025-03-20 08:00:00,17467.608061503004,1115.122986037172,108.75000612659056,18691.481053666765,-1.627750428477633,1988.4
2025-03-21 04:00:00,17467.28641801834,1115.122986037172,128.93411143971338,18711.343515495224,-1.627750428477633,1976.0
2025-03-21 08:00:00,17466.966384378844,1115.122986037172,145.03256317735733,18727.12193359337,-1.627750428477633,1966.11
2025-03-21 12:00:00,17625.232880889263,1125.1225892408377,171.85789023866838,18922.21336036877,1.731286330084433,1949.63
2025-03-21 20:00:00,17624.892716019844,1125.1225892408377,26.28092649068141,18776.296231751363,1.731286330084433,1964.81
2025-03-22 16:00:00,17695.19128434304,1129.5884468306353,78.53114793262971,18903.310879106306,-1.6986377578293155,1994.99
2025-03-22 20:00:00,17716.337440351315,1130.938330713663,26.209980603306445,18873.485751668286,1.7139237972786825,1979.56
2025-03-23 12:00:00,17755.735240901005,1133.4533247375393,45.67606919747704,18934.864634836023,-1.6949172689861072,2006.21
2025-03-24 00:00:00,17740.61509944957,1132.4881169122302,-12.338997718218813,18860.76421864358,1.6873509929210926,2013.49
2025-03-24 04:00:00,17740.266075958738,1132.4881169122302,92.77055759080132,18965.52475046177,1.6873509929210926,2068.47
2025-03-24 20:00:00,17842.84304176406,1139.0139295313843,112.91752844627925,19094.774499741725,-1.6424847931869935,2080.41
2025-03-25 00:00:00,17898.24100384335,1142.5503082535574,62.66079486008358,19103.452106956993,1.6783616800802408,2042.26
2025-03-25 04:00:00,17897.896134085328,1142.5503082535574,21.04665546820654,19061.49309780709,1.6783616800802408,2054.8
2025-03-25 20:00:00,17930.57087878494,1144.61411489089,38.535184174642005,19113.72017785047,-1.6627005087461242,2065.22
2025-03-26 00:00:00,19101.64047420097,0.0,28.498686719908356,19130.139160920877,0.0,2048.08
2025-03-26 08:00:00,17953.82289810623,1146.0984284520582,0.0,19099.921326558288,-1.6630689574334319,2067.44
2025-03-26 12:00:00,17953.488420014444,1146.0984284520582,93.51436747648191,19193.101215942985,-1.6630689574334319,2011.21
2025-03-26 20:00:00,18041.842952080122,1151.717267743515,97.70530124921412,19291.26552107285,1.720102058172513,2008.69
2025-03-27 04:00:00,18065.334832779372,1153.2168930714242,28.811709474389595,19247.363435325187,-1.7080983288639864,2025.44
2025-03-27 08:00:00,18064.990599723154,1153.2168930714242,17.320117054680992,19235.52760984926,-1.7080983288639864,2015.3
2025-03-28 00:00:00,18064.64914745102,1153.2168930714242,45.12795784858665,19262.993998371032,-1.7080983288639864,1999.02
2025-03-28 04:00:00,18064.323064647644,1153.2168930714242,198.82264547976817,19416.36260319884,-1.7080983288639864,1909.04
2025-03-28 08:00:00,18063.998626742963,1153.2168930714242,215.27163238672816,19432.487152201116,-1.7080983288639864,1899.41
2025-03-28 16:00:00,18304.838765540764,1168.5058419768338,259.8017558202126,19733.146363337808,1.8712660413648892,1873.34
2025-03-29 00:00:00,18346.230804250576,1171.148139986844,47.92312331935505,19565.302067556775,-1.8502037546857641,1898.95
2025-03-29 04:00:00,18345.88308250753,1171.148139986844,36.22698951674755,19553.258212011122,-1.8502037546857641,1879.37
2025-03-29 12:00:00,18345.54278933256,1171.148139986844,110.51267026738073,19627.203599586785,-1.8502037546857641,1839.22
2025-03-30 08:00:00,18345.203741344718,1171.148139986844,122.96454153641595,19639.316422867978,-1.8502037546857641,1832.49
2025-03-30 20:00:00,18344.86941137645,1171.148139986844,170.14473728090294,19686.162288644195,-1.8502037546857641,1806.99
2025-03-31 04:00:00,18517.135177545464,1182.0579743302314,186.94458737344954,19886.13773924915,1.9723867840941394,1797.91
2025-03-31 08:00:00,18516.777678496073,1182.0579743302314,28.81657091561518,19727.65222374192,1.9723867840941394,1812.52
2025-03-31 12:00:00,18593.65344550222,1186.9425867690877,85.71992963673092,19866.31596190804,-1.9337926436877233,1841.37
2025-03-31 20:00:00,18625.945424135465,1189.0039742615018,38.25041849214311,19853.199816889108,1.9581859379907143,1821.59
2025-04-01 00:00:00,18625.58624387979,1189.0039742615018,24.790633974962603,19839.380852116254,1.9581859379907143,1834.25
2025-04-01 08:00:00,18625.2217314838,1189.0039742615018,78.11203706644979,19892.337742811753,1.9581859379907143,1861.48
2025-04-01 20:00:00,18773.54968498194,1198.4264249757066,161.78532219679303,20133.76143215444,-1.8880686872388652,1904.21
2025-04-02 00:00:00,18773.195594692264,1198.4264249757066,54.37637819247923,20025.99839786045,-1.8880686872388652,1875.41
2025-04-02 08:00:00,18833.70827655536,1202.2667027623088,68.27256373055752,20104.24754304823,1.930783495242058,1868.05
2025-04-02 12:00:00,18833.341410314213,1202.2667027623088,61.86230318755547,20097.470416264077,1.930783495242058,1900.09
2025-04-02 16:00:00,18906.733656745277,1206.9283435698276,82.07760638273986,20195.739606697844,-1.8951433248416605,1910.56
2025-04-02 20:00:00,19110.56061545501,1219.9398207565625,220.70839161105985,20551.208827822633,2.039919437193962,1794.1
2025-04-03 00:00:00,19163.591766071502,1223.3251119408137,60.483611312801166,20447.400489325115,-2.0123236933913318,1823.75
2025-04-03 04:00:00,19163.226625912688,1223.3251119408137,18.57374769000203,20405.125485543504,-2.0123236933913318,1814.52
2025-04-03 08:00:00,19162.86553656147,1223.3251119408137,59.0818236379693,20445.272472140252,-2.0123236933913318,1794.39
2025-04-03 16:00:00,19229.55504905251,1227.5359374228922,74.89868786802542,20531.98967434343,2.0613187644588544,1786.53
2025-04-03 20:00:00,19283.739531993342,1230.9948526131232,61.73649699554279,20576.470881602007,-2.033044436404128,1816.48
2025-04-04 00:00:00,19326.479168193193,1233.723175720645,49.504632026440326,20609.70697594028,2.0652349590498096,1792.13
2025-04-04 04:00:00,20609.065538694882,0.0,51.11456523648279,20660.180103931365,0.0,1816.88
2025-04-04 08:00:00,19370.66679047471,1236.5439323216929,0.0,20607.2107227964,2.080369566928979,1783.16
2025-04-04 12:00:00,19370.293474397033,1236.5439323216929,23.52897980196664,20630.36638652069,2.080369566928979,1794.47
2025-04-05 08:00:00,20653.346231971773,0.0,48.76386264881491,20702.110094620588,0.0,1806.6
2025-04-05 16:00:00,19412.28665689259,1239.2007739183064,0.0,20651.487430810896,2.0869812565638703,1781.33
2025-04-06 00:00:00,19462.90286968824,1242.431905375296,57.97633930734426,20763.31111437088,-2.060292473164091,1809.11
2025-04-06 08:00:00,19462.534444067605,1242.431905375296,43.0395097643976,20748.005859207296,-2.060292473164091,1788.22
2025-04-06 12:00:00,19462.172079827425,1242.431905375296,103.6533143248853,20808.257299527606,-2.060292473164091,1758.8
2025-04-06 16:00:00,19461.8372369741,1242.431905375296,378.8671828901444,21083.136325239542,-2.060292473164091,1625.22
2025-04-06 20:00:00,19461.511714883927,1242.431905375296,472.07481437608794,21176.01843463531,-2.060292473164091,1579.98
2025-04-07 00:00:00,19461.193855021458,1242.431905375296,548.6970914530606,21252.322851849814,-2.060292473164091,1542.79
2025-04-07 04:00:00,20134.82644512656,1285.3247509948758,720.2576456934344,22140.408841814868,2.641946840731629,1459.52
2025-04-07 08:00:00,20134.434818778573,1285.3247509948758,60.28922690549561,21480.048796678944,2.641946840731629,1482.34
2025-04-07 12:00:00,20368.764714629506,1300.2584107816392,253.679735647051,21922.7028610582,-2.507666297456136,1555.54
2025-04-07 16:00:00,20390.62687431787,1301.6540014034026,27.53417594606842,21719.81505166734,2.5282035040465947,1544.56
2025-04-07 20:00:00,20390.234385893087,1301.6540014034026,19.922243611887442,21711.810630908378,2.5282035040465947,1552.44
2025-04-08 00:00:00,20479.790031019682,1307.345811685354,99.61121805943606,21886.747060764472,-2.4760962619359463,1583.96
2025-04-08 04:00:00,20508.29031482304,1309.1651529288786,34.615825741864576,21852.071293493784,2.501621331982978,1569.98
2025-04-08 08:00:00,20545.540706609856,1311.5430651834658,43.978503016260575,21901.06227480958,-2.478412907575397,1587.56
2025-04-08 12:00:00,20545.161323554028,1311.5430651834658,140.79863727935816,21997.50302601685,-2.478412907575397,1530.75
2025-04-08 20:00:00,20544.79633512037,1311.5430651834658,284.74485895133705,22141.08425925517,-2.478412907575397,1472.67
2025-04-09 00:00:00,20936.09076462727,1336.4741793125258,420.33882912478714,22692.903773064583,2.827599183289781,1417.96
2025-04-09 04:00:00,21104.432171790362,1347.2204044083176,183.62429096283853,22635.27686716152,-2.725511641530078,1482.9
2025-04-09 08:00:00,21172.69158039393,1351.5778051341467,77.02295898963997,22601.29234451772,2.7874480389666445,1454.64
2025-04-09 12:00:00,21172.277700109105,1351.5778051341467,84.06943285523359,22607.924938098487,2.7874480389666445,1484.8
2025-04-09 16:00:00,21171.820633891813,1351.5778051341467,515.928757532336,23039.327196558297,2.7874480389666445,1639.73
2025-04-09 20:00:00,21728.14465470255,1387.035651585953,596.6532527408101,23711.833559029314,-2.493636897660955,1668.69
2025-04-10 00:00:00,21727.74158572805,1387.035651585953,130.41720974766784,23245.194447061673,-2.493636897660955,1616.39
2025-04-10 08:00:00,21727.34411995566,1387.035651585953,186.44923083810954,23300.82900237972,-2.493636897660955,1593.92
2025-04-10 12:00:00,22130.42793202971,1412.7157663199484,433.1197927547314,23976.26349110439,2.83488113642799,1495.0
2025-04-10 16:00:00,22129.99882457673,1412.7157663199484,52.92723081711078,23595.641821713787,2.83488113642799,1513.67
2025-04-10 20:00:00,22129.567477567656,1412.7157663199484,75.32279179489151,23617.606035682493,2.83488113642799,1521.57
2025-04-11 00:00:00,22129.129876810795,1412.7157663199484,137.86026966449347,23679.705912795234,2.83488113642799,1543.63
2025-04-11 20:00:00,22313.787877885443,1424.420713337582,201.16316544093027,23939.371756663957,-2.728845015206484,1565.96
2025-04-12 00:00:00,22341.064882233124,1426.161965437103,33.70123593780045,23800.92808360803,2.753899560579109,1553.61
2025-04-12 04:00:00,22340.62942461901,1426.161965437103,76.09024485880109,23842.881634914913,2.753899560579109,1581.24
2025-04-12 08:00:00,22340.19067058712,1426.161965437103,109.05442259893309,23875.407058623154,2.753899560579109,1593.21
2025-04-12 12:00:00,22598.36056803364,1442.586666895786,279.4932664031738,24320.4405013326,-2.6148027313681097,1655.1
2025-04-12 20:00:00,22597.930799056714,1442.586666895786,30.07023141073326,24070.587697363233,-2.6148027313681097,1643.6
2025-04-13 00:00:00,22597.506259685248,1442.586666895786,82.36628603809545,24122.459212619127,-2.6148027313681097,1623.6
2025-04-13 04:00:00,22597.08455214514,1442.586666895786,110.68459961881189,24150.35581865974,-2.6148027313681097,1612.77
2025-04-13 08:00:00,22596.665237149533,1442.586666895786,134.61004461083033,24173.86194865615,-2.6148027313681097,1603.62
2025-04-13 20:00:00,22735.366204762904,1451.332544909379,152.1292229109962,24338.82797258328,2.726497028484919,1596.92
2025-04-14 04:00:00,22734.920444310723,1451.332544909379,103.60688708242692,24289.85987630253,2.726497028484919,1634.92
2025-04-14 08:00:00,22929.470591068617,1463.7233729443426,211.87608408356317,24605.070048096524,-2.6221733271427285,1674.63
2025-04-14 12:00:00,23042.488861023427,1470.9379958308834,124.99900250489407,24638.425859359202,2.7123063796852103,1626.96
2025-04-14 16:00:00,23060.75468511211,1472.1040111358818,24.302265161979584,24557.160961409973,-2.6995892423881642,1635.92
2025-04-14 20:00:00,23088.940379865504,1473.9032703045295,34.82470122680756,24597.668351396842,2.724371733505187,1623.02
2025-04-15 04:00:00,23138.519914711735,1477.0682244924556,57.64770588096998,24673.23584508516,-2.695084889414399,1644.18
2025-04-15 08:00:00,23138.080297854744,1477.0682244924556,35.03610356238719,24650.184625909584,-2.695084889414399,1631.18
2025-04-15 12:00:00,23137.64366176164,1477.0682244924556,64.8437424393109,24679.555628693408,-2.695084889414399,1620.12
2025-04-15 16:00:00,23137.210785311956,1477.0682244924556,102.44017664664128,24716.719186451053,-2.695084889414399,1606.17
2025-04-16 00:00:00,24757.673664089576,0.0,145.96579761068406,24903.63946170026,0.0,1590.02
2025-04-16 04:00:00,23269.985053614433,1485.4604198453746,0.0,24755.445473459808,2.850350992699558,1563.45
2025-04-16 16:00:00,24823.161558429874,0.0,70.43217302960618,24893.59373145948,0.0,1588.16
2025-04-17 00:00:00,23331.537780383824,1489.3896935057924,0.0,24820.927473889617,2.8207425825846424,1584.04
2025-04-17 04:00:00,23371.829761275705,1491.9617683358433,47.81158677480982,24911.60311638636,-2.795698477196941,1600.99
2025-04-17 08:00:00,23371.38454629321,1491.9617683358433,23.735480071402055,24887.081794700458,-2.795698477196941,1592.5
2025-04-18 12:00:00,23416.003828121586,1494.7816596134685,52.33547549312681,24963.120963228183,2.834121217516862,1582.27
2025-04-18 20:00:00,23415.553795179334,1494.7816596134685,15.984443666795386,24926.3198984596,2.834121217516862,1587.91
2025-04-19 08:00:00,23415.101387243503,1494.7816596134685,39.73437946958635,24949.61742632656,2.834121217516862,1596.29
2025-04-20 00:00:00,23487.37755436694,1499.3378656062991,81.82107954971214,25068.53649952295,-2.7918204481416242,1611.14
2025-04-20 04:00:00,23486.93180673055,1499.3378656062991,40.53723290701697,25026.806905243866,-2.7918204481416242,1596.62
2025-04-20 12:00:00,23582.974913592723,1505.4404089918858,107.03839598175028,25195.45371856636,2.8715165481788256,1572.8
2025-04-20 20:00:00,23582.519330263254,1505.4404089918858,39.51206770294061,25127.47180695808,2.8715165481788256,1586.56
2025-04-21 00:00:00,23582.05010723018,1505.4404089918858,175.90910374143482,25263.399619963504,2.8715165481788256,1634.06
2025-04-21 04:00:00,23772.45449130715,1517.536008211881,207.61064643332895,25497.60114595236,-2.7673746426573724,1645.1
2025-04-21 12:00:00,23772.00548477138,1517.536008211881,62.54266692405636,25352.084159907317,-2.7673746426573724,1622.5
2025-04-22 00:00:00,23941.416360038413,1528.3218410297845,185.1096898473513,25654.84789091555,2.905168211511366,1578.21
2025-04-22 04:00:00,23940.946129511696,1528.3218410297845,117.3397440629437,25586.607714604426,2.905168211511366,1618.6
2025-04-22 08:00:00,23940.472546420864,1528.3218410297845,150.8653852237854,25619.659772674433,2.905168211511366,1630.14
2025-04-22 16:00:00,23939.979382496287,1528.3218410297845,346.67372267965106,25814.974946205723,2.905168211511366,1697.54
2025-04-22 20:00:00,23939.46935988058,1528.3218410297845,515.2606339936556,25983.05183490402,2.905168211511366,1755.57
2025-04-23 16:00:00,23938.95065952742,1528.3218410297845,602.0380084715005,26069.310509028706,2.905168211511366,1785.44
2025-04-23 20:00:00,24524.495654474682,1565.5432320844347,628.2426257393329,26718.28151229845,-2.617294169974981,1794.46
2025-04-24 00:00:00,24524.033100076023,1565.5432320844347,71.08570965652069,26160.662041816977,-2.617294169974981,1767.3
2025-04-24 08:00:00,24618.67413762553,1571.5552002399506,105.7648574086892,26295.99419527417,2.687874120304354,1754.05
2025-04-25 00:00:00,24618.201071780357,1571.5552002399506,15.992851015811029,26205.749123036116,2.687874120304354,1760.0
2025-04-25 04:00:00,24617.723603197373,1571.5552002399506,60.02022910639664,26249.29903254372,2.687874120304354,1776.38
2025-04-25 08:00:00,24617.242616187166,1571.5552002399506,95.20450134118042,26284.002317768296,2.687874120304354,1789.47
2025-04-25 16:00:00,24732.131741992733,1578.7978684337477,127.40523330242662,26438.334843728906,-2.6292118045470274,1801.45
2025-04-25 20:00:00,24770.952207856055,1581.2760077787907,46.48446470439161,26398.712680339235,2.659439290567939,1783.77
2025-04-26 04:00:00,24805.443129399264,1583.477766769112,41.93935761225635,26430.860253780633,-2.6398042279178764,1799.54
2025-04-26 08:00:00,24837.299951394314,1585.5113756462415,39.09550061546361,26461.90682765602,2.6651281297107823,1784.73
2025-04-26 12:00:00,24836.820390903784,1585.5113756462415,39.07077838156029,26461.402544931585,2.6651281297107823,1799.39
2025-04-26 20:00:00,24920.229076974825,1590.8052309460368,93.99906913489924,26605.03337705576,-2.6222064246363246,1820.0
2025-04-27 08:00:00,24919.755758226354,1590.8052309460368,39.228208112559514,26549.78919728495,-2.6222064246363246,1805.04
2025-04-27 12:00:00,24981.731082843435,1594.731266792146,71.11423823613684,26647.576587871717,2.6684406097320723,1792.88
2025-04-27 16:00:00,25012.05240952922,1596.6668559455195,37.54495937893009,26646.264224853672,-2.650876099414239,1806.95
2025-04-28 00:00:00,25066.186016914216,1600.122523448897,62.82576355611758,26729.13430391923,2.6919206899462726,1783.25
2025-04-28 04:00:00,25065.700407881355,1600.122523448897,55.72275828188797,26721.54568961214,2.6919206899462726,1803.95
2025-04-28 08:00:00,25141.05096451637,1604.901594696282,85.46848190579415,26831.421041118447,-2.652729908588896,1815.0
2025-04-28 12:00:00,25268.099088890758,1613.0118259550868,140.38246676252456,27021.49338160837,2.7462064593351383,1762.08
2025-04-29 00:00:00,25267.604425706064,1613.0118259550868,107.59636907675089,26988.2126207379,2.7462064593351383,1801.26
2025-04-29 08:00:00,25435.002490991108,1623.6662547046703,183.5015156127744,27242.17026130855,-2.663348878623222,1828.9
2025-04-29 16:00:00,25434.5175164671,1623.6662547046703,21.253524051413358,27079.437295223182,-2.663348878623222,1820.92
2025-04-29 20:00:00,25510.491042811263,1628.4851342880445,86.10606924588917,27225.082246345195,2.7193237128885226,1796.57
2025-04-30 00:00:00,25535.12193089608,1630.0574691765858,31.598541543764956,27196.77794161643,-2.704457168510918,1808.19
2025-04-30 04:00:00,25562.215456577687,1631.7870087504775,34.184338609978276,27228.186803938144,2.7263852447725947,1795.55
2025-04-30 08:00:00,25606.42814773627,1634.6093656458345,52.45565210942475,27293.49316549153,-2.7021463072518053,1814.79
2025-04-30 12:00:00,25731.142174049808,1642.5705976561462,137.9986119113495,27511.711383617305,2.7939308920738206,1763.72
2025-04-30 20:00:00,25730.641303264856,1642.5705976561462,80.99605656122009,27454.207957482224,2.7939308920738206,1792.71
2025-05-01 04:00:00,25730.135674415593,1642.5705976561462,128.57669965323717,27501.282971724977,2.7939308920738206,1809.74
2025-05-01 12:00:00,25956.763175535383,1656.9733171602843,246.6202798433561,27860.356772539024,-2.684096540197762,1851.99
2025-05-01 20:00:00,25988.983714822774,1659.0301442578188,39.72462879492675,27687.738487875522,2.709077685363766,1837.19
2025-05-02 00:00:00,26007.936786824623,1660.240030651315,25.654965680394938,27693.831783156333,-2.697150581024089,1846.66
2025-05-02 04:00:00,26082.334986633443,1664.9893066336208,84.58264222091577,27831.90693548798,2.75159363185196,1815.3
2025-05-03 08:00:00,26081.833274808578,1664.9893066336208,22.150328736408152,27768.972910178603,2.75159363185196,1823.35
2025-05-04 04:00:00,26141.161503934854,1668.7445502612923,68.62474517838803,27878.530799374537,-2.720424320079923,1840.24
2025-05-04 16:00:00,26140.664324626967,1668.7445502612923,34.44057189221205,27843.849446780474,-2.720424320079923,1827.58
2025-05-04 20:00:00,26140.172507275412,1668.7445502612923,88.06013524098742,27896.977192777693,-2.720424320079923,1807.87
2025-05-05 00:00:00,26253.718668595633,1675.9297380767712,126.17327996530713,28055.82168663771,2.8027768132576196,1793.86
2025-05-05 04:00:00,26332.45337389132,1680.9558387861384,89.35252480665322,28102.761737484114,-2.7620951046471105,1825.74
2025-05-05 12:00:00,26393.740117270034,1684.868133157645,70.70963467896578,28149.317885106644,2.807895163416698,1800.14
2025-05-05 20:00:00,26439.393176041158,1687.782437214701,54.164297702308005,28181.339910958166,-2.782930539588829,1819.43
2025-05-06 04:00:00,26438.89085707876,1687.782437214701,40.15768768626698,28166.83098197973,-2.782930539588829,1805.0
2025-05-06 12:00:00,26564.863797716826,1695.7919671702712,139.48047864419243,28400.136243531288,2.8753445702057943,1769.31
2025-05-06 16:00:00,26564.35082186878,1695.7919671702712,42.382578964833435,28302.52536800388,2.8753445702057943,1784.05
2025-05-06 20:00:00,26563.82859603725,1695.7919671702712,134.88241378835406,28394.502976995875,2.8753445702057943,1816.22
2025-05-07 00:00:00,26563.303673132512,1695.7919671702712,161.85314585688405,28420.948786159664,2.8753445702057943,1825.6
2025-05-07 08:00:00,26736.859014405007,1706.771436482536,190.2615502105176,28633.892001098062,-2.789632308413934,1835.48
2025-05-07 12:00:00,26736.35221353464,1706.771436482536,52.30560578276126,28495.429255799936,-2.789632308413934,1816.73
2025-05-07 16:00:00,26837.08125991541,1713.1692136427155,112.7011452599232,28662.951618818046,2.863107850863553,1795.08
2025-05-07 20:00:00,26836.56299731089,1713.1692136427155,43.1184042340056,28592.850615187614,2.863107850863553,1810.14
2025-05-08 00:00:00,26836.018863663834,1713.1692136427155,301.8288296380359,28851.016906944584,2.863107850863553,1900.5
2025-05-08 04:00:00,26835.466913732344,1713.1692136427155,379.9916739666108,28928.62780134167,2.863107850863553,1927.8
2025-05-08 08:00:00,26834.906703734705,1713.1692136427155,462.5923354640247,29010.668252841446,2.863107850863553,1956.65
2025-05-08 12:00:00,26834.31960629124,1713.1692136427155,731.4667937386205,29278.955613672577,2.863107850863553,2050.56
2025-05-08 16:00:00,26833.71331743585,1713.1692136427155,923.380912982005,29470.26344406057,2.863107850863553,2117.59
2025-05-09 00:00:00,26833.08212813148,1713.1692136427155,1172.3854027716077,29718.6367445458,2.863107850863553,2204.56
2025-05-09 04:00:00,28357.57905883682,1810.231557840867,1628.3353280216284,31796.145944699318,-2.2974328196947305,2363.81
2025-05-09 08:00:00,28357.0389875193,1810.231557840867,29.981498297015605,30197.252043657183,-2.2974328196947305,2350.76
2025-05-09 12:00:00,28488.140985140937,1818.566095805403,145.3356001738881,30452.042681120227,2.371475641657955,2300.55
2025-05-09 16:00:00,28487.588267684612,1818.566095805403,71.47627583957046,30377.630639329585,2.371475641657955,2330.69
2025-05-10 00:00:00,28487.033624590065,1818.566095805403,90.73265804983279,30396.332378445302,2.371475641657955,2338.81
2025-05-10 04:00:00,28701.149004510477,1832.1636542547994,233.87492778030727,30767.187586545584,-2.2909968709030197,2399.17
2025-05-10 08:00:00,28728.69046162369,1833.9217879343996,35.327171749324734,30597.939421307416,2.30802951811356,2383.75
2025-05-10 12:00:00,28728.129061139764,1833.9217879343996,112.23947546586267,30674.290324540027,2.30802951811356,2432.38
2025-05-10 16:00:00,28727.552434585104,1833.9217879343996,264.50018277581376,30825.974405295317,2.30802951811356,2498.35
2025-05-10 20:00:00,29151.551031296098,1860.9154726279812,457.3591293093827,31469.82563323346,-2.1622544619618593,2581.91
2025-05-11 00:00:00,29151.002616534657,1860.9154726279812,98.59880346546059,31110.5168926281,-2.1622544619618593,2536.31
2025-05-11 04:00:00,29367.52992135392,1874.702679279117,236.33441269243065,31478.567013325468,2.274563330989259,2472.61
2025-05-11 08:00:00,29482.967319010764,1882.0717293577532,129.08146903364045,31494.12051740216,-2.232270292909376,2529.36
2025-05-11 12:00:00,29620.182265830677,1890.8309688691902,152.1068977588456,31663.120132458713,2.304748420136181,2461.22
2025-05-12 00:00:00,29619.601697398895,1890.8309688691902,133.19141119967085,31643.624077467757,2.304748420136181,2519.01
2025-05-12 04:00:00,29813.42406078121,1903.1667326093698,212.54389930495918,31929.134692695538,-2.236003273164088,2553.44
2025-05-12 08:00:00,29812.858499529317,1903.1667326093698,53.88767888325432,31769.91291102194,-2.236003273164088,2529.34
2025-05-12 12:00:00,29812.302642531627,1903.1667326093698,150.93022093857593,31866.399596079573,-2.236003273164088,2485.94
2025-05-12 16:00:00,30004.455271242114,1915.361381700936,210.5197081683991,32130.336361111447,2.3364809132321964,2459.29
2025-05-12 20:00:00,30075.045814175202,1919.8675924828035,81.47308944440644,32076.386496102412,-2.3092354850724934,2494.16
2025-05-13 00:00:00,30221.31072154905,1929.2045443637614,161.85431514873036,32312.369581061543,2.3875604388863705,2424.07
2025-05-13 04:00:00,30220.723405556688,1929.2045443637614,85.54629052529847,32235.474240445747,2.3875604388863705,2459.9
2025-05-13 08:00:00,30220.12358829787,1929.2045443637614,210.55895510538915,32359.88708776702,2.3875604388863705,2512.26
2025-05-13 12:00:00,30219.51120530846,1929.2045443637614,336.216261003978,32484.9320106762,2.3875604388863705,2564.89
2025-05-13 20:00:00,30784.459097510928,1965.1536273160787,607.681882905359,33357.294607732365,-2.2009568026268433,2678.59
2025-05-14 04:00:00,30783.87823419732,1965.1536273160787,86.82774586362957,32835.85960737703,-2.2009568026268433,2639.14
2025-05-14 08:00:00,30783.300667917003,1965.1536273160787,119.79807876697973,32868.25237400006,-2.2009568026268433,2624.16
2025-05-14 20:00:00,30782.726495512074,1965.1536273160787,153.7368326634858,32901.616955491634,-2.2009568026268433,2608.74
2025-05-15 00:00:00,30782.160019853083,1965.1536273160787,230.70429205134607,32978.01793922051,-2.2009568026268433,2573.77
2025-05-15 04:00:00,31084.603585945104,1984.3136206197469,327.92055402337394,33396.83776058823,2.353313117433286,2529.6
2025-05-15 12:00:00,31152.060994944975,1988.6198249797305,78.36532681052886,33219.04614673523,-2.327776922602985,2562.9
2025-05-15 16:00:00,31218.42153170686,1992.8560095141147,77.11924944583716,33288.39679066681,2.363285211122886,2529.77
2025-05-15 20:00:00,31217.819425717196,1992.8560095141147,42.49186809598954,33253.167303327304,2.363285211122886,2547.75
2025-05-16 00:00:00,31217.209596511464,1992.8560095141147,119.72402879548507,33329.78963482106,2.363285211122886,2580.43
2025-05-16 04:00:00,31216.595024192313,1992.8560095141147,167.15516298272178,33376.60619668915,2.363285211122886,2600.5
2025-05-16 08:00:00,31410.828955751254,2005.1385104372498,213.23922459961807,33629.20669078812,-2.2959601264548666,2620.0
2025-05-16 16:00:00,31410.23407248249,2005.1385104372498,66.58284366719113,33481.95542658694,-2.2959601264548666,2591.0
2025-05-16 20:00:00,31409.651881281305,2005.1385104372498,193.50351945761662,33608.29391117617,-2.2959601264548666,2535.72
2025-05-18 00:00:00,31714.0308602417,2024.4936766440428,330.18202578547425,34068.706562671214,2.4527524260788263,2476.19
2025-05-18 08:00:00,31713.41755195031,2024.4936766440428,59.60188395371481,33797.51311254807,2.4527524260788263,2500.49
2025-05-18 12:00:00,31941.881807617898,2039.0387467492355,249.86188964464975,34230.782444011784,-2.3727594548799122,2578.06
2025-05-18 16:00:00,32317.771794697463,2063.0340220679086,406.4062394318308,34787.212056197204,2.5715279610947928,2406.78
2025-05-18 20:00:00,32529.255904681166,2076.5343003913886,231.95182209074983,34837.7420271633,-2.4948549452435205,2496.98
2025-05-19 00:00:00,32786.825972376755,2092.9765172650627,280.7210784388009,35160.52356808062,2.633271076803632,2384.46
2025-05-19 04:00:00,32786.19331846747,2092.9765172650627,47.609541068609474,34926.77937680115,2.633271076803632,2402.54
2025-05-19 08:00:00,32785.5570306441,2092.9765172650627,83.94868192850008,34962.48222983767,2.633271076803632,2416.34
2025-05-19 12:00:00,32784.90777396067,2092.9765172650627,213.63728246107897,35091.52157368682,2.633271076803632,2465.59
2025-05-19 20:00:00,32784.24238059209,2092.9765172650627,375.00413404760485,35252.22303190476,2.633271076803632,2526.87
2025-05-20 00:00:00,33192.52275659588,2118.87453628087,441.3888978938245,35752.786190770574,-2.4907618918069225,2552.08
2025-05-20 04:00:00,33191.89229494582,2118.87453628087,52.00710830092881,35362.77393952762,-2.4907618918069225,2531.2
2025-05-20 08:00:00,33191.26628677803,2118.87453628087,96.54193092643573,35406.68275398533,-2.4907618918069225,2513.32
2025-05-20 12:00:00,33350.05623322133,2128.9308274124965,175.7481590858963,35654.735219719725,2.5737420944572236,2481.52
2025-05-20 16:00:00,33349.41273335416,2128.9308274124965,48.206189429183844,35526.549750195845,2.5737420944572236,2500.25
2025-05-20 20:00:00,33348.76335506005,2128.9308274124965,106.9904588665872,35584.68464133914,2.5737420944572236,2523.09
2025-05-21 04:00:00,33509.53803902118,2139.1114918888734,178.1029529364394,35826.75248384649,-2.5158913858309107,2550.72
2025-05-21 08:00:00,33538.51341149452,2140.961160844837,37.86416535675452,35717.33873769611,2.533012372483214,2535.67
2025-05-21 12:00:00,33604.063028703924,2145.1455796004248,76.85159538114108,35826.06020368549,-2.5079546606604315,2566.01
2025-05-21 16:00:00,33726.90018850815,2152.987000149471,137.6867108702579,36017.57389952788,2.572153748919168,2511.11
2025-05-21 20:00:00,33726.24422242618,2152.987000149471,100.69981927018567,35979.93104184584,2.572153748919168,2550.26
2025-05-22 04:00:00,33725.566611670416,2152.987000149471,317.14655724173275,36195.700169061616,2.572153748919168,2634.41
2025-05-22 08:00:00,33724.88506551941,2152.987000149471,356.5005096001965,36234.37257526908,2.572153748919168,2649.71
2025-05-22 12:00:00,34086.59666395963,2175.948548092453,392.0476744102598,36654.59288646234,-2.4508248993919195,2663.53
2025-05-22 16:00:00,34147.86620763035,2179.8597445051346,72.32384278105609,36400.049794916544,2.482737121781689,2634.02
2025-05-22 20:00:00,34147.204875977746,2179.8597445051346,73.73729251691572,36400.8019129998,2.482737121781689,2663.72
2025-05-23 00:00:00,34343.17043515543,2192.327165483212,215.7746832540462,36751.272283892686,-2.417181440334605,2720.93
2025-05-23 04:00:00,34342.52874841564,2192.327165483212,160.1140986077637,36694.97001250662,-2.417181440334605,2654.69
2025-05-23 16:00:00,34341.91000797927,2192.327165483212,389.57713273872736,36923.81430620121,-2.417181440334605,2559.76
2025-05-23 20:00:00,34779.706131873456,2220.193814208177,472.65565884302856,37472.555604924666,2.6374466686826716,2525.39
2025-05-24 04:00:00,34779.03469333799,2220.193814208177,53.80391204112674,37053.032419587296,2.6374466686826716,2545.79
2025-05-24 16:00:00,34841.40931314238,2224.1326922668586,73.69025992299399,37139.23226533223,-2.6132141465461087,2553.33
2025-05-24 20:00:00,34840.748360727936,2224.1326922668586,62.873932365899236,37127.75498536069,-2.6132141465461087,2529.27
2025-05-25 00:00:00,34840.09197621182,2224.1326922668586,108.55291564752527,37172.777584126205,-2.6132141465461087,2511.79
2025-05-25 08:00:00,37208.61011239078,0.0,148.29990281649168,37356.91001520727,0.0,2496.58
2025-05-25 12:00:00,34972.74473073722,2232.5166067434466,0.0,37205.26133748067,2.667846984919294,2510.47
2025-05-25 16:00:00,35002.75903215006,2234.43259666245,39.324064557711026,37276.515693370224,-2.6545506274675574,2525.21
2025-05-26 00:00:00,35002.07964504432,2234.43259666245,-90.57326740919277,37145.93897429758,-2.6545506274675574,2559.33
2025-05-26 04:00:00,35001.3948479644,2234.43259666245,-144.67300919698187,37091.154435429875,-2.6545506274675574,2579.71
2025-05-26 12:00:00,35000.71395572845,2234.43259666245,-105.62456946693402,37129.52198292397,-2.6545506274675574,2565.0
2025-05-26 16:00:00,35000.03970783273,2234.43259666245,-39.18116726142052,37195.29113723376,-2.6545506274675574,2539.97
2025-05-26 20:00:00,34900.3515068594,2227.895320202534,-98.80237435434195,37029.44445270759,2.6083389441302214,2562.43
2025-05-27 00:00:00,37087.71571257547,0.0,-36.542828607263786,37051.172883968204,0.0,2548.42
2025-05-27 04:00:00,34859.114875406805,2225.262942754528,0.0,37084.37781816133,2.5607659633915434,2606.95
2025-05-27 08:00:00,34960.529977155384,2231.7368669652656,115.31129133152172,37307.57813545217,-2.5246082553019993,2651.98
2025-05-27 12:00:00,34959.85654800171,2231.7368669652656,-39.080935792074996,37152.512479174904,-2.5246082553019993,2667.46
2025-05-27 16:00:00,34959.178226157244,2231.7368669652656,-88.00784377982802,37102.90724934268,-2.5246082553019993,2686.84
2025-05-27 20:00:00,34958.50672075507,2231.7368669652656,-19.843420886674036,37170.40016683366,-2.5246082553019993,2659.84
2025-05-28 04:00:00,34957.84139811851,2231.7368669652656,41.984235285672526,37231.562500369444,-2.5246082553019993,2635.35
2025-05-28 08:00:00,34957.17086469051,2231.7368669652656,-10.12367910376042,37178.784052552015,-2.5246082553019993,2655.99
2025-05-28 16:00:00,35034.43052036848,2236.4543745912997,89.29539399003144,37360.18028894981,2.5641433472217483,2616.61
2025-05-28 20:00:00,35181.139441205676,2245.8196704709394,163.56670411927524,37590.52581579589,-2.5136020785751447,2680.4
2025-05-29 00:00:00,35180.445171743566,2245.8196704709394,-205.2356097156608,37221.02923249885,-2.5136020785751447,2762.05
2025-05-29 04:00:00,35179.758958376115,2245.8196704709394,-124.67466309732696,37300.90396574973,-2.5136020785751447,2730.0
2025-05-29 08:00:00,35179.07655562941,2245.8196704709394,-86.56845558612812,37338.327770514225,-2.5136020785751447,2714.84
2025-05-29 16:00:00,35178.41061446273,2245.8196704709394,78.0473445397587,37502.27762947343,-2.5136020785751447,2649.35
2025-05-30 08:00:00,35312.76180657604,2254.221902516797,150.08718011172198,37717.07088920456,2.5804905225533696,2620.69
2025-05-30 12:00:00,37501.85675770359,0.0,-61.10601557406337,37440.75074212952,0.0,2597.01
2025-05-30 16:00:00,35248.37018513318,2250.1114054622153,0.0,37498.481590595395,2.623220851197546,2573.3
2025-05-30 20:00:00,37379.94406912651,0.0,-114.55605457179703,37265.388014554715,0.0,2529.63
2025-05-31 08:00:00,35133.7832300127,2242.796644147591,0.0,37376.57987416029,2.6714801605823766,2518.6
2025-05-31 20:00:00,37395.1833994715,0.0,22.654151761738603,37417.837551233235,0.0,2527.08
2025-06-01 08:00:00,35148.10682899725,2243.7110039682902,0.0,37391.81783296554,-2.6964223384441377,2496.32
2025-06-01 16:00:00,35147.425952696154,2243.7110039682902,-77.62999912380663,37313.50695754064,-2.6964223384441377,2525.11
2025-06-01 20:00:00,35146.7416303673,2243.7110039682902,-112.09027660912201,37278.362357726466,-2.6964223384441377,2537.89
2025-06-02 04:00:00,35146.06596625058,2243.7110039682902,-25.50815532168164,37364.26881489719,-2.6964223384441377,2505.78
2025-06-02 08:00:00,35180.53933118584,2245.7813619082153,43.9247198932549,37470.245412987315,2.7166381397501826,2480.03
2025-06-02 16:00:00,37561.23240411104,0.0,139.0375399924139,37700.26994410346,0.0,2531.21
2025-06-03 08:00:00,35304.17794894801,2253.6739442466624,0.0,37557.851893194675,-2.6001829978117104,2600.21
2025-06-03 16:00:00,35303.49561932646,2253.6739442466624,-62.27438279758999,37494.89518077554,-2.6001829978117104,2624.16
2025-06-03 20:00:00,35302.8216102905,2253.6739442466624,20.931473132384742,37577.427027669546,-2.6001829978117104,2592.16
2025-06-04 08:00:00,35302.13939767718,2253.6739442466624,-61.104300448575195,37494.70904147527,-2.6001829978117104,2623.71
2025-06-04 12:00:00,35301.44595227331,2253.6739442466624,-173.4322059540406,37381.68769056593,-2.6001829978117104,2666.91
2025-06-04 16:00:00,35300.764090684694,2253.6739442466624,-57.59405340152962,37496.843981529826,-2.6001829978117104,2622.36
2025-06-04 20:00:00,35300.08632178412,2253.6739442466624,-16.667173015972686,37537.09309301481,-2.6001829978117104,2606.62
2025-06-05 00:00:00,35299.404033765495,2253.6739442466624,-61.85835351794049,37491.21962449422,-2.6001829978117104,2624.0
2025-06-05 08:00:00,35298.72625966455,2253.6739442466624,-16.71917667592887,37535.68102723529,-2.6001829978117104,2606.64
2025-06-05 12:00:00,37579.22628149891,0.0,30.864172184024717,37610.09045368293,0.0,2588.34
2025-06-05 16:00:00,35321.09057424364,2254.7535768899347,0.0,37575.84415113357,2.675651376012549,2528.08
2025-06-05 20:00:00,37263.78897812134,0.0,-308.18152548912497,36955.60745263221,0.0,2412.9
2025-06-06 04:00:00,35024.607898426024,2235.8273386872806,0.0,37260.435237113306,-2.733084784352347,2454.18
2025-06-06 08:00:00,34964.337329150374,2231.9799127033675,-56.7115092753112,37139.605732578435,2.705506716598087,2474.93
2025-06-06 12:00:00,37282.501228654146,0.0,90.25570406571252,37372.75693271986,0.0,2508.29
2025-06-06 20:00:00,37282.501228654146,0.0,0.0,37282.501228654146,0.0,2475.38
2025-06-07 08:00:00,35042.19572982432,2236.950073719249,0.0,37279.14580354357,-2.6905606647199316,2494.22
2025-06-07 20:00:00,35041.51679374619,2236.950073719249,-78.51056019652839,37199.95630726891,-2.6905606647199316,2523.4
2025-06-08 12:00:00,35040.84055091928,2236.950073719249,-51.57804794268129,37226.21257669585,-2.6905606647199316,2513.39
2025-06-08 16:00:00,34939.57432258537,2230.399143912846,-100.38481840070172,37069.58864809752,2.6431436450441184,2531.53
2025-06-08 20:00:00,37104.6481924561,0.0,-61.347364001474084,37043.30082845463,0.0,2508.32
2025-06-09 04:00:00,34875.02988257141,2226.278891547366,0.0,37101.30877411878,2.6815421852923502,2490.67
2025-06-09 12:00:00,34874.35065329896,2226.278891547366,113.45604985971919,37214.08559470605,2.6815421852923502,2532.98
2025-06-09 16:00:00,34873.65896289998,2226.278891547366,238.06731521025418,37338.0051696576,2.6815421852923502,2579.45
2025-06-10 04:00:00,35335.350754638624,2255.6638883279434,498.7668464643771,38089.78148943095,-2.5281381959613363,2676.67
2025-06-10 08:00:00,35334.64970444502,2255.6638883279434,-243.51027103499518,37346.80332173797,-2.5281381959613363,2772.99
2025-06-10 12:00:00,37446.717623623015,0.0,-139.45210288922695,37307.26552073379,0.0,2731.83
2025-06-10 16:00:00,35196.54436161951,2246.803057417381,0.0,37443.347419036894,2.4308421138575347,2772.87
2025-06-10 20:00:00,37543.45084883376,0.0,104.21020142107224,37647.66105025483,0.0,2815.74
2025-06-11 04:00:00,35287.46488732734,2252.6070509300257,0.0,37540.071938257366,-2.4214117343005657,2790.86
2025-06-11 08:00:00,35286.79371558,2252.6070509300257,46.10367942108268,37585.50444593111,-2.4214117343005657,2771.82
2025-06-11 12:00:00,35286.100220837885,2252.6070509300257,-177.1262683640866,37361.58100340382,-2.4214117343005657,2864.01
2025-06-11 16:00:00,35285.41933438667,2252.6070509300257,-51.04335935905575,37486.98302595764,-2.4214117343005657,2811.94
2025-06-12 00:00:00,37599.07406392566,0.0,65.06333330065704,37664.13739722632,0.0,2763.99
2025-06-12 12:00:00,37599.07406392566,0.0,0.0,37599.07406392566,0.0,2718.25
2025-06-12 16:00:00,37599.07406392566,0.0,0.0,37599.07406392566,0.0,2693.13
2025-06-12 20:00:00,37599.07406392566,0.0,0.0,37599.07406392566,0.0,2641.38
2025-06-13 04:00:00,37599.07406392566,0.0,0.0,37599.07406392566,0.0,2525.13
2025-06-13 12:00:00,35339.74570342437,2255.9444438355395,0.0,37595.69014725991,2.6537817052012804,2550.26
2025-06-13 16:00:00,35339.07527059084,2255.9444438355395,-63.504996205467414,37531.51471822091,2.6537817052012804,2526.33
2025-06-13 20:00:00,35338.3911017832,2255.9444438355395,73.85474485575143,37668.19029047449,2.6537817052012804,2578.09
2025-06-14 08:00:00,35298.42044526111,2253.306408821767,-35.18914541096956,37516.5377086719,-2.6645326079878995,2537.0
2025-06-14 16:00:00,35368.338150107644,2257.769668379375,81.77450573914878,37707.88232422617,2.702502485781139,2506.31
2025-06-15 08:00:00,35383.8778543619,2258.7616593734656,23.99822207373681,37666.6377358091,-2.6941443700557004,2515.19
2025-06-15 20:00:00,35383.19183899266,2258.7616593734656,-83.86871423983425,37558.08478412629,-2.6941443700557004,2546.32
2025-06-16 00:00:00,35243.432032566845,2249.796174052846,-141.20010643461887,37352.028100185074,2.628676009564783,2567.6
2025-06-16 08:00:00,35355.49572164393,2256.9498604107157,126.72847042111829,37739.17405247576,-2.588433250592416,2615.81
2025-06-16 12:00:00,35354.81474109376,2256.9498604107157,-38.95592042141633,37572.80868108306,-2.588433250592416,2630.86
2025-06-16 16:00:00,35354.126424923765,2256.9498604107157,-112.31211874320459,37498.764166591274,-2.588433250592416,2659.2
2025-06-16 20:00:00,35353.46815528694,2256.9498604107157,188.15321298556285,37798.57122868321,-2.588433250592416,2543.12
2025-06-17 00:00:00,35369.52121858865,2257.8451906196537,24.383041220580747,37651.749450428884,2.5988188919766273,2606.39
2025-06-17 04:00:00,35300.853587135876,2253.461730621179,-65.64616521132899,37488.66915254573,-2.619157187690483,2581.13
2025-06-17 08:00:00,35367.4659010992,2257.713987579611,78.26041676819192,37703.44030544701,2.6548327144493222,2551.25
2025-06-17 12:00:00,37479.167673408265,0.0,-142.03355022303873,37337.13412318523,0.0,2497.75
2025-06-17 16:00:00,35227.04448791316,2248.7500604044963,0.0,37475.79454831766,2.669572583965545,2527.09
2025-06-17 20:00:00,35226.37469482142,2248.7500604044963,-48.319263769777336,37426.805491456136,2.669572583965545,2508.99
2025-06-18 04:00:00,35225.69867094726,2248.7500604044963,13.988560339978873,37488.43729169174,2.669572583965545,2532.33
2025-06-18 12:00:00,35225.029184856365,2248.7500604044963,-51.38927224133674,37422.389973019526,2.669572583965545,2507.84
2025-06-18 16:00:00,35224.364130255955,2248.7500604044963,-95.70417713516575,37377.41001352529,2.669572583965545,2491.24
2025-06-19 04:00:00,37443.64067844256,0.0,-25.441026725192177,37418.19965171737,0.0,2517.56
2025-06-19 08:00:00,35193.65231007495,2246.618440706554,0.0,37440.2707507815,-2.6633217638838156,2530.62
2025-06-19 16:00:00,35192.985478225,2246.618440706554,71.53682257791841,37511.140741509465,-2.6633217638838156,2503.76
2025-06-20 00:00:00,37474.09474542366,0.0,38.51163270576007,37512.60637812942,0.0,2516.16
2025-06-20 08:00:00,35222.27639217115,2248.4456847254196,0.0,37470.72207689657,-2.6466002221448983,2548.68
2025-06-20 12:00:00,35221.616737652184,2248.4456847254196,148.79186448898565,37618.85428686659,-2.6466002221448983,2492.46
2025-06-20 20:00:00,35571.26489407065,2270.7236795482963,379.15194782447753,38221.14052144343,2.8320089791574397,2405.42
2025-06-21 04:00:00,35570.57795347664,2270.7236795482963,57.23490146877196,37898.53653449371,2.8320089791574397,2425.63
2025-06-21 08:00:00,35569.88653830844,2270.7236795482963,101.98064333945874,37942.59086119619,2.8320089791574397,2441.43
2025-06-21 12:00:00,35608.017261245084,2273.069799953937,48.002552196718085,37929.08961339574,-2.815098188906654,2422.37
2025-06-21 16:00:00,35607.34613620665,2273.069799953937,107.95901554456994,37988.374951705155,-2.815098188906654,2384.02
2025-06-21 20:00:00,35606.70017533093,2273.069799953937,359.6006426509354,38239.370617935805,-2.815098188906654,2294.63
2025-06-22 08:00:00,38299.23874809964,0.0,423.3063146658933,38722.54506276554,0.0,2272.0
2025-06-22 16:00:00,35997.837491726335,2297.954324885978,0.0,38295.79181661231,3.1580344920007395,2182.96
2025-06-23 00:00:00,35997.1320215592,2297.954324885978,160.83869667759714,38455.92504312277,3.1580344920007395,2233.89
2025-06-23 12:00:00,36180.52498701949,2309.6163454172947,202.7773947313676,38692.91872716815,-3.0833666506102717,2247.17
2025-06-23 16:00:00,38287.296069428354,0.0,-198.56881229930178,38088.72725712905,0.0,2311.57
2025-06-23 20:00:00,35986.612448616404,2297.2377641657013,0.0,38283.850212782105,-2.859169384413769,2410.39
2025-06-24 04:00:00,35985.92859534221,2297.2377641657013,53.180550550095845,38336.346910058004,-2.859169384413769,2391.79
2025-06-24 08:00:00,35985.24002157936,2297.2377641657013,5.975664013423893,38288.45344975848,-2.859169384413769,2408.3
2025-06-24 16:00:00,35984.54441140066,2297.2377641657013,-64.38849453699802,38217.39368102936,-2.859169384413769,2432.91
2025-06-25 04:00:00,35983.845787657425,2297.2377641657013,-94.52413984871905,38186.559411974406,-2.859169384413769,2443.45
