trade_id,entry_time,exit_time,position_type,entry_price,exit_price,pnl,duration
1,2025-05-04 16:35:00,2025-05-04 16:37:00,SHORT,95354.66,95344.0,0.00011179317298182902,0.03333333333333333
2,2025-05-04 16:41:00,2025-05-04 16:42:00,SHORT,95345.48,95333.68,0.00012376045513644602,0.016666666666666666
3,2025-05-04 16:45:00,2025-05-04 16:46:00,SHORT,95367.37,95359.21,8.556385690398028e-05,0.016666666666666666
4,2025-05-04 16:51:00,2025-05-04 16:53:00,SHORT,95335.84,95342.53,-7.017298006712196e-05,0.03333333333333333
5,2025-05-04 16:58:00,2025-05-04 16:59:00,SHORT,95341.57,95341.56,1.048860429853759e-07,0.016666666666666666
6,2025-05-04 17:01:00,2025-05-04 17:02:00,SHORT,95374.45,95374.45,0.0,0.016666666666666666
7,2025-05-04 17:03:00,2025-05-04 17:05:00,SHORT,95399.4,95385.52,0.00014549357752763754,0.03333333333333333
8,2025-05-04 17:06:00,2025-05-04 17:08:00,SHORT,95407.32,95440.0,-0.0003425313697103431,0.03333333333333333
9,2025-05-04 17:10:00,2025-05-04 17:11:00,SHORT,95472.72,95481.62,-9.322034608413984e-05,0.016666666666666666
10,2025-05-04 17:13:00,2025-05-04 17:14:00,SHORT,95464.0,95455.84,8.547724796785691e-05,0.016666666666666666
11,2025-05-04 17:18:00,2025-05-04 17:19:00,SHORT,95411.11,95385.01,0.0002735530484867624,0.016666666666666666
12,2025-05-04 17:36:00,2025-05-04 17:37:00,SHORT,95295.77,95296.78,-1.0598581657871712e-05,0.016666666666666666
13,2025-05-04 17:38:00,2025-05-04 17:41:00,SHORT,95327.45,95400.0,-0.0007610609535868516,0.05
14,2025-05-04 17:48:00,2025-05-04 17:49:00,SHORT,95411.88,95417.12,-5.491978567019837e-05,0.016666666666666666
15,2025-05-04 17:50:00,2025-05-04 17:51:00,SHORT,95439.65,95444.63,-5.217957106936664e-05,0.016666666666666666
16,2025-05-04 17:54:00,2025-05-04 17:55:00,SHORT,95477.59,95477.0,6.179460541437081e-06,0.016666666666666666
17,2025-05-04 18:02:00,2025-05-04 18:03:00,SHORT,95467.6,95476.2,-9.008291818366931e-05,0.016666666666666666
18,2025-05-04 18:09:00,2025-05-04 18:10:00,SHORT,95467.81,95397.7,0.0007343836629330932,0.016666666666666666
19,2025-05-04 18:15:00,2025-05-04 18:17:00,SHORT,95401.59,95453.63,-0.0005454835710810286,0.03333333333333333
20,2025-05-04 18:20:00,2025-05-04 18:22:00,SHORT,95444.0,95483.23,-0.0004110263610074591,0.03333333333333333
21,2025-05-04 18:32:00,2025-05-04 18:34:00,LONG,95490.66,95429.63,-0.0006391200982378678,0.03333333333333333
22,2025-05-04 18:35:00,2025-05-04 18:36:00,SHORT,95418.52,95423.34,-5.0514302674076616e-05,0.016666666666666666
23,2025-05-04 18:41:00,2025-05-04 18:42:00,SHORT,95420.42,95422.31,-1.9807081125815814e-05,0.016666666666666666
24,2025-05-04 18:43:00,2025-05-04 18:44:00,SHORT,95436.07,95436.08,-1.0478218554851756e-07,0.016666666666666666
25,2025-05-04 18:47:00,2025-05-04 18:48:00,SHORT,95430.75,95411.5,0.00020171695182108493,0.016666666666666666
26,2025-05-04 18:52:00,2025-05-04 18:54:00,SHORT,95416.35,95436.07,-0.00020667317498522175,0.03333333333333333
27,2025-05-04 18:55:00,2025-05-04 18:58:00,LONG,95475.96,95406.52,-0.0007273035013211946,0.05
28,2025-05-04 19:01:00,2025-05-04 19:02:00,SHORT,95377.78,95357.62,0.00021136998575562875,0.016666666666666666
29,2025-05-04 19:04:00,2025-05-04 19:06:00,SHORT,95399.99,95422.1,-0.00023176103058292335,0.03333333333333333
30,2025-05-04 19:10:00,2025-05-04 19:11:00,LONG,95447.32,95452.0,4.903228293882966e-05,0.016666666666666666
31,2025-05-04 19:14:00,2025-05-04 19:15:00,LONG,95440.01,95429.36,-0.000111588420830993,0.016666666666666666
32,2025-05-04 19:17:00,2025-05-04 19:18:00,LONG,95420.02,95433.0,0.0001360301538397909,0.016666666666666666
33,2025-05-04 19:38:00,2025-05-04 19:39:00,LONG,95627.51,95627.51,0.0,0.016666666666666666
34,2025-05-04 19:42:00,2025-05-04 19:43:00,LONG,95625.26,95608.4,-0.00017631324610255263,0.016666666666666666
35,2025-05-04 19:44:00,2025-05-04 19:45:00,LONG,95600.0,95624.07,0.00025177824267789734,0.016666666666666666
36,2025-05-04 19:46:00,2025-05-04 19:47:00,LONG,95589.83,95571.45,-0.00019227986910327864,0.016666666666666666
37,2025-05-04 19:50:00,2025-05-04 19:51:00,LONG,95553.6,95543.89,-0.00010161835870136135,0.016666666666666666
38,2025-05-04 19:56:00,2025-05-04 19:57:00,LONG,95552.21,95550.0,-2.3128716750836037e-05,0.016666666666666666
39,2025-05-04 20:05:00,2025-05-04 20:06:00,LONG,95647.77,95647.78,1.0455026808007452e-07,0.016666666666666666
40,2025-05-04 20:12:00,2025-05-04 20:13:00,LONG,95646.75,95658.26,0.00012033864192975466,0.016666666666666666
41,2025-05-04 20:15:00,2025-05-04 20:17:00,LONG,95605.78,95610.0,4.4139590723501905e-05,0.03333333333333333
42,2025-05-04 20:33:00,2025-05-04 20:34:00,LONG,95659.76,95682.94,0.0002423171456839069,0.016666666666666666
43,2025-05-04 20:35:00,2025-05-04 20:36:00,LONG,95660.1,95679.92,0.0002071919222329104,0.016666666666666666
44,2025-05-04 20:42:00,2025-05-04 20:43:00,LONG,95679.18,95699.86,0.00021613897610752483,0.016666666666666666
45,2025-05-04 20:54:00,2025-05-04 20:55:00,LONG,95692.34,95698.66,6.604499377909438e-05,0.016666666666666666
46,2025-05-04 20:57:00,2025-05-04 20:58:00,LONG,95695.0,95695.0,0.0,0.016666666666666666
47,2025-05-04 21:07:00,2025-05-04 21:10:00,LONG,95713.28,95675.28,-0.0003970190970364823,0.05
48,2025-05-04 21:12:00,2025-05-04 21:13:00,LONG,95666.68,95666.67,-1.045296021013932e-07,0.016666666666666666
49,2025-05-04 21:14:00,2025-05-04 21:15:00,LONG,95630.0,95630.01,1.045696956474047e-07,0.016666666666666666
50,2025-05-04 21:35:00,2025-05-04 21:36:00,LONG,95700.76,95693.74,-7.335364943799321e-05,0.016666666666666666
51,2025-05-04 21:46:00,2025-05-04 21:48:00,LONG,95734.03,95717.25,-0.0001752772760114542,0.03333333333333333
52,2025-05-04 21:56:00,2025-05-04 21:57:00,LONG,95703.49,95703.5,1.0448939735386149e-07,0.016666666666666666
53,2025-05-04 21:58:00,2025-05-04 21:59:00,LONG,95685.0,95675.99,-9.416313946799145e-05,0.016666666666666666
54,2025-05-04 22:00:00,2025-05-04 22:01:00,LONG,95601.79,95615.99,0.0001485327837482085,0.016666666666666666
55,2025-05-04 22:02:00,2025-05-04 22:03:00,LONG,95474.75,95182.38,-0.0030622756278491994,0.016666666666666666
56,2025-05-04 22:04:00,2025-05-04 22:05:00,SHORT,95172.28,95121.4,0.0005346094472046341,0.016666666666666666
57,2025-05-04 22:06:00,2025-05-04 22:08:00,SHORT,95188.0,95273.44,-0.0008975921334622255,0.03333333333333333
58,2025-05-04 22:11:00,2025-05-04 22:12:00,SHORT,95230.36,95239.99,-0.00010112321322742722,0.016666666666666666
59,2025-05-04 22:16:00,2025-05-04 22:17:00,SHORT,95299.88,95300.84,-1.0073464940269083e-05,0.016666666666666666
60,2025-05-04 22:22:00,2025-05-04 22:23:00,SHORT,95228.49,95255.9,-0.0002878340295009292,0.016666666666666666
61,2025-05-04 22:25:00,2025-05-04 22:26:00,SHORT,95305.0,95308.5,-3.6724201248622845e-05,0.016666666666666666
62,2025-05-04 22:36:00,2025-05-04 22:37:00,SHORT,94839.17,94894.61,-0.0005845685912266242,0.016666666666666666
63,2025-05-04 22:39:00,2025-05-04 22:40:00,SHORT,94954.69,94961.49,-7.16131030494956e-05,0.016666666666666666
64,2025-05-04 22:48:00,2025-05-04 22:49:00,SHORT,94896.42,94957.81,-0.0006469158689021084,0.016666666666666666
65,2025-05-04 22:50:00,2025-05-04 22:51:00,SHORT,94990.86,95000.0,-9.62197836718124e-05,0.016666666666666666
66,2025-05-04 22:55:00,2025-05-04 22:56:00,SHORT,94989.24,95000.0,-0.00011327598789078385,0.016666666666666666
67,2025-05-04 22:57:00,2025-05-04 22:58:00,SHORT,95031.8,95015.83,0.00016804901096265844,0.016666666666666666
68,2025-05-04 23:08:00,2025-05-04 23:09:00,SHORT,94726.07,94755.76,-0.00031343008318605186,0.016666666666666666
69,2025-05-04 23:13:00,2025-05-04 23:14:00,SHORT,94765.98,94792.61,-0.0002810080157457841,0.016666666666666666
70,2025-05-04 23:16:00,2025-05-04 23:17:00,SHORT,94775.14,94736.35,0.00040928454444903587,0.016666666666666666
71,2025-05-04 23:21:00,2025-05-04 23:22:00,SHORT,94689.47,94681.24,8.691568344395554e-05,0.016666666666666666
72,2025-05-04 23:32:00,2025-05-04 23:33:00,SHORT,94325.15,94349.91,-0.0002624962695528108,0.016666666666666666
73,2025-05-04 23:34:00,2025-05-04 23:35:00,SHORT,94433.85,94367.15,0.0007063145259884209,0.016666666666666666
74,2025-05-04 23:36:00,2025-05-04 23:37:00,SHORT,94499.99,94505.46,-5.78836040088593e-05,0.016666666666666666
75,2025-05-04 23:46:00,2025-05-04 23:47:00,SHORT,94209.26,94218.83,-0.00010158237098993226,0.016666666666666666
76,2025-05-04 23:50:00,2025-05-04 23:51:00,SHORT,94291.01,94306.78,-0.00016724818198473083,0.016666666666666666
77,2025-05-04 23:55:00,2025-05-04 23:56:00,SHORT,94328.28,94268.0,0.0006390448336384257,0.016666666666666666
78,2025-05-04 23:58:00,2025-05-04 23:59:00,SHORT,94310.7,94277.62,0.00035075553463182596,0.016666666666666666
79,2025-05-05 00:01:00,2025-05-05 00:02:00,SHORT,94376.85,94284.75,0.0009758749100018258,0.016666666666666666
80,2025-05-05 00:04:00,2025-05-05 00:05:00,SHORT,94282.73,94275.84,7.307807060741048e-05,0.016666666666666666
81,2025-05-05 00:06:00,2025-05-05 00:07:00,SHORT,94313.98,94300.03,0.0001479102037682758,0.016666666666666666
82,2025-05-05 00:09:00,2025-05-05 00:10:00,SHORT,94392.59,94322.57,0.0007417955159402822,0.016666666666666666
83,2025-05-05 00:11:00,2025-05-05 00:12:00,SHORT,94386.0,94428.57,-0.00045102027843119726,0.016666666666666666
84,2025-05-05 00:13:00,2025-05-05 00:14:00,SHORT,94492.06,94443.77,0.000511048229872368,0.016666666666666666
85,2025-05-05 00:15:00,2025-05-05 00:16:00,SHORT,94486.28,94495.42,-9.673362100825027e-05,0.016666666666666666
86,2025-05-05 00:17:00,2025-05-05 00:18:00,SHORT,94531.83,94547.97,-0.0001707361425246863,0.016666666666666666
87,2025-05-05 00:21:00,2025-05-05 00:22:00,SHORT,94517.55,94560.01,-0.0004492287411173041,0.016666666666666666
88,2025-05-05 00:26:00,2025-05-05 00:27:00,SHORT,94617.42,94672.0,-0.0005768493793215007,0.016666666666666666
89,2025-05-05 00:28:00,2025-05-05 00:29:00,SHORT,94720.01,94737.99,-0.00018982261509485144,0.016666666666666666
90,2025-05-05 00:31:00,2025-05-05 00:32:00,SHORT,94774.1,94776.17,-2.1841410258630077e-05,0.016666666666666666
91,2025-05-05 00:35:00,2025-05-05 00:36:00,SHORT,94775.37,94740.22,0.00037087694830412356,0.016666666666666666
92,2025-05-05 00:38:00,2025-05-05 00:39:00,SHORT,94799.34,94761.23,0.0004020070181923269,0.016666666666666666
93,2025-05-05 00:40:00,2025-05-05 00:41:00,SHORT,94799.06,94778.93,0.00021234387767141,0.016666666666666666
94,2025-05-05 00:46:00,2025-05-05 00:47:00,SHORT,94730.39,94746.53,-0.0001703782703734189,0.016666666666666666
95,2025-05-05 00:50:00,2025-05-05 00:51:00,SHORT,94740.83,94758.6,-0.00018756432680613072,0.016666666666666666
96,2025-05-05 01:01:00,2025-05-05 01:02:00,SHORT,94707.25,94683.89,0.0002466548231524047,0.016666666666666666
97,2025-05-05 01:13:00,2025-05-05 01:14:00,SHORT,94474.0,94484.33,-0.00010934225289499487,0.016666666666666666
98,2025-05-05 01:15:00,2025-05-05 01:16:00,SHORT,94538.75,94496.18,0.00045029154711699685,0.016666666666666666
99,2025-05-05 01:21:00,2025-05-05 01:22:00,SHORT,94328.73,94312.61,0.00017089173150105323,0.016666666666666666
100,2025-05-05 01:25:00,2025-05-05 01:26:00,SHORT,94356.3,94314.93,0.0004384444917828475,0.016666666666666666
101,2025-05-05 01:34:00,2025-05-05 01:35:00,SHORT,93914.84,93937.44,-0.00024064354472632676,0.016666666666666666
102,2025-05-05 01:36:00,2025-05-05 01:37:00,SHORT,93998.43,94024.03,-0.00027234497427250457,0.016666666666666666
103,2025-05-05 01:38:00,2025-05-05 01:39:00,SHORT,94076.01,94024.3,0.0005496619169966057,0.016666666666666666
104,2025-05-05 01:43:00,2025-05-05 01:44:00,SHORT,93992.96,93969.21,0.00025267849847477935,0.016666666666666666
105,2025-05-05 01:51:00,2025-05-05 01:52:00,SHORT,93979.99,94023.63,-0.000464354167307311,0.016666666666666666
106,2025-05-05 01:59:00,2025-05-05 02:00:00,SHORT,93929.0,93842.4,0.0009219729795910296,0.016666666666666666
107,2025-05-05 02:03:00,2025-05-05 02:04:00,SHORT,93849.66,93878.0,-0.00030197232467327537,0.016666666666666666
108,2025-05-05 02:10:00,2025-05-05 02:12:00,SHORT,93771.38,93854.92,-0.0008908901628619905,0.03333333333333333
109,2025-05-05 02:13:00,2025-05-05 02:14:00,SHORT,93980.95,94059.43,-0.0008350628505031703,0.016666666666666666
110,2025-05-05 02:15:00,2025-05-05 02:16:00,SHORT,94139.59,94136.63,3.144266933807393e-05,0.016666666666666666
111,2025-05-05 02:17:00,2025-05-05 02:18:00,SHORT,94225.18,94280.96,-0.0005919861336429751,0.016666666666666666
112,2025-05-05 02:31:00,2025-05-05 02:32:00,LONG,94319.81,94335.14,0.00016253213402361334,0.016666666666666666
113,2025-05-05 02:38:00,2025-05-05 02:39:00,LONG,94338.08,94315.98,-0.00023426383068222102,0.016666666666666666
114,2025-05-05 02:43:00,2025-05-05 02:45:00,LONG,94296.94,94296.15,-8.37779041407016e-06,0.03333333333333333
115,2025-05-05 02:49:00,2025-05-05 02:50:00,LONG,94348.47,94332.85,-0.00016555647378272635,0.016666666666666666
116,2025-05-05 02:53:00,2025-05-05 02:54:00,LONG,94340.17,94316.99,-0.00024570657441038123,0.016666666666666666
117,2025-05-05 02:56:00,2025-05-05 02:58:00,LONG,94276.01,94236.67,-0.0004172853730232804,0.03333333333333333
118,2025-05-05 03:00:00,2025-05-05 03:01:00,LONG,94179.99,94149.98,-0.00031864518142345644,0.016666666666666666
119,2025-05-05 03:03:00,2025-05-05 03:04:00,LONG,94262.99,94230.92,-0.0003402183614163627,0.016666666666666666
120,2025-05-05 03:08:00,2025-05-05 03:09:00,SHORT,94117.32,94115.84,1.572505464467621e-05,0.016666666666666666
121,2025-05-05 03:11:00,2025-05-05 03:12:00,SHORT,94140.9,94123.46,0.00018525423062651597,0.016666666666666666
122,2025-05-05 03:17:00,2025-05-05 03:18:00,SHORT,94062.35,94062.35,0.0,0.016666666666666666
123,2025-05-05 03:19:00,2025-05-05 03:21:00,SHORT,94091.73,94232.0,-0.001490779264022503,0.03333333333333333
124,2025-05-05 03:23:00,2025-05-05 03:24:00,LONG,94168.9,94128.41,-0.00042997210331638885,0.016666666666666666
125,2025-05-05 03:26:00,2025-05-05 03:27:00,SHORT,94058.0,94076.64,-0.00019817559378255351,0.016666666666666666
126,2025-05-05 03:30:00,2025-05-05 03:31:00,SHORT,94046.11,94057.5,-0.00012111080405132565,0.016666666666666666
127,2025-05-05 03:32:00,2025-05-05 03:33:00,SHORT,94113.54,94158.5,-0.0004777208465435091,0.016666666666666666
128,2025-05-05 03:39:00,2025-05-05 03:40:00,SHORT,94114.23,94083.71,0.000324286773636564,0.016666666666666666
129,2025-05-05 03:42:00,2025-05-05 03:43:00,SHORT,94133.33,94151.99,-0.00019822946877586816,0.016666666666666666
130,2025-05-05 03:44:00,2025-05-05 03:45:00,SHORT,94177.55,94103.14,0.0007901033738932844,0.016666666666666666
131,2025-05-05 03:49:00,2025-05-05 03:50:00,SHORT,94101.58,94074.77,0.00028490488682546744,0.016666666666666666
132,2025-05-05 03:52:00,2025-05-05 03:53:00,SHORT,94095.82,94095.82,0.0,0.016666666666666666
133,2025-05-05 03:55:00,2025-05-05 03:56:00,SHORT,94117.28,94110.6,7.097527680350532e-05,0.016666666666666666
134,2025-05-05 04:00:00,2025-05-05 04:01:00,SHORT,94060.01,94076.2,-0.00017212415775846003,0.016666666666666666
135,2025-05-05 04:02:00,2025-05-05 04:03:00,SHORT,94085.48,94101.59,-0.00017122727120062078,0.016666666666666666
136,2025-05-05 04:04:00,2025-05-05 04:06:00,SHORT,94140.0,94144.91,-5.215636286385694e-05,0.03333333333333333
137,2025-05-05 04:09:00,2025-05-05 04:10:00,SHORT,94076.39,94049.4,0.00028689451200248267,0.016666666666666666
138,2025-05-05 04:11:00,2025-05-05 04:12:00,SHORT,94088.92,94085.4,3.741141890037716e-05,0.016666666666666666
139,2025-05-05 04:13:00,2025-05-05 04:14:00,SHORT,94151.32,94148.79,2.6871636000572137e-05,0.016666666666666666
140,2025-05-05 04:17:00,2025-05-05 04:18:00,LONG,94230.02,94248.33,0.00019431174905829024,0.016666666666666666
141,2025-05-05 04:21:00,2025-05-05 04:22:00,LONG,94261.29,94275.0,0.000145446768233348,0.016666666666666666
142,2025-05-05 04:28:00,2025-05-05 04:29:00,LONG,94312.55,94325.84,0.00014091443821626705,0.016666666666666666
143,2025-05-05 04:30:00,2025-05-05 04:31:00,LONG,94300.01,94320.57,0.00021802754845956247,0.016666666666666666
144,2025-05-05 04:35:00,2025-05-05 04:36:00,LONG,94350.01,94371.95,0.0002325383961273807,0.016666666666666666
145,2025-05-05 04:38:00,2025-05-05 04:39:00,LONG,94372.93,94365.18,-8.212100652167947e-05,0.016666666666666666
146,2025-05-05 04:40:00,2025-05-05 04:41:00,LONG,94352.0,94361.56,0.00010132270646088765,0.016666666666666666
147,2025-05-05 04:46:00,2025-05-05 04:47:00,LONG,94364.05,94412.46,0.0005130131655010938,0.016666666666666666
148,2025-05-05 04:53:00,2025-05-05 04:54:00,LONG,94412.62,94405.34,-7.710833572883409e-05,0.016666666666666666
149,2025-05-05 04:55:00,2025-05-05 04:56:00,LONG,94373.77,94396.75,0.00024349986230279795,0.016666666666666666
150,2025-05-05 04:59:00,2025-05-05 05:01:00,LONG,94409.66,94370.85,-0.0004110808152470591,0.03333333333333333
151,2025-05-05 05:09:00,2025-05-05 05:10:00,LONG,94426.77,94411.61,-0.00016054769214284776,0.016666666666666666
152,2025-05-05 05:12:00,2025-05-05 05:14:00,LONG,94370.24,94285.95,-0.0008931841224522492,0.03333333333333333
153,2025-05-05 05:18:00,2025-05-05 05:19:00,LONG,94324.01,94339.41,0.0001632670197122528,0.016666666666666666
154,2025-05-05 05:29:00,2025-05-05 05:30:00,LONG,94422.61,94448.57,0.00027493414977627077,0.016666666666666666
155,2025-05-05 05:31:00,2025-05-05 05:33:00,LONG,94424.0,94419.05,-5.242311276790953e-05,0.03333333333333333
156,2025-05-05 05:42:00,2025-05-05 05:43:00,LONG,94510.25,94544.69,0.0003644049190431972,0.016666666666666666
157,2025-05-05 05:44:00,2025-05-05 05:45:00,LONG,94504.59,94504.26,-3.4918938858075173e-06,0.016666666666666666
158,2025-05-05 05:49:00,2025-05-05 05:50:00,LONG,94508.71,94568.25,0.0006299948438614133,0.016666666666666666
159,2025-05-05 06:01:00,2025-05-05 06:02:00,LONG,94690.81,94719.31,0.0003009795776379989,0.016666666666666666
160,2025-05-05 06:03:00,2025-05-05 06:04:00,LONG,94672.86,94673.48,6.548867331095136e-06,0.016666666666666666
161,2025-05-05 06:07:00,2025-05-05 06:08:00,LONG,94642.95,94642.59,-3.8037698529112e-06,0.016666666666666666
162,2025-05-05 06:16:00,2025-05-05 06:17:00,LONG,94622.61,94659.79,0.0003929293432087005,0.016666666666666666
163,2025-05-05 06:20:00,2025-05-05 06:21:00,LONG,94662.84,94667.27,4.6797666328282216e-05,0.016666666666666666
164,2025-05-05 06:22:00,2025-05-05 06:23:00,LONG,94652.61,94652.62,1.0564949022284025e-07,0.016666666666666666
165,2025-05-05 06:24:00,2025-05-05 06:25:00,LONG,94624.84,94637.08,0.00012935292677911252,0.016666666666666666
166,2025-05-05 06:27:00,2025-05-05 06:28:00,LONG,94580.24,94580.25,1.0573033008545242e-07,0.016666666666666666
167,2025-05-05 06:36:00,2025-05-05 06:37:00,LONG,94673.62,94712.08,0.0004062377671837879,0.016666666666666666
168,2025-05-05 06:41:00,2025-05-05 06:42:00,LONG,94711.27,94732.01,0.00021898133136627444,0.016666666666666666
169,2025-05-05 06:43:00,2025-05-05 06:44:00,LONG,94701.54,94707.17,5.9449930803708754e-05,0.016666666666666666
170,2025-05-05 06:46:00,2025-05-05 06:47:00,LONG,94711.23,94725.0,0.00014538930599891983,0.016666666666666666
171,2025-05-05 06:48:00,2025-05-05 06:49:00,LONG,94680.01,94662.01,-0.00019011404836142287,0.016666666666666666
172,2025-05-05 07:01:00,2025-05-05 07:03:00,LONG,94716.66,94703.59,-0.00013799050768900618,0.03333333333333333
173,2025-05-05 07:04:00,2025-05-05 07:06:00,LONG,94680.01,94632.55,-0.0005012673741795322,0.03333333333333333
174,2025-05-05 07:09:00,2025-05-05 07:11:00,LONG,94612.21,94581.05,-0.0003293443837746047,0.03333333333333333
175,2025-05-05 07:14:00,2025-05-05 07:15:00,LONG,94591.79,94580.39,-0.00012051785889657211,0.016666666666666666
176,2025-05-05 07:16:00,2025-05-05 07:17:00,LONG,94561.37,94570.0,9.126348317504979e-05,0.016666666666666666
177,2025-05-05 07:20:00,2025-05-05 07:21:00,LONG,94585.2,94602.61,0.00018406685189652813,0.016666666666666666
178,2025-05-05 07:25:00,2025-05-05 07:27:00,LONG,94599.97,94564.98,-0.0003698732674017258,0.03333333333333333
179,2025-05-05 07:34:00,2025-05-05 07:35:00,LONG,94561.93,94584.28,0.00023635304397875363,0.016666666666666666
180,2025-05-05 07:37:00,2025-05-05 07:38:00,LONG,94577.78,94608.0,0.000319525368432217,0.016666666666666666
181,2025-05-05 07:46:00,2025-05-05 07:47:00,LONG,94682.73,94682.72,-1.056158815315244e-07,0.016666666666666666
182,2025-05-05 07:48:00,2025-05-05 07:49:00,LONG,94671.92,94704.77,0.00034698778687498703,0.016666666666666666
183,2025-05-05 07:51:00,2025-05-05 07:52:00,LONG,94710.28,94717.32,7.433195213875567e-05,0.016666666666666666
184,2025-05-05 07:55:00,2025-05-05 07:56:00,LONG,94726.87,94708.12,-0.00019793750178803544,0.016666666666666666
185,2025-05-05 08:01:00,2025-05-05 08:02:00,LONG,94734.92,94721.83,-0.0001381750256399278,0.016666666666666666
186,2025-05-05 08:05:00,2025-05-05 08:06:00,LONG,94682.89,94663.89,-0.0002006698359122752,0.016666666666666666
187,2025-05-05 08:09:00,2025-05-05 08:10:00,LONG,94652.37,94656.42,4.2788152055811286e-05,0.016666666666666666
188,2025-05-05 08:21:00,2025-05-05 08:22:00,LONG,94595.48,94591.66,-4.0382479162772184e-05,0.016666666666666666
189,2025-05-05 08:27:00,2025-05-05 08:28:00,LONG,94554.67,94554.66,-1.057589222696384e-07,0.016666666666666666
190,2025-05-05 08:30:00,2025-05-05 08:32:00,LONG,94536.34,94500.0,-0.0003844024424892746,0.03333333333333333
191,2025-05-05 08:35:00,2025-05-05 08:36:00,LONG,94572.05,94593.12,0.00022279309796068112,0.016666666666666666
192,2025-05-05 08:37:00,2025-05-05 08:38:00,LONG,94562.57,94593.97,0.0003320552730323867,0.016666666666666666
193,2025-05-05 08:40:00,2025-05-05 08:41:00,LONG,94546.03,94546.04,1.0576858694924906e-07,0.016666666666666666
194,2025-05-05 08:45:00,2025-05-05 08:46:00,SHORT,94562.45,94580.38,-0.00018961014652229893,0.016666666666666666
195,2025-05-05 08:52:00,2025-05-05 08:53:00,SHORT,94500.01,94503.99,-4.2116397659751334e-05,0.016666666666666666
196,2025-05-05 08:54:00,2025-05-05 08:55:00,SHORT,94515.9,94513.47,2.5709959911433053e-05,0.016666666666666666
197,2025-05-05 08:57:00,2025-05-05 08:58:00,SHORT,94543.91,94559.19,-0.00016161802489445207,0.016666666666666666
198,2025-05-05 09:00:00,2025-05-05 09:01:00,SHORT,94573.58,94552.15,0.00022659605357022085,0.016666666666666666
199,2025-05-05 09:06:00,2025-05-05 09:08:00,SHORT,94570.66,94543.01,0.00029237397729918273,0.03333333333333333
200,2025-05-05 09:16:00,2025-05-05 09:17:00,SHORT,94519.99,94535.15,-0.0001603893525590612,0.016666666666666666
201,2025-05-05 09:21:00,2025-05-05 09:23:00,SHORT,94545.34,94596.5,-0.0005411160401983165,0.03333333333333333
202,2025-05-05 09:24:00,2025-05-05 09:26:00,SHORT,94605.78,94609.61,-4.0483784394587164e-05,0.03333333333333333
203,2025-05-05 09:29:00,2025-05-05 09:31:00,SHORT,94605.95,94641.27,-0.0003733380405778599,0.03333333333333333
204,2025-05-05 09:37:00,2025-05-05 09:38:00,SHORT,94600.0,94610.35,-0.0001094080338267,0.016666666666666666
205,2025-05-05 09:42:00,2025-05-05 09:43:00,SHORT,94590.08,94600.0,-0.00010487357659490566,0.016666666666666666
206,2025-05-05 09:49:00,2025-05-05 09:50:00,SHORT,94609.53,94625.6,-0.00016985603881561389,0.016666666666666666
207,2025-05-05 09:56:00,2025-05-05 09:57:00,SHORT,94567.39,94550.62,0.00017733385684012295,0.016666666666666666
208,2025-05-05 10:00:00,2025-05-05 10:01:00,SHORT,94558.0,94558.0,0.0,0.016666666666666666
209,2025-05-05 10:09:00,2025-05-05 10:10:00,SHORT,94422.0,94418.0,4.236300862087225e-05,0.016666666666666666
210,2025-05-05 10:12:00,2025-05-05 10:13:00,SHORT,94460.0,94436.07,0.0002533347448654776,0.016666666666666666
211,2025-05-05 10:19:00,2025-05-05 10:21:00,SHORT,94402.65,94389.04,0.00014416968167737433,0.03333333333333333
212,2025-05-05 10:23:00,2025-05-05 10:24:00,SHORT,94378.86,94378.85,1.059559311773983e-07,0.016666666666666666
213,2025-05-05 10:27:00,2025-05-05 10:28:00,SHORT,94403.93,94365.72,0.00040475009885702695,0.016666666666666666
214,2025-05-05 10:30:00,2025-05-05 10:31:00,SHORT,94433.35,94426.57,7.179666929108027e-05,0.016666666666666666
215,2025-05-05 10:33:00,2025-05-05 10:34:00,SHORT,94420.68,94381.76,0.00041219783632143143,0.016666666666666666
216,2025-05-05 10:40:00,2025-05-05 10:41:00,SHORT,94231.85,94229.3,2.706091411770978e-05,0.016666666666666666
217,2025-05-05 10:53:00,2025-05-05 10:54:00,SHORT,94095.0,94107.99,-0.00013805196875503735,0.016666666666666666
218,2025-05-05 10:56:00,2025-05-05 10:57:00,SHORT,94129.89,94129.69,2.124723613265559e-06,0.016666666666666666
219,2025-05-05 11:00:00,2025-05-05 11:01:00,SHORT,94148.29,94165.08,-0.00017833568724411405,0.016666666666666666
220,2025-05-05 11:05:00,2025-05-05 11:06:00,SHORT,94178.65,94188.0,-9.927940143552516e-05,0.016666666666666666
221,2025-05-05 11:10:00,2025-05-05 11:11:00,SHORT,94181.78,94187.19,-5.7442108229463196e-05,0.016666666666666666
222,2025-05-05 11:12:00,2025-05-05 11:13:00,SHORT,94222.14,94206.85,0.00016227608500500622,0.016666666666666666
223,2025-05-05 11:14:00,2025-05-05 11:15:00,SHORT,94222.07,94235.03,-0.0001375473920281294,0.016666666666666666
224,2025-05-05 11:16:00,2025-05-05 11:17:00,SHORT,94257.17,94238.21,0.00020115180627629548,0.016666666666666666
225,2025-05-05 11:19:00,2025-05-05 11:20:00,SHORT,94259.54,94243.11,0.00017430596414954938,0.016666666666666666
226,2025-05-05 11:29:00,2025-05-05 11:30:00,SHORT,94005.0,94004.02,1.0424977394776081e-05,0.016666666666666666
227,2025-05-05 11:32:00,2025-05-05 11:33:00,SHORT,94023.33,93990.81,0.00034587160441992506,0.016666666666666666
228,2025-05-05 11:35:00,2025-05-05 11:36:00,SHORT,93962.12,93958.91,3.416270301257412e-05,0.016666666666666666
229,2025-05-05 11:40:00,2025-05-05 11:41:00,SHORT,93928.31,93890.04,0.0004074383963685078,0.016666666666666666
230,2025-05-05 11:42:00,2025-05-05 11:43:00,SHORT,93930.44,93892.57,0.00040317068673366527,0.016666666666666666
231,2025-05-05 11:44:00,2025-05-05 11:46:00,SHORT,93932.07,94001.56,-0.0007397899354287697,0.03333333333333333
232,2025-05-05 11:49:00,2025-05-05 11:50:00,SHORT,94024.26,94025.12,-9.14657557528857e-06,0.016666666666666666
233,2025-05-05 11:52:00,2025-05-05 11:53:00,SHORT,94054.56,94059.99,-5.773244806001503e-05,0.016666666666666666
234,2025-05-05 11:54:00,2025-05-05 11:55:00,SHORT,94107.17,94112.0,-5.132446337512589e-05,0.016666666666666666
235,2025-05-05 12:04:00,2025-05-05 12:06:00,SHORT,93936.23,93962.52,-0.0002798707165489625,0.03333333333333333
236,2025-05-05 12:07:00,2025-05-05 12:09:00,SHORT,94038.09,94127.78,-0.0009537624594459791,0.03333333333333333
237,2025-05-05 12:14:00,2025-05-05 12:15:00,SHORT,94197.64,94208.26,-0.00011274167802925152,0.016666666666666666
238,2025-05-05 12:16:00,2025-05-05 12:17:00,SHORT,94259.59,94199.3,0.0006396166161978171,0.016666666666666666
239,2025-05-05 12:21:00,2025-05-05 12:22:00,SHORT,94218.0,94250.78,-0.0003479165339956148,0.016666666666666666
240,2025-05-05 12:29:00,2025-05-05 12:30:00,LONG,94323.81,94311.26,-0.00013305230142848247,0.016666666666666666
241,2025-05-05 12:32:00,2025-05-05 12:34:00,LONG,94292.36,94252.46,-0.00042315199237768765,0.03333333333333333
242,2025-05-05 12:39:00,2025-05-05 12:40:00,LONG,94337.74,94336.85,-9.43418826865492e-06,0.016666666666666666
243,2025-05-05 12:42:00,2025-05-05 12:43:00,LONG,94292.06,94331.66,0.00041997173462967957,0.016666666666666666
244,2025-05-05 12:46:00,2025-05-05 12:47:00,LONG,94274.02,94274.0,-2.1214752488622566e-07,0.016666666666666666
245,2025-05-05 12:53:00,2025-05-05 12:54:00,LONG,94277.79,94277.68,-1.166764727944748e-06,0.016666666666666666
246,2025-05-05 13:00:00,2025-05-05 13:01:00,LONG,94316.02,94387.99,0.0007630729116856411,0.016666666666666666
247,2025-05-05 13:07:00,2025-05-05 13:09:00,LONG,94342.84,94213.77,-0.00136809534247636,0.03333333333333333
248,2025-05-05 13:14:00,2025-05-05 13:15:00,SHORT,94199.99,94203.31,-3.524416510014951e-05,0.016666666666666666
249,2025-05-05 13:16:00,2025-05-05 13:17:00,SHORT,94248.26,94266.59,-0.00019448634913792303,0.016666666666666666
250,2025-05-05 13:20:00,2025-05-05 13:21:00,LONG,94286.69,94352.13,0.0006940534236592919,0.016666666666666666
251,2025-05-05 13:24:00,2025-05-05 13:25:00,LONG,94298.71,94279.28,-0.00020604735738174537,0.016666666666666666
252,2025-05-05 13:26:00,2025-05-05 13:28:00,LONG,94182.8,94183.5,7.432354952253379e-06,0.03333333333333333
253,2025-05-05 13:32:00,2025-05-05 13:36:00,SHORT,93940.95,94163.18,-0.0023656350079490993,0.06666666666666667
254,2025-05-05 13:43:00,2025-05-05 13:44:00,SHORT,93929.66,93887.22,0.00045182746323155356,0.016666666666666666
255,2025-05-05 13:45:00,2025-05-05 13:46:00,SHORT,93977.22,93857.14,0.001277756460555034,0.016666666666666666
256,2025-05-05 13:55:00,2025-05-05 13:56:00,SHORT,93854.09,93947.16,-0.0009916456491135014,0.016666666666666666
257,2025-05-05 13:57:00,2025-05-05 13:58:00,SHORT,94170.0,94120.21,0.0005287246469150855,0.016666666666666666
258,2025-05-05 14:00:00,2025-05-05 14:01:00,LONG,94431.99,94482.54,0.0005353058852194934,0.016666666666666666
259,2025-05-05 14:04:00,2025-05-05 14:05:00,LONG,94288.94,94252.0,-0.0003917744753520649,0.016666666666666666
260,2025-05-05 14:06:00,2025-05-05 14:07:00,LONG,94167.15,94238.67,0.0007595005264575182,0.016666666666666666
261,2025-05-05 14:10:00,2025-05-05 14:11:00,LONG,94192.56,94155.16,-0.0003970589609199939,0.016666666666666666
262,2025-05-05 14:16:00,2025-05-05 14:17:00,SHORT,94000.0,94027.81,-0.00029585106382976246,0.016666666666666666
263,2025-05-05 14:23:00,2025-05-05 14:24:00,SHORT,93898.02,93826.59,0.0007607189161178006,0.016666666666666666
264,2025-05-05 14:25:00,2025-05-05 14:26:00,SHORT,93880.29,93937.3,-0.0006072627172328645,0.016666666666666666
265,2025-05-05 14:29:00,2025-05-05 14:30:00,SHORT,93928.71,93900.16,0.00030395392420488806,0.016666666666666666
266,2025-05-05 14:37:00,2025-05-05 14:39:00,SHORT,93901.91,94023.0,-0.0012895371350806018,0.03333333333333333
267,2025-05-05 14:40:00,2025-05-05 14:41:00,SHORT,94051.22,94101.59,-0.0005355592410177703,0.016666666666666666
268,2025-05-05 14:47:00,2025-05-05 14:48:00,LONG,94187.46,94183.08,-4.650300581419922e-05,0.016666666666666666
269,2025-05-05 14:49:00,2025-05-05 14:50:00,LONG,94145.03,94195.29,0.0005338571775907317,0.016666666666666666
270,2025-05-05 14:52:00,2025-05-05 14:53:00,LONG,94018.88,93995.0,-0.00025399153872078306,0.016666666666666666
271,2025-05-05 14:54:00,2025-05-05 14:55:00,SHORT,93912.61,93888.41,0.00025768637459865177,0.016666666666666666
272,2025-05-05 15:07:00,2025-05-05 15:08:00,SHORT,93766.44,93827.09,-0.0006468199069943807,0.016666666666666666
273,2025-05-05 15:12:00,2025-05-05 15:13:00,SHORT,93708.38,93699.06,9.945748715330459e-05,0.016666666666666666
274,2025-05-05 15:14:00,2025-05-05 15:15:00,SHORT,93746.36,93682.46,0.0006816264652834967,0.016666666666666666
275,2025-05-05 15:17:00,2025-05-05 15:18:00,SHORT,93815.88,93854.19,-0.00040835304215019536,0.016666666666666666
276,2025-05-05 15:20:00,2025-05-05 15:21:00,SHORT,93901.19,93960.69,-0.0006336447919350116,0.016666666666666666
277,2025-05-05 15:27:00,2025-05-05 15:28:00,SHORT,93884.48,93886.61,-2.2687455903304324e-05,0.016666666666666666
278,2025-05-05 15:30:00,2025-05-05 15:31:00,SHORT,93942.85,93917.25,0.0002725061034448691,0.016666666666666666
279,2025-05-05 15:35:00,2025-05-05 15:36:00,SHORT,93865.58,93857.15,8.980927833192494e-05,0.016666666666666666
280,2025-05-05 15:40:00,2025-05-05 15:41:00,SHORT,93862.94,93806.52,0.0006010892051751016,0.016666666666666666
281,2025-05-05 15:45:00,2025-05-05 15:46:00,SHORT,93771.37,93778.69,-7.806220598042862e-05,0.016666666666666666
282,2025-05-05 15:50:00,2025-05-05 15:51:00,SHORT,93699.99,93685.41,0.00015560300486693482,0.016666666666666666
283,2025-05-05 15:52:00,2025-05-05 15:53:00,SHORT,93725.92,93742.08,-0.0001724176193736321,0.016666666666666666
284,2025-05-05 15:59:00,2025-05-05 16:00:00,SHORT,93770.31,93800.0,-0.0003166247397497388,0.016666666666666666
285,2025-05-05 16:01:00,2025-05-05 16:02:00,SHORT,93856.64,93902.82,-0.0004920269892466592,0.016666666666666666
286,2025-05-05 16:06:00,2025-05-05 16:07:00,SHORT,93911.12,93911.11,1.0648366236885803e-07,0.016666666666666666
287,2025-05-05 16:10:00,2025-05-05 16:11:00,SHORT,94006.34,94009.35,-3.20191170085902e-05,0.016666666666666666
288,2025-05-05 16:12:00,2025-05-05 16:13:00,SHORT,94038.1,93963.79,0.0007902116269896161,0.016666666666666666
289,2025-05-05 16:15:00,2025-05-05 16:16:00,SHORT,94038.1,94046.08,-8.485922195361163e-05,0.016666666666666666
290,2025-05-05 16:19:00,2025-05-05 16:20:00,LONG,94150.85,94115.93,-0.00037089415549634234,0.016666666666666666
291,2025-05-05 16:29:00,2025-05-05 16:30:00,LONG,94175.57,94230.85,0.0005869887487805896,0.016666666666666666
292,2025-05-05 16:31:00,2025-05-05 16:32:00,LONG,94166.77,94165.1,-1.773449381345727e-05,0.016666666666666666
293,2025-05-05 16:34:00,2025-05-05 16:35:00,LONG,94230.23,94267.13,0.0003915940776119164,0.016666666666666666
294,2025-05-05 16:36:00,2025-05-05 16:38:00,LONG,94220.85,94162.31,-0.0006213062183158839,0.03333333333333333
295,2025-05-05 16:42:00,2025-05-05 16:43:00,LONG,94132.12,94179.07,0.0004987670520966875,0.016666666666666666
296,2025-05-05 16:50:00,2025-05-05 16:52:00,LONG,94180.81,94122.87,-0.0006151996356795225,0.03333333333333333
297,2025-05-05 16:56:00,2025-05-05 16:57:00,LONG,94212.0,94207.2,-5.094892370401765e-05,0.016666666666666666
298,2025-05-05 17:01:00,2025-05-05 17:02:00,LONG,94170.82,94163.7,-7.560728471951178e-05,0.016666666666666666
299,2025-05-05 17:05:00,2025-05-05 17:06:00,LONG,94178.06,94154.47,-0.00025048296811376776,0.016666666666666666
300,2025-05-05 17:11:00,2025-05-05 17:12:00,LONG,94128.71,94081.03,-0.0005065404593349634,0.016666666666666666
301,2025-05-05 17:18:00,2025-05-05 17:19:00,LONG,94117.6,94159.73,0.00044763147381563173,0.016666666666666666
302,2025-05-05 17:23:00,2025-05-05 17:24:00,LONG,94294.16,94333.45,0.0004166747972514268,0.016666666666666666
303,2025-05-05 17:26:00,2025-05-05 17:27:00,LONG,94311.28,94358.45,0.0005001522617442819,0.016666666666666666
304,2025-05-05 17:29:00,2025-05-05 17:30:00,LONG,94368.32,94369.98,1.7590649065162337e-05,0.016666666666666666
305,2025-05-05 17:38:00,2025-05-05 17:39:00,LONG,94433.94,94576.0,0.0015043320229993333,0.016666666666666666
306,2025-05-05 17:40:00,2025-05-05 17:41:00,LONG,94510.0,94533.94,0.0002533065284097167,0.016666666666666666
307,2025-05-05 17:43:00,2025-05-05 17:44:00,LONG,94427.79,94446.93,0.00020269456692780186,0.016666666666666666
308,2025-05-05 17:49:00,2025-05-05 17:50:00,LONG,94453.98,94481.24,0.00028860615508218197,0.016666666666666666
309,2025-05-05 17:52:00,2025-05-05 17:53:00,LONG,94451.82,94472.87,0.00022286494849954567,0.016666666666666666
310,2025-05-05 17:59:00,2025-05-05 18:00:00,LONG,94500.0,94500.01,1.0582010576466995e-07,0.016666666666666666
311,2025-05-05 18:01:00,2025-05-05 18:02:00,LONG,94457.74,94453.21,-4.795795453076514e-05,0.016666666666666666
312,2025-05-05 18:10:00,2025-05-05 18:11:00,LONG,94619.23,94631.53,0.0001299947167188204,0.016666666666666666
313,2025-05-05 18:18:00,2025-05-05 18:19:00,LONG,94656.67,94658.01,1.4156424475913928e-05,0.016666666666666666
314,2025-05-05 18:21:00,2025-05-05 18:22:00,LONG,94621.39,94597.25,-0.0002551220183935093,0.016666666666666666
315,2025-05-05 18:24:00,2025-05-05 18:25:00,LONG,94584.02,94580.01,-4.2396167978579396e-05,0.016666666666666666
316,2025-05-05 18:38:00,2025-05-05 18:40:00,LONG,94835.97,94836.64,7.064829937398793e-06,0.03333333333333333
317,2025-05-05 18:41:00,2025-05-05 18:42:00,LONG,94801.34,94815.02,0.00014430175776004398,0.016666666666666666
318,2025-05-05 18:48:00,2025-05-05 18:49:00,LONG,94855.46,94857.15,1.781658114343419e-05,0.016666666666666666
319,2025-05-05 18:50:00,2025-05-05 18:51:00,LONG,94784.43,94785.73,1.3715332782007663e-05,0.016666666666666666
320,2025-05-05 18:52:00,2025-05-05 18:53:00,LONG,94750.0,94749.89,-1.160949868080022e-06,0.016666666666666666
321,2025-05-05 18:54:00,2025-05-05 18:55:00,LONG,94715.77,94715.04,-7.707269866575305e-06,0.016666666666666666
322,2025-05-05 19:00:00,2025-05-05 19:01:00,LONG,94712.0,94719.99,8.436101022051312e-05,0.016666666666666666
323,2025-05-05 19:07:00,2025-05-05 19:08:00,LONG,94806.0,94794.73,-0.00011887433284817495,0.016666666666666666
324,2025-05-05 19:13:00,2025-05-05 19:14:00,LONG,94819.99,94804.86,-0.00015956550934043186,0.016666666666666666
325,2025-05-05 19:16:00,2025-05-05 19:17:00,LONG,94840.01,94831.74,-8.719948468994808e-05,0.016666666666666666
326,2025-05-05 19:18:00,2025-05-05 19:19:00,LONG,94782.02,94775.25,-7.142704913868763e-05,0.016666666666666666
327,2025-05-05 19:22:00,2025-05-05 19:23:00,LONG,94744.06,94742.46,-1.6887602241145977e-05,0.016666666666666666
328,2025-05-05 19:25:00,2025-05-05 19:27:00,LONG,94713.81,94621.05,-0.0009793714348519478,0.03333333333333333
329,2025-05-05 19:31:00,2025-05-05 19:32:00,LONG,94658.66,94633.99,-0.00026062063418178807,0.016666666666666666
330,2025-05-05 19:33:00,2025-05-05 19:34:00,LONG,94580.59,94576.26,-4.578106353535907e-05,0.016666666666666666
331,2025-05-05 19:37:00,2025-05-05 19:38:00,LONG,94599.04,94568.03,-0.0003278045950571461,0.016666666666666666
332,2025-05-05 19:39:00,2025-05-05 19:40:00,LONG,94510.8,94559.52,0.0005154966416536646,0.016666666666666666
333,2025-05-05 19:43:00,2025-05-05 19:44:00,LONG,94493.29,94499.99,7.090450549464032e-05,0.016666666666666666
334,2025-05-05 19:49:00,2025-05-05 19:50:00,SHORT,94419.99,94435.99,-0.0001694556417555223,0.016666666666666666
335,2025-05-05 19:57:00,2025-05-05 19:58:00,SHORT,94403.79,94359.49,0.0004692608209902204,0.016666666666666666
336,2025-05-05 20:06:00,2025-05-05 20:07:00,SHORT,94235.42,94250.07,-0.00015546171492639106,0.016666666666666666
337,2025-05-05 20:11:00,2025-05-05 20:12:00,SHORT,94247.19,94258.12,-0.000115971627376827,0.016666666666666666
338,2025-05-05 20:16:00,2025-05-05 20:17:00,SHORT,94292.06,94285.72,6.723789892803813e-05,0.016666666666666666
339,2025-05-05 20:23:00,2025-05-05 20:24:00,SHORT,94212.08,94217.35,-5.593762498401558e-05,0.016666666666666666
340,2025-05-05 20:37:00,2025-05-05 20:38:00,SHORT,93982.93,94025.99,-0.0004581683077981526,0.016666666666666666
341,2025-05-05 20:39:00,2025-05-05 20:40:00,SHORT,94072.77,94066.89,6.250480346230536e-05,0.016666666666666666
342,2025-05-05 20:44:00,2025-05-05 20:45:00,SHORT,94055.81,94026.48,0.0003118361321857921,0.016666666666666666
343,2025-05-05 20:48:00,2025-05-05 20:49:00,SHORT,94101.59,94132.78,-0.0003314502974923413,0.016666666666666666
344,2025-05-05 20:50:00,2025-05-05 20:52:00,SHORT,94173.88,94242.0,-0.000723342820748124,0.03333333333333333
345,2025-05-05 20:55:00,2025-05-05 20:56:00,SHORT,94253.93,94250.46,3.6815441011177066e-05,0.016666666666666666
346,2025-05-05 21:00:00,2025-05-05 21:03:00,SHORT,94260.32,94465.67,-0.0021785412992443823,0.05
347,2025-05-05 21:04:00,2025-05-05 21:05:00,LONG,94441.96,94460.38,0.00019504042482809816,0.016666666666666666
348,2025-05-05 21:07:00,2025-05-05 21:08:00,LONG,94465.1,94446.45,-0.00019742740969954755,0.016666666666666666
349,2025-05-05 21:18:00,2025-05-05 21:20:00,LONG,94566.7,94562.56,-4.377862397650989e-05,0.03333333333333333
350,2025-05-05 21:28:00,2025-05-05 21:29:00,LONG,94626.16,94625.98,-1.9022223876311475e-06,0.016666666666666666
351,2025-05-05 21:30:00,2025-05-05 21:34:00,LONG,94592.97,94460.37,-0.0014017955034079787,0.06666666666666667
352,2025-05-05 21:40:00,2025-05-05 21:41:00,LONG,94522.38,94569.67,0.0005003047955414748,0.016666666666666666
353,2025-05-05 21:44:00,2025-05-05 21:45:00,LONG,94566.12,94599.86,0.000356787399123547,0.016666666666666666
354,2025-05-05 21:53:00,2025-05-05 21:54:00,LONG,94744.78,94806.7,0.0006535452401704691,0.016666666666666666
355,2025-05-05 21:57:00,2025-05-05 21:58:00,LONG,94724.52,94692.31,-0.00034003867214113515,0.016666666666666666
356,2025-05-05 22:01:00,2025-05-05 22:02:00,LONG,94742.1,94850.0,0.0011388812365357552,0.016666666666666666
357,2025-05-05 22:03:00,2025-05-05 22:04:00,LONG,94792.57,94762.26,-0.00031975079903427266,0.016666666666666666
358,2025-05-05 22:07:00,2025-05-05 22:08:00,LONG,94757.76,94798.13,0.00042603370953481695,0.016666666666666666
359,2025-05-05 22:10:00,2025-05-05 22:11:00,LONG,94775.25,94795.43,0.00021292478785329519,0.016666666666666666
360,2025-05-05 22:12:00,2025-05-05 22:13:00,LONG,94762.26,94762.26,0.0,0.016666666666666666
361,2025-05-05 22:20:00,2025-05-05 22:21:00,LONG,94896.97,94913.2,0.00017102758918431142,0.016666666666666666
362,2025-05-05 22:22:00,2025-05-05 22:23:00,LONG,94888.77,94887.65,-1.1803293477298687e-05,0.016666666666666666
363,2025-05-05 22:26:00,2025-05-05 22:27:00,LONG,94863.49,94863.5,1.054146331192465e-07,0.016666666666666666
364,2025-05-05 22:34:00,2025-05-05 22:35:00,LONG,94939.04,94961.99,0.00024173406430075175,0.016666666666666666
365,2025-05-05 22:40:00,2025-05-05 22:41:00,LONG,95125.81,95179.78,0.000567353907420091,0.016666666666666666
366,2025-05-05 22:45:00,2025-05-05 22:48:00,LONG,95117.46,94999.79,-0.0012371019999904624,0.05
367,2025-05-05 22:51:00,2025-05-05 22:52:00,LONG,95007.99,95045.64,0.00039628246003303697,0.016666666666666666
368,2025-05-05 22:56:00,2025-05-05 22:57:00,LONG,95043.89,95051.8,8.322470807964081e-05,0.016666666666666666
369,2025-05-05 23:03:00,2025-05-05 23:04:00,LONG,95058.46,95033.87,-0.0002586829199632632,0.016666666666666666
370,2025-05-05 23:08:00,2025-05-05 23:09:00,LONG,95020.44,95026.41,6.282858719661963e-05,0.016666666666666666
371,2025-05-05 23:12:00,2025-05-05 23:13:00,LONG,95054.51,95061.99,7.869168964219034e-05,0.016666666666666666
372,2025-05-05 23:14:00,2025-05-05 23:15:00,LONG,95001.18,95012.0,0.00011389332216722977,0.016666666666666666
373,2025-05-05 23:19:00,2025-05-05 23:20:00,LONG,95000.0,95027.43,0.0002887368421051896,0.016666666666666666
374,2025-05-05 23:24:00,2025-05-05 23:27:00,LONG,95084.5,94948.03,-0.001435249698951997,0.05
375,2025-05-05 23:29:00,2025-05-05 23:30:00,LONG,94896.25,94883.81,-0.00013109053308220638,0.016666666666666666
376,2025-05-05 23:32:00,2025-05-05 23:33:00,LONG,94875.48,94875.48,0.0,0.016666666666666666
377,2025-05-05 23:38:00,2025-05-05 23:39:00,LONG,94907.23,94881.51,-0.0002710014821842463,0.016666666666666666
378,2025-05-05 23:40:00,2025-05-05 23:41:00,LONG,94841.34,94863.49,0.00023354794438805622,0.016666666666666666
379,2025-05-05 23:44:00,2025-05-05 23:45:00,LONG,94837.73,94831.74,-6.31605163893177e-05,0.016666666666666666
380,2025-05-05 23:47:00,2025-05-05 23:48:00,LONG,94801.1,94800.0,-1.160324089072617e-05,0.016666666666666666
381,2025-05-05 23:50:00,2025-05-05 23:52:00,LONG,94773.01,94730.48,-0.00044875645502869265,0.03333333333333333
382,2025-05-05 23:57:00,2025-05-05 23:58:00,LONG,94770.02,94752.3,-0.00018697896233430323,0.016666666666666666
383,2025-05-05 23:59:00,2025-05-06 00:00:00,LONG,94733.68,94760.01,0.0002779370546990442,0.016666666666666666
384,2025-05-06 00:01:00,2025-05-06 00:03:00,LONG,94740.01,94700.6,-0.00041598053451745405,0.03333333333333333
385,2025-05-06 00:05:00,2025-05-06 00:06:00,LONG,94675.94,94720.02,0.0004655881948465655,0.016666666666666666
386,2025-05-06 00:09:00,2025-05-06 00:10:00,LONG,94690.0,94686.11,-4.1081423592770284e-05,0.016666666666666666
387,2025-05-06 00:12:00,2025-05-06 00:13:00,SHORT,94653.73,94645.55,8.642026045875864e-05,0.016666666666666666
388,2025-05-06 00:14:00,2025-05-06 00:15:00,SHORT,94683.21,94642.44,0.00043059376630771255,0.016666666666666666
389,2025-05-06 00:21:00,2025-05-06 00:22:00,SHORT,94618.56,94610.37,8.655807063648326e-05,0.016666666666666666
390,2025-05-06 00:26:00,2025-05-06 00:28:00,SHORT,94641.26,94684.39,-0.00045572089805233633,0.03333333333333333
391,2025-05-06 00:29:00,2025-05-06 00:30:00,SHORT,94725.73,94728.41,-2.829220740771876e-05,0.016666666666666666
392,2025-05-06 00:33:00,2025-05-06 00:34:00,SHORT,94679.56,94654.95,0.0002599293870820754,0.016666666666666666
393,2025-05-06 00:37:00,2025-05-06 00:38:00,SHORT,94562.52,94528.18,0.00036314599061035025,0.016666666666666666
394,2025-05-06 00:41:00,2025-05-06 00:42:00,SHORT,94482.44,94482.54,-1.0583977296867953e-06,0.016666666666666666
395,2025-05-06 00:45:00,2025-05-06 00:46:00,SHORT,94482.43,94494.29,-0.0001255259840374616,0.016666666666666666
396,2025-05-06 00:49:00,2025-05-06 00:50:00,SHORT,94504.47,94510.47,-6.348906035873224e-05,0.016666666666666666
397,2025-05-06 00:52:00,2025-05-06 00:53:00,SHORT,94528.16,94483.19,0.0004757312529938292,0.016666666666666666
398,2025-05-06 00:54:00,2025-05-06 00:56:00,SHORT,94506.19,94535.85,-0.0003138418763892978,0.03333333333333333
399,2025-05-06 00:58:00,2025-05-06 00:59:00,SHORT,94594.25,94598.89,-4.905160725942029e-05,0.016666666666666666
400,2025-05-06 01:01:00,2025-05-06 01:02:00,SHORT,94686.8,94632.58,0.0005726246953112912,0.016666666666666666
401,2025-05-06 01:09:00,2025-05-06 01:12:00,SHORT,94534.38,94724.53,-0.002011437532038547,0.05
402,2025-05-06 01:13:00,2025-05-06 01:14:00,SHORT,94760.39,94750.73,0.0001019413280169435,0.016666666666666666
403,2025-05-06 01:15:00,2025-05-06 01:16:00,SHORT,94793.98,94831.7,-0.00039791556383645,0.016666666666666666
404,2025-05-06 01:22:00,2025-05-06 01:23:00,LONG,94875.48,94913.58,0.00040157899596403437,0.016666666666666666
405,2025-05-06 01:24:00,2025-05-06 01:25:00,LONG,94854.82,94872.98,0.00019145047136232972,0.016666666666666666
406,2025-05-06 01:27:00,2025-05-06 01:28:00,LONG,94811.34,94816.97,5.9381082473938845e-05,0.016666666666666666
407,2025-05-06 01:32:00,2025-05-06 01:33:00,SHORT,94783.5,94751.39,0.00033877204365739377,0.016666666666666666
408,2025-05-06 01:37:00,2025-05-06 01:38:00,SHORT,94686.79,94516.32,0.0018003567340279106,0.016666666666666666
409,2025-05-06 01:47:00,2025-05-06 01:48:00,SHORT,94419.99,94350.0,0.0007412625229043684,0.016666666666666666
410,2025-05-06 01:50:00,2025-05-06 01:51:00,SHORT,94399.99,94426.0,-0.00027552969020436084,0.016666666666666666
411,2025-05-06 01:55:00,2025-05-06 01:56:00,SHORT,94369.88,94414.39,-0.00047165472712262384,0.016666666666666666
412,2025-05-06 02:00:00,2025-05-06 02:01:00,SHORT,94340.7,94376.99,-0.0003846696070731736,0.016666666666666666
413,2025-05-06 02:02:00,2025-05-06 02:03:00,SHORT,94394.97,94388.0,7.383868017544965e-05,0.016666666666666666
414,2025-05-06 02:08:00,2025-05-06 02:09:00,SHORT,94253.82,94245.37,8.96515387918669e-05,0.016666666666666666
415,2025-05-06 02:11:00,2025-05-06 02:12:00,SHORT,94271.69,94224.07,0.0005051357411752706,0.016666666666666666
416,2025-05-06 02:14:00,2025-05-06 02:15:00,SHORT,94240.87,94225.89,0.00015895438995836865,0.016666666666666666
417,2025-05-06 02:22:00,2025-05-06 02:23:00,SHORT,94108.0,94086.69,0.0002264419603009061,0.016666666666666666
418,2025-05-06 02:27:00,2025-05-06 02:28:00,SHORT,94107.82,94138.5,-0.00032600903941875406,0.016666666666666666
419,2025-05-06 02:31:00,2025-05-06 02:33:00,SHORT,94120.76,94233.97,-0.0012028164668454271,0.03333333333333333
420,2025-05-06 02:40:00,2025-05-06 02:41:00,SHORT,94168.0,94141.43,0.00028215529691622405,0.016666666666666666
421,2025-05-06 02:42:00,2025-05-06 02:43:00,SHORT,94173.77,94158.5,0.00016214706069433212,0.016666666666666666
422,2025-05-06 02:45:00,2025-05-06 02:46:00,SHORT,94209.99,94233.97,-0.0002545377618657631,0.016666666666666666
423,2025-05-06 02:47:00,2025-05-06 02:48:00,SHORT,94272.93,94309.43,-0.0003871737093564399,0.016666666666666666
424,2025-05-06 02:50:00,2025-05-06 02:51:00,SHORT,94371.9,94329.82,0.0004458954413335664,0.016666666666666666
425,2025-05-06 02:52:00,2025-05-06 02:53:00,SHORT,94358.51,94321.09,0.0003965726037852681,0.016666666666666666
426,2025-05-06 02:56:00,2025-05-06 02:57:00,SHORT,94297.37,94315.22,-0.00018929478096797208,0.016666666666666666
427,2025-05-06 02:59:00,2025-05-06 03:00:00,SHORT,94334.99,94342.49,-7.950390411871565e-05,0.016666666666666666
428,2025-05-06 03:01:00,2025-05-06 03:02:00,SHORT,94363.48,94357.28,6.570338440249438e-05,0.016666666666666666
429,2025-05-06 03:05:00,2025-05-06 03:06:00,SHORT,94354.39,94387.31,-0.00034889738569660885,0.016666666666666666
430,2025-05-06 03:12:00,2025-05-06 03:13:00,SHORT,94319.64,94284.26,0.0003751074537604751,0.016666666666666666
431,2025-05-06 03:16:00,2025-05-06 03:18:00,SHORT,94280.93,94328.45,-0.0005040255754796232,0.03333333333333333
432,2025-05-06 03:25:00,2025-05-06 03:28:00,SHORT,94289.94,94422.64,-0.0014073611670555426,0.05
433,2025-05-06 03:31:00,2025-05-06 03:32:00,SHORT,94428.33,94428.57,-2.541610129134325e-06,0.016666666666666666
434,2025-05-06 03:33:00,2025-05-06 03:34:00,SHORT,94464.57,94450.79,0.00014587479729186707,0.016666666666666666
435,2025-05-06 03:46:00,2025-05-06 03:47:00,SHORT,94460.37,94438.37,0.00023290190372957464,0.016666666666666666
436,2025-05-06 03:48:00,2025-05-06 03:50:00,SHORT,94466.18,94508.0,-0.0004426981169346213,0.03333333333333333
437,2025-05-06 03:57:00,2025-05-06 03:58:00,SHORT,94454.43,94464.69,-0.00010862380938627562,0.016666666666666666
438,2025-05-06 04:01:00,2025-05-06 04:02:00,SHORT,94438.75,94444.24,-5.813291683768833e-05,0.016666666666666666
439,2025-05-06 04:06:00,2025-05-06 04:07:00,SHORT,94415.95,94415.95,0.0,0.016666666666666666
440,2025-05-06 04:08:00,2025-05-06 04:09:00,SHORT,94425.71,94368.36,0.0006073557720668006,0.016666666666666666
441,2025-05-06 04:10:00,2025-05-06 04:11:00,SHORT,94385.82,94385.81,1.0594811815284569e-07,0.016666666666666666
442,2025-05-06 04:12:00,2025-05-06 04:13:00,SHORT,94422.65,94414.51,8.620812908766508e-05,0.016666666666666666
443,2025-05-06 04:17:00,2025-05-06 04:18:00,SHORT,94449.21,94441.98,7.654907860013309e-05,0.016666666666666666
444,2025-05-06 04:20:00,2025-05-06 04:22:00,SHORT,94458.95,94508.01,-0.0005193790530171855,0.03333333333333333
445,2025-05-06 04:23:00,2025-05-06 04:24:00,LONG,94533.67,94542.36,9.192491944935946e-05,0.016666666666666666
446,2025-05-06 04:34:00,2025-05-06 04:35:00,LONG,94560.01,94550.0,-0.00010585870284906656,0.016666666666666666
447,2025-05-06 04:36:00,2025-05-06 04:37:00,LONG,94508.32,94516.0,8.126268671364611e-05,0.016666666666666666
448,2025-05-06 04:39:00,2025-05-06 04:40:00,LONG,94487.66,94493.1,5.757365564987352e-05,0.016666666666666666
449,2025-05-06 04:44:00,2025-05-06 04:45:00,SHORT,94461.21,94520.77,-0.0006305233650934353,0.016666666666666666
450,2025-05-06 04:46:00,2025-05-06 04:48:00,LONG,94535.84,94514.29,-0.00022795587366656827,0.03333333333333333
451,2025-05-06 04:56:00,2025-05-06 04:57:00,LONG,94552.04,94567.99,0.00016869017315767742,0.016666666666666666
452,2025-05-06 05:02:00,2025-05-06 05:03:00,LONG,94583.5,94583.49,-1.0572668588877881e-07,0.016666666666666666
453,2025-05-06 05:04:00,2025-05-06 05:05:00,LONG,94540.01,94528.71,-0.00011952611386426084,0.016666666666666666
454,2025-05-06 05:06:00,2025-05-06 05:07:00,LONG,94491.55,94496.28,5.005738608368606e-05,0.016666666666666666
455,2025-05-06 05:10:00,2025-05-06 05:11:00,LONG,94498.31,94497.19,-1.1852063809345832e-05,0.016666666666666666
456,2025-05-06 05:14:00,2025-05-06 05:15:00,LONG,94490.68,94515.9,0.0002669046301709456,0.016666666666666666
457,2025-05-06 05:16:00,2025-05-06 05:17:00,LONG,94463.92,94447.88,-0.00016980027930233677,0.016666666666666666
458,2025-05-06 05:18:00,2025-05-06 05:19:00,LONG,94428.9,94425.43,-3.674722463145461e-05,0.016666666666666666
459,2025-05-06 05:21:00,2025-05-06 05:23:00,LONG,94404.34,94372.36,-0.00033875561229490005,0.03333333333333333
460,2025-05-06 05:28:00,2025-05-06 05:29:00,LONG,94378.95,94369.21,-0.00010320097860794899,0.016666666666666666
461,2025-05-06 05:31:00,2025-05-06 05:33:00,LONG,94351.32,94316.08,-0.000373497689274567,0.03333333333333333
462,2025-05-06 05:39:00,2025-05-06 05:40:00,LONG,94361.95,94398.49,0.00038723235371893174,0.016666666666666666
463,2025-05-06 05:44:00,2025-05-06 05:45:00,LONG,94359.99,94394.27,0.00036328956796200207,0.016666666666666666
464,2025-05-06 05:48:00,2025-05-06 05:49:00,LONG,94358.12,94397.87,0.00042126740125810055,0.016666666666666666
465,2025-05-06 05:51:00,2025-05-06 05:52:00,LONG,94355.57,94336.6,-0.0002010480144415551,0.016666666666666666
466,2025-05-06 05:59:00,2025-05-06 06:00:00,SHORT,94345.56,94356.27,-0.00011351885557737325,0.016666666666666666
467,2025-05-06 06:11:00,2025-05-06 06:12:00,LONG,94442.03,94442.03,0.0,0.016666666666666666
468,2025-05-06 06:17:00,2025-05-06 06:18:00,SHORT,94459.99,94470.64,-0.0001127461478663525,0.016666666666666666
469,2025-05-06 06:28:00,2025-05-06 06:29:00,SHORT,94414.7,94417.78,-3.2622038729157075e-05,0.016666666666666666
470,2025-05-06 06:30:00,2025-05-06 06:31:00,SHORT,94440.0,94406.68,0.0003528166031343391,0.016666666666666666
471,2025-05-06 06:35:00,2025-05-06 06:38:00,SHORT,94424.39,94479.99,-0.0005888309154023216,0.05
472,2025-05-06 06:39:00,2025-05-06 06:40:00,LONG,94468.01,94460.37,-8.087393817229153e-05,0.016666666666666666
473,2025-05-06 06:46:00,2025-05-06 06:47:00,LONG,94464.53,94428.12,-0.00038543567622687045,0.016666666666666666
474,2025-05-06 06:48:00,2025-05-06 06:49:00,SHORT,94464.53,94475.92,-0.00012057435738048363,0.016666666666666666
475,2025-05-06 07:00:00,2025-05-06 07:01:00,LONG,94505.83,94536.45,0.0003240011753771735,0.016666666666666666
476,2025-05-06 07:03:00,2025-05-06 07:04:00,LONG,94550.22,94571.48,0.00022485405110633016,0.016666666666666666
477,2025-05-06 07:05:00,2025-05-06 07:06:00,LONG,94556.08,94535.85,-0.00021394710948249892,0.016666666666666666
478,2025-05-06 07:11:00,2025-05-06 07:12:00,LONG,94535.84,94535.85,1.057799878788111e-07,0.016666666666666666
479,2025-05-06 07:13:00,2025-05-06 07:14:00,LONG,94480.02,94494.99,0.0001584461984661007,0.016666666666666666
480,2025-05-06 07:15:00,2025-05-06 07:16:00,LONG,94460.38,94454.25,-6.48949326691747e-05,0.016666666666666666
481,2025-05-06 07:20:00,2025-05-06 07:21:00,SHORT,94450.79,94432.86,0.00018983430419155855,0.016666666666666666
482,2025-05-06 07:22:00,2025-05-06 07:23:00,SHORT,94457.71,94452.86,5.134572921581331e-05,0.016666666666666666
483,2025-05-06 07:28:00,2025-05-06 07:29:00,SHORT,94434.91,94429.95,5.252294940511303e-05,0.016666666666666666
484,2025-05-06 07:30:00,2025-05-06 07:31:00,SHORT,94457.46,94496.28,-0.0004109786564236687,0.016666666666666666
485,2025-05-06 07:32:00,2025-05-06 07:33:00,LONG,94509.31,94535.83,0.000280607275621884,0.016666666666666666
486,2025-05-06 07:34:00,2025-05-06 07:35:00,LONG,94479.28,94509.94,0.00032451559749400603,0.016666666666666666
487,2025-05-06 07:37:00,2025-05-06 07:38:00,LONG,94495.17,94474.43,-0.0002194821174458466,0.016666666666666666
488,2025-05-06 07:39:00,2025-05-06 07:40:00,LONG,94367.43,94386.08,0.00019763174646176898,0.016666666666666666
489,2025-05-06 07:50:00,2025-05-06 07:51:00,SHORT,94423.72,94419.5,4.4692159978458423e-05,0.016666666666666666
490,2025-05-06 07:55:00,2025-05-06 07:56:00,SHORT,94409.53,94411.99,-2.6056691522629153e-05,0.016666666666666666
491,2025-05-06 07:58:00,2025-05-06 07:59:00,SHORT,94438.82,94400.99,0.00040057679670289976,0.016666666666666666
492,2025-05-06 08:04:00,2025-05-06 08:05:00,SHORT,94374.58,94369.05,5.8596287262934956e-05,0.016666666666666666
493,2025-05-06 08:08:00,2025-05-06 08:09:00,SHORT,94363.12,94342.5,0.00021851757339091103,0.016666666666666666
494,2025-05-06 08:22:00,2025-05-06 08:23:00,SHORT,94131.11,94071.42,0.0006341155437347157,0.016666666666666666
495,2025-05-06 08:24:00,2025-05-06 08:25:00,SHORT,94093.47,94100.0,-6.939907732171888e-05,0.016666666666666666
496,2025-05-06 08:30:00,2025-05-06 08:31:00,SHORT,94111.99,94111.99,0.0,0.016666666666666666
497,2025-05-06 08:32:00,2025-05-06 08:33:00,SHORT,94139.1,94158.0,-0.00020076673773165643,0.016666666666666666
498,2025-05-06 08:36:00,2025-05-06 08:37:00,SHORT,94198.4,94175.17,0.00024660716105577086,0.016666666666666666
499,2025-05-06 08:38:00,2025-05-06 08:39:00,SHORT,94192.84,94180.92,0.00012654889692250763,0.016666666666666666
500,2025-05-06 08:42:00,2025-05-06 08:46:00,SHORT,94191.98,94281.89,-0.000954539866345346,0.06666666666666667
501,2025-05-06 08:50:00,2025-05-06 08:51:00,SHORT,94291.01,94303.67,-0.0001342651860448148,0.016666666666666666
502,2025-05-06 08:59:00,2025-05-06 09:00:00,LONG,94375.9,94372.64,-3.4542716943570994e-05,0.016666666666666666
503,2025-05-06 09:01:00,2025-05-06 09:02:00,LONG,94315.52,94309.44,-6.446446989850394e-05,0.016666666666666666
504,2025-05-06 09:05:00,2025-05-06 09:07:00,SHORT,94291.93,94288.83,3.287662051239453e-05,0.03333333333333333
505,2025-05-06 09:10:00,2025-05-06 09:11:00,SHORT,94268.0,94260.32,8.146985191149717e-05,0.016666666666666666
506,2025-05-06 09:15:00,2025-05-06 09:16:00,SHORT,94223.56,94205.13,0.00019559863796266046,0.016666666666666666
507,2025-05-06 09:23:00,2025-05-06 09:24:00,SHORT,94194.39,94186.54,8.333829647398132e-05,0.016666666666666666
508,2025-05-06 09:27:00,2025-05-06 09:28:00,SHORT,94186.29,94186.3,-1.0617256512931156e-07,0.016666666666666666
509,2025-05-06 09:30:00,2025-05-06 09:31:00,SHORT,94210.54,94191.71,0.00019987147934814084,0.016666666666666666
510,2025-05-06 09:35:00,2025-05-06 09:36:00,SHORT,94206.61,94203.86,2.9191157605607505e-05,0.016666666666666666
511,2025-05-06 09:45:00,2025-05-06 09:46:00,SHORT,94134.23,94120.11,0.00014999857118919805,0.016666666666666666
512,2025-05-06 09:47:00,2025-05-06 09:50:00,SHORT,94136.0,94142.56,-6.968641114980105e-05,0.05
513,2025-05-06 09:51:00,2025-05-06 09:54:00,SHORT,94159.99,94205.85,-0.00048704338222636367,0.05
514,2025-05-06 09:56:00,2025-05-06 09:57:00,SHORT,94216.81,94216.82,-1.0613817225729916e-07,0.016666666666666666
515,2025-05-06 10:06:00,2025-05-06 10:07:00,SHORT,94172.16,94182.24,-0.00010703800358834018,0.016666666666666666
516,2025-05-06 10:13:00,2025-05-06 10:14:00,SHORT,94157.54,94153.07,4.747362770933281e-05,0.016666666666666666
517,2025-05-06 10:16:00,2025-05-06 10:17:00,SHORT,94217.05,94227.31,-0.00010889748723818843,0.016666666666666666
518,2025-05-06 10:18:00,2025-05-06 10:19:00,SHORT,94247.65,94252.82,-5.4855479155319055e-05,0.016666666666666666
519,2025-05-06 10:20:00,2025-05-06 10:21:00,SHORT,94323.81,94296.71,0.00028730815686931296,0.016666666666666666
520,2025-05-06 10:24:00,2025-05-06 10:25:00,SHORT,94293.74,94298.96,-5.535892414492377e-05,0.016666666666666666
521,2025-05-06 10:31:00,2025-05-06 10:32:00,SHORT,94222.3,94228.55,-6.633249241421616e-05,0.016666666666666666
522,2025-05-06 10:36:00,2025-05-06 10:37:00,SHORT,94219.23,94237.68,-0.00019581989791252901,0.016666666666666666
523,2025-05-06 10:43:00,2025-05-06 10:44:00,SHORT,94094.92,94069.11,0.0002742974859854036,0.016666666666666666
524,2025-05-06 10:54:00,2025-05-06 10:55:00,SHORT,93940.0,93935.62,4.6625505641948656e-05,0.016666666666666666
525,2025-05-06 10:58:00,2025-05-06 10:59:00,SHORT,93945.52,93942.83,2.8633616589724857e-05,0.016666666666666666
526,2025-05-06 11:01:00,2025-05-06 11:02:00,SHORT,94025.44,93979.81,0.0004852941927206579,0.016666666666666666
527,2025-05-06 11:03:00,2025-05-06 11:04:00,SHORT,94045.29,94048.57,-3.4876813076055034e-05,0.016666666666666666
528,2025-05-06 11:10:00,2025-05-06 11:11:00,SHORT,94062.06,94062.5,-4.677762745174072e-06,0.016666666666666666
529,2025-05-06 11:18:00,2025-05-06 11:19:00,SHORT,94047.62,94009.51,0.000405220249061067,0.016666666666666666
530,2025-05-06 11:21:00,2025-05-06 11:22:00,SHORT,94039.9,94053.96,-0.0001495110054350571,0.016666666666666666
531,2025-05-06 11:26:00,2025-05-06 11:27:00,SHORT,93924.9,93888.89,0.0003833914116490384,0.016666666666666666
532,2025-05-06 11:30:00,2025-05-06 11:31:00,SHORT,93927.22,93892.37,0.0003710319543153286,0.016666666666666666
533,2025-05-06 11:35:00,2025-05-06 11:36:00,SHORT,93877.02,93919.99,-0.0004577265021834008,0.016666666666666666
534,2025-05-06 11:37:00,2025-05-06 11:38:00,SHORT,93960.22,93944.3,0.00016943340490260935,0.016666666666666666
535,2025-05-06 11:42:00,2025-05-06 11:43:00,SHORT,93856.99,93879.34,-0.00023812824170039193,0.016666666666666666
536,2025-05-06 11:55:00,2025-05-06 11:57:00,SHORT,93750.01,93796.71,-0.000498133280199241,0.03333333333333333
537,2025-05-06 11:58:00,2025-05-06 11:59:00,SHORT,93812.54,93812.54,0.0,0.016666666666666666
538,2025-05-06 12:03:00,2025-05-06 12:04:00,SHORT,93865.2,93860.65,4.847376876630435e-05,0.016666666666666666
539,2025-05-06 12:05:00,2025-05-06 12:06:00,SHORT,93875.79,93893.91,-0.00019302101212687422,0.016666666666666666
540,2025-05-06 12:08:00,2025-05-06 12:09:00,SHORT,93891.59,93860.38,0.00033240463815760126,0.016666666666666666
541,2025-05-06 12:14:00,2025-05-06 12:16:00,SHORT,93809.89,93803.72,6.577131686220134e-05,0.03333333333333333
542,2025-05-06 12:18:00,2025-05-06 12:19:00,SHORT,93856.61,93864.12,-8.00156749747808e-05,0.016666666666666666
543,2025-05-06 12:23:00,2025-05-06 12:24:00,SHORT,93870.81,93850.63,0.00021497630626595227,0.016666666666666666
544,2025-05-06 12:29:00,2025-05-06 12:31:00,SHORT,93823.81,93880.0,-0.0005988884910983932,0.03333333333333333
545,2025-05-06 12:32:00,2025-05-06 12:34:00,SHORT,93894.3,93920.83,-0.0002825517629930553,0.03333333333333333
546,2025-05-06 12:36:00,2025-05-06 12:37:00,SHORT,93946.41,93937.83,9.132866279830965e-05,0.016666666666666666
547,2025-05-06 12:39:00,2025-05-06 12:40:00,SHORT,93964.65,93953.29,0.00012089652864136228,0.016666666666666666
548,2025-05-06 12:41:00,2025-05-06 12:42:00,SHORT,93996.79,94000.0,-3.415010235994658e-05,0.016666666666666666
549,2025-05-06 12:46:00,2025-05-06 12:48:00,SHORT,93965.57,94027.19,-0.0006557721088691884,0.03333333333333333
550,2025-05-06 12:51:00,2025-05-06 12:52:00,SHORT,94001.65,93954.92,0.0004971189335505912,0.016666666666666666
551,2025-05-06 12:55:00,2025-05-06 12:56:00,SHORT,93966.21,93952.2,0.00014909614849858594,0.016666666666666666
552,2025-05-06 13:10:00,2025-05-06 13:11:00,SHORT,93752.38,93741.28,0.00011839699429503358,0.016666666666666666
553,2025-05-06 13:13:00,2025-05-06 13:14:00,SHORT,93762.48,93735.53,0.00028742840419746884,0.016666666666666666
554,2025-05-06 13:15:00,2025-05-06 13:16:00,SHORT,93759.21,93759.11,1.0665618876889082e-06,0.016666666666666666
555,2025-05-06 13:18:00,2025-05-06 13:19:00,SHORT,93778.17,93791.52,-0.00014235722450124395,0.016666666666666666
556,2025-05-06 13:20:00,2025-05-06 13:21:00,SHORT,93815.88,93781.44,0.00036710203006146,0.016666666666666666
557,2025-05-06 13:23:00,2025-05-06 13:24:00,SHORT,93826.32,93845.98,-0.00020953608752841355,0.016666666666666666
558,2025-05-06 13:26:00,2025-05-06 13:27:00,SHORT,93866.5,93760.59,0.0011283045601998955,0.016666666666666666
559,2025-05-06 13:31:00,2025-05-06 13:32:00,SHORT,93761.91,93780.85,-0.000202001004459085,0.016666666666666666
560,2025-05-06 13:33:00,2025-05-06 13:34:00,SHORT,93803.99,93737.01,0.000714042121236106,0.016666666666666666
561,2025-05-06 13:35:00,2025-05-06 13:36:00,SHORT,93800.12,93795.62,4.797435227161757e-05,0.016666666666666666
562,2025-05-06 13:39:00,2025-05-06 13:40:00,SHORT,93832.02,93894.22,-0.0006628867203327509,0.016666666666666666
563,2025-05-06 13:41:00,2025-05-06 13:42:00,SHORT,93930.12,93971.51,-0.00044064672758854583,0.016666666666666666
564,2025-05-06 13:47:00,2025-05-06 13:48:00,SHORT,93797.16,93827.71,-0.00032570282511755054,0.016666666666666666
565,2025-05-06 13:55:00,2025-05-06 13:57:00,SHORT,93541.75,93660.46,-0.0012690590030655445,0.03333333333333333
566,2025-05-06 14:00:00,2025-05-06 14:01:00,SHORT,93777.35,94037.37,-0.0027727377666354348,0.016666666666666666
567,2025-05-06 14:02:00,2025-05-06 14:03:00,LONG,94006.35,93991.26,-0.00016052107118307495,0.016666666666666666
568,2025-05-06 14:06:00,2025-05-06 14:07:00,LONG,93925.3,93893.12,-0.00034261269327867536,0.016666666666666666
569,2025-05-06 14:14:00,2025-05-06 14:15:00,LONG,94046.37,94097.85,0.000547389548368645,0.016666666666666666
570,2025-05-06 14:23:00,2025-05-06 14:24:00,LONG,94560.01,94485.81,-0.0007846868882522019,0.016666666666666666
571,2025-05-06 14:25:00,2025-05-06 14:26:00,LONG,94407.17,94350.59,-0.000599318886478662,0.016666666666666666
572,2025-05-06 14:30:00,2025-05-06 14:31:00,LONG,94280.72,94241.53,-0.00041567353325263457,0.016666666666666666
573,2025-05-06 14:36:00,2025-05-06 14:37:00,LONG,94335.32,94304.01,-0.00033190113734720165,0.016666666666666666
574,2025-05-06 14:41:00,2025-05-06 14:42:00,LONG,94274.09,94276.41,2.4609094609207947e-05,0.016666666666666666
575,2025-05-06 14:45:00,2025-05-06 14:46:00,LONG,94184.0,94229.04,0.00047821285993367873,0.016666666666666666
576,2025-05-06 14:50:00,2025-05-06 14:53:00,LONG,94310.02,94143.71,-0.001763439346105511,0.05
577,2025-05-06 14:55:00,2025-05-06 14:56:00,LONG,94102.5,94108.12,5.9722111527274444e-05,0.016666666666666666
578,2025-05-06 15:04:00,2025-05-06 15:05:00,LONG,94241.6,94224.94,-0.00017677968115994945,0.016666666666666666
579,2025-05-06 15:06:00,2025-05-06 15:07:00,LONG,94184.0,94228.57,0.0004732226280473009,0.016666666666666666
580,2025-05-06 15:08:00,2025-05-06 15:09:00,LONG,94122.83,94086.91,-0.0003816289841688595,0.016666666666666666
581,2025-05-06 15:27:00,2025-05-06 15:28:00,LONG,94483.76,94494.9,0.00011790385988025264,0.016666666666666666
582,2025-05-06 15:31:00,2025-05-06 15:32:00,LONG,94473.43,94495.72,0.0002359393535304916,0.016666666666666666
583,2025-05-06 15:42:00,2025-05-06 15:43:00,LONG,94623.99,94592.46,-0.0003332135962560745,0.016666666666666666
584,2025-05-06 15:47:00,2025-05-06 15:48:00,LONG,94565.61,94597.8,0.00034039858675899545,0.016666666666666666
585,2025-05-06 15:51:00,2025-05-06 15:52:00,LONG,94540.01,94537.93,-2.2001266976825435e-05,0.016666666666666666
586,2025-05-06 15:53:00,2025-05-06 15:54:00,LONG,94507.01,94504.38,-2.7828623506236254e-05,0.016666666666666666
587,2025-05-06 15:58:00,2025-05-06 15:59:00,LONG,94560.87,94558.95,-2.0304381717281723e-05,0.016666666666666666
588,2025-05-06 16:01:00,2025-05-06 16:02:00,LONG,94532.21,94538.41,6.558611080812656e-05,0.016666666666666666
589,2025-05-06 16:03:00,2025-05-06 16:04:00,LONG,94474.94,94514.29,0.000416512569364863,0.016666666666666666
590,2025-05-06 16:06:00,2025-05-06 16:07:00,LONG,94463.8,94452.72,-0.00011729360876866848,0.016666666666666666
591,2025-05-06 16:09:00,2025-05-06 16:10:00,LONG,94388.03,94429.2,0.0004361781891199366,0.016666666666666666
592,2025-05-06 16:15:00,2025-05-06 16:17:00,LONG,94704.77,94736.5,0.00033504120225407786,0.03333333333333333
593,2025-05-06 16:19:00,2025-05-06 16:21:00,LONG,94687.83,94504.51,-0.0019360460578725586,0.03333333333333333
594,2025-05-06 16:22:00,2025-05-06 16:23:00,LONG,94485.79,94523.49,0.00039900179698991396,0.016666666666666666
595,2025-05-06 16:24:00,2025-05-06 16:25:00,LONG,94450.39,94475.85,0.0002695595010248915,0.016666666666666666
596,2025-05-06 16:32:00,2025-05-06 16:33:00,LONG,94537.21,94631.7,0.000999500619914536,0.016666666666666666
597,2025-05-06 16:39:00,2025-05-06 16:40:00,LONG,94609.52,94630.68,0.00022365613946660905,0.016666666666666666
598,2025-05-06 16:41:00,2025-05-06 16:42:00,LONG,94598.66,94597.3,-1.4376524995180503e-05,0.016666666666666666
599,2025-05-06 16:44:00,2025-05-06 16:45:00,LONG,94472.01,94450.8,-0.00022451094244731166,0.016666666666666666
600,2025-05-06 16:49:00,2025-05-06 16:50:00,LONG,94389.35,94338.52,-0.0005385141438096749,0.016666666666666666
601,2025-05-06 16:55:00,2025-05-06 16:57:00,LONG,94333.03,94269.04,-0.0006783414038540397,0.03333333333333333
602,2025-05-06 17:04:00,2025-05-06 17:05:00,LONG,94299.57,94442.0,0.0015103992520855928,0.016666666666666666
603,2025-05-06 17:06:00,2025-05-06 17:07:00,LONG,94337.88,94396.72,0.0006237155212730719,0.016666666666666666
604,2025-05-06 17:11:00,2025-05-06 17:12:00,LONG,94408.67,94447.05,0.00040653045954364847,0.016666666666666666
605,2025-05-06 17:21:00,2025-05-06 17:22:00,LONG,94581.51,94580.5,-1.06786199543099e-05,0.016666666666666666
606,2025-05-06 17:23:00,2025-05-06 17:24:00,LONG,94529.78,94599.99,0.0007427289051133558,0.016666666666666666
607,2025-05-06 17:37:00,2025-05-06 17:39:00,LONG,94782.45,94736.51,-0.0004846888849149007,0.03333333333333333
608,2025-05-06 17:41:00,2025-05-06 17:42:00,LONG,94719.5,94711.81,-8.118708396900668e-05,0.016666666666666666
609,2025-05-06 17:43:00,2025-05-06 17:45:00,LONG,94646.57,94547.86,-0.0010429326704602861,0.03333333333333333
610,2025-05-06 17:46:00,2025-05-06 17:47:00,LONG,94501.02,94568.15,0.000710362702963313,0.016666666666666666
611,2025-05-06 17:48:00,2025-05-06 17:49:00,LONG,94535.33,94533.44,-1.9992525545734255e-05,0.016666666666666666
612,2025-05-06 17:51:00,2025-05-06 17:52:00,LONG,94562.78,94584.26,0.00022715068232972768,0.016666666666666666
613,2025-05-06 17:53:00,2025-05-06 17:54:00,LONG,94560.01,94555.81,-4.441623895764277e-05,0.016666666666666666
614,2025-05-06 17:55:00,2025-05-06 17:56:00,LONG,94495.43,94545.78,0.0005328300003503431,0.016666666666666666
615,2025-05-06 17:58:00,2025-05-06 17:59:00,LONG,94522.39,94535.93,0.00014324648371664742,0.016666666666666666
616,2025-05-06 18:05:00,2025-05-06 18:06:00,LONG,94571.14,94575.9,5.033247986642396e-05,0.016666666666666666
617,2025-05-06 18:10:00,2025-05-06 18:11:00,LONG,94577.63,94553.85,-0.00025143366354177867,0.016666666666666666
618,2025-05-06 18:20:00,2025-05-06 18:21:00,LONG,94765.82,94770.0,4.410873034173096e-05,0.016666666666666666
619,2025-05-06 18:30:00,2025-05-06 18:31:00,LONG,94885.75,94875.52,-0.00010781387089205624,0.016666666666666666
620,2025-05-06 18:39:00,2025-05-06 18:40:00,LONG,94905.74,94885.27,-0.00021568769180874795,0.016666666666666666
621,2025-05-06 18:41:00,2025-05-06 18:42:00,LONG,94857.14,94870.0,0.00013557229324013544,0.016666666666666666
622,2025-05-06 18:43:00,2025-05-06 18:44:00,LONG,94819.99,94819.99,0.0,0.016666666666666666
623,2025-05-06 18:51:00,2025-05-06 18:52:00,LONG,94850.04,94872.98,0.00024185545941785927,0.016666666666666666
624,2025-05-06 19:04:00,2025-05-06 19:05:00,LONG,95012.26,94984.33,-0.00029396206342205747,0.016666666666666666
625,2025-05-06 19:09:00,2025-05-06 19:10:00,LONG,94944.01,94993.38,0.0005199906766104559,0.016666666666666666
626,2025-05-06 19:18:00,2025-05-06 19:20:00,LONG,95060.63,95006.97,-0.0005644818470065209,0.03333333333333333
627,2025-05-06 19:25:00,2025-05-06 19:26:00,LONG,95092.0,95085.76,-6.562066209570983e-05,0.016666666666666666
628,2025-05-06 19:29:00,2025-05-06 19:30:00,LONG,95117.46,95101.95,-0.00016306154516751512,0.016666666666666666
629,2025-05-06 19:31:00,2025-05-06 19:32:00,LONG,95042.75,95116.64,0.0007774396258525707,0.016666666666666666
630,2025-05-06 19:34:00,2025-05-06 19:35:00,LONG,95117.5,95139.65,0.0002328698714746937,0.016666666666666666
631,2025-05-06 19:36:00,2025-05-06 19:37:00,LONG,95117.5,95098.8,-0.00019659894341206497,0.016666666666666666
632,2025-05-06 19:38:00,2025-05-06 19:40:00,LONG,95085.71,95066.35,-0.00020360577840771848,0.03333333333333333
633,2025-05-06 19:46:00,2025-05-06 19:47:00,LONG,95096.0,95120.0,0.00025237654580634306,0.016666666666666666
634,2025-05-06 19:48:00,2025-05-06 19:49:00,LONG,95093.76,95068.28,-0.0002679460776395415,0.016666666666666666
635,2025-05-06 19:50:00,2025-05-06 19:52:00,LONG,95017.67,94951.56,-0.0006957653244917559,0.03333333333333333
636,2025-05-06 19:59:00,2025-05-06 20:00:00,LONG,94963.5,94934.37,-0.0003067494353094047,0.016666666666666666
637,2025-05-06 20:01:00,2025-05-06 20:02:00,LONG,94903.64,94895.24,-8.851083056449868e-05,0.016666666666666666
638,2025-05-06 20:07:00,2025-05-06 20:09:00,LONG,94995.76,94980.0,-0.00016590214131656785,0.03333333333333333
639,2025-05-06 20:14:00,2025-05-06 20:15:00,LONG,94980.25,94985.99,6.0433616462424967e-05,0.016666666666666666
640,2025-05-06 20:16:00,2025-05-06 20:17:00,LONG,94950.0,94955.99,6.308583464987086e-05,0.016666666666666666
641,2025-05-06 20:20:00,2025-05-06 20:21:00,LONG,94921.93,94958.74,0.00038779236789656746,0.016666666666666666
642,2025-05-06 20:22:00,2025-05-06 20:23:00,LONG,94926.98,94901.48,-0.00026862752823275324,0.016666666666666666
643,2025-05-06 20:24:00,2025-05-06 20:25:00,LONG,94880.0,94855.25,-0.0002608558178752108,0.016666666666666666
644,2025-05-06 20:27:00,2025-05-06 20:28:00,LONG,94831.72,94800.0,-0.00033448723697093296,0.016666666666666666
645,2025-05-06 20:32:00,2025-05-06 20:33:00,SHORT,94740.0,94748.38,-8.845260713536687e-05,0.016666666666666666
646,2025-05-06 20:38:00,2025-05-06 20:39:00,SHORT,94684.72,94640.35,0.0004686078176076915,0.016666666666666666
647,2025-05-06 20:43:00,2025-05-06 20:44:00,SHORT,94712.25,94718.85,-6.96847556678869e-05,0.016666666666666666
648,2025-05-06 20:51:00,2025-05-06 20:52:00,SHORT,94712.94,94714.28,-1.4148013988336836e-05,0.016666666666666666
649,2025-05-06 20:56:00,2025-05-06 20:58:00,SHORT,94705.72,94704.77,1.0031073096715696e-05,0.03333333333333333
650,2025-05-06 21:01:00,2025-05-06 21:02:00,SHORT,94739.02,94739.01,1.0555312910470496e-07,0.016666666666666666
651,2025-05-06 21:03:00,2025-05-06 21:05:00,SHORT,94753.44,94799.99,-0.0004912750397241822,0.03333333333333333
652,2025-05-06 21:16:00,2025-05-06 21:18:00,SHORT,94606.84,94649.46,-0.0004504959683677195,0.03333333333333333
653,2025-05-06 21:24:00,2025-05-06 21:25:00,SHORT,94583.25,94583.25,0.0,0.016666666666666666
654,2025-05-06 21:31:00,2025-05-06 21:32:00,SHORT,94539.26,94542.02,-2.9194220475274646e-05,0.016666666666666666
655,2025-05-06 21:37:00,2025-05-06 21:39:00,SHORT,94554.59,94641.26,-0.0009166133553114476,0.03333333333333333
656,2025-05-06 21:40:00,2025-05-06 21:41:00,SHORT,94648.65,94648.65,0.0,0.016666666666666666
657,2025-05-06 21:43:00,2025-05-06 21:44:00,SHORT,94664.0,94668.07,-4.299416884990054e-05,0.016666666666666666
658,2025-05-06 21:45:00,2025-05-06 21:46:00,SHORT,94684.99,94700.0,-0.00015852565438296778,0.016666666666666666
659,2025-05-06 21:49:00,2025-05-06 21:50:00,SHORT,94711.65,94711.66,-1.0558363210136479e-07,0.016666666666666666
660,2025-05-06 21:58:00,2025-05-06 22:03:00,SHORT,94662.41,95293.04,-0.006661884057251342,0.08333333333333333
661,2025-05-06 22:06:00,2025-05-06 22:07:00,LONG,95224.67,95461.07,0.0024825499526541675,0.016666666666666666
662,2025-05-06 22:09:00,2025-05-06 22:10:00,LONG,95265.65,95218.41,-0.0004958765305227088,0.016666666666666666
663,2025-05-06 22:12:00,2025-05-06 22:13:00,LONG,95128.1,95098.38,-0.00031242083043812673,0.016666666666666666
664,2025-05-06 22:31:00,2025-05-06 22:32:00,LONG,95745.54,95718.12,-0.0002863840968466861,0.016666666666666666
665,2025-05-06 22:33:00,2025-05-06 22:34:00,LONG,95626.64,95688.88,0.0006508646544519941,0.016666666666666666
666,2025-05-06 22:36:00,2025-05-06 22:37:00,LONG,95702.64,95688.88,-0.0001437786878187975,0.016666666666666666
667,2025-05-06 22:44:00,2025-05-06 22:45:00,LONG,96037.81,96079.99,0.0004392020184551019,0.016666666666666666
668,2025-05-06 22:52:00,2025-05-06 22:53:00,LONG,96177.56,96146.38,-0.00032419204646066106,0.016666666666666666
669,2025-05-06 23:03:00,2025-05-06 23:04:00,LONG,96329.16,96331.01,1.920498424351742e-05,0.016666666666666666
670,2025-05-06 23:07:00,2025-05-06 23:08:00,LONG,96194.4,96133.5,-0.0006330929867018681,0.016666666666666666
671,2025-05-06 23:11:00,2025-05-06 23:12:00,LONG,96133.33,96172.1,0.00040329405004491234,0.016666666666666666
672,2025-05-06 23:19:00,2025-05-06 23:20:00,LONG,96355.56,96392.75,0.0003859663106104342,0.016666666666666666
673,2025-05-06 23:26:00,2025-05-06 23:27:00,LONG,96694.63,96650.04,-0.0004611424646850715,0.016666666666666666
674,2025-05-06 23:30:00,2025-05-06 23:31:00,LONG,96593.6,96550.71,-0.0004440252770369819,0.016666666666666666
675,2025-05-06 23:34:00,2025-05-06 23:35:00,LONG,96514.29,96544.79,0.0003160153796914426,0.016666666666666666
676,2025-05-06 23:36:00,2025-05-06 23:37:00,LONG,96489.61,96482.54,-7.327213779812131e-05,0.016666666666666666
677,2025-05-06 23:46:00,2025-05-06 23:47:00,LONG,96811.46,96840.53,0.00030027436834433063,0.016666666666666666
678,2025-05-06 23:51:00,2025-05-06 23:52:00,LONG,96850.0,96792.05,-0.0005983479607640381,0.016666666666666666
679,2025-05-06 23:56:00,2025-05-06 23:57:00,LONG,96834.5,96826.69,-8.065307302663484e-05,0.016666666666666666
680,2025-05-07 00:01:00,2025-05-07 00:02:00,LONG,96835.76,96807.52,-0.0002916278036129493,0.016666666666666666
681,2025-05-07 00:04:00,2025-05-07 00:05:00,LONG,96765.89,96909.9,0.001488231028516296,0.016666666666666666
682,2025-05-07 00:06:00,2025-05-07 00:07:00,LONG,96852.51,97007.56,0.0016008877828773145,0.016666666666666666
683,2025-05-07 00:08:00,2025-05-07 00:09:00,LONG,96881.9,96881.91,1.032184547300706e-07,0.016666666666666666
684,2025-05-07 00:11:00,2025-05-07 00:12:00,LONG,96957.19,96925.32,-0.00032870177033797433,0.016666666666666666
685,2025-05-07 00:24:00,2025-05-07 00:25:00,LONG,97384.0,97400.0,0.00016429803663846218,0.016666666666666666
686,2025-05-07 00:26:00,2025-05-07 00:27:00,LONG,97210.02,97222.24,0.00012570720590327175,0.016666666666666666
687,2025-05-07 00:31:00,2025-05-07 00:32:00,LONG,97217.39,97168.01,-0.0005079338171905731,0.016666666666666666
688,2025-05-07 00:38:00,2025-05-07 00:39:00,LONG,97152.18,97135.34,-0.00017333630598918634,0.016666666666666666
689,2025-05-07 00:46:00,2025-05-07 00:47:00,LONG,97282.87,97252.62,-0.00031094888545126186,0.016666666666666666
690,2025-05-07 00:48:00,2025-05-07 00:49:00,LONG,97146.02,97146.59,5.86745602128047e-06,0.016666666666666666
691,2025-05-07 00:56:00,2025-05-07 00:57:00,LONG,97348.3,97352.04,3.841874999348408e-05,0.016666666666666666
692,2025-05-07 01:04:00,2025-05-07 01:06:00,LONG,97587.52,97478.26,-0.001119610376408882,0.03333333333333333
693,2025-05-07 01:08:00,2025-05-07 01:09:00,LONG,97540.03,97482.37,-0.0005911419137353504,0.016666666666666666
694,2025-05-07 01:11:00,2025-05-07 01:12:00,LONG,97428.01,97454.01,0.00026686370788031084,0.016666666666666666
695,2025-05-07 01:16:00,2025-05-07 01:17:00,LONG,97445.69,97430.18,-0.00015916558238757725,0.016666666666666666
696,2025-05-07 01:21:00,2025-05-07 01:22:00,LONG,97462.49,97450.84,-0.00011953316604171236,0.016666666666666666
697,2025-05-07 01:26:00,2025-05-07 01:27:00,LONG,97485.71,97473.96,-0.00012053048595532616,0.016666666666666666
698,2025-05-07 01:31:00,2025-05-07 01:32:00,LONG,97461.9,97505.17,0.00044396836096981566,0.016666666666666666
699,2025-05-07 01:33:00,2025-05-07 01:34:00,LONG,97474.14,97487.02,0.00013213761106283838,0.016666666666666666
700,2025-05-07 01:37:00,2025-05-07 01:38:00,LONG,97471.49,97445.66,-0.00026500056580649117,0.016666666666666666
701,2025-05-07 01:41:00,2025-05-07 01:42:00,LONG,97273.53,97305.16,0.0003251655409236681,0.016666666666666666
702,2025-05-07 01:47:00,2025-05-07 01:48:00,LONG,97256.66,97285.72,0.0002987970181167816,0.016666666666666666
703,2025-05-07 01:55:00,2025-05-07 01:57:00,LONG,97310.52,97231.34,-0.0008136838648072948,0.03333333333333333
704,2025-05-07 02:02:00,2025-05-07 02:03:00,LONG,97180.02,97184.01,4.105782237944267e-05,0.016666666666666666
705,2025-05-07 02:06:00,2025-05-07 02:07:00,LONG,97128.54,97121.18,-7.577587390895181e-05,0.016666666666666666
706,2025-05-07 02:08:00,2025-05-07 02:10:00,LONG,97023.21,96849.05,-0.0017950344046543448,0.03333333333333333
707,2025-05-07 02:15:00,2025-05-07 02:16:00,LONG,96925.51,96898.62,-0.0002774295435742295,0.016666666666666666
708,2025-05-07 02:24:00,2025-05-07 02:26:00,LONG,97000.01,96920.0,-0.0008248452757890929,0.03333333333333333
709,2025-05-07 02:35:00,2025-05-07 02:36:00,SHORT,96815.53,96825.89,-0.00010700762573938893,0.016666666666666666
710,2025-05-07 02:53:00,2025-05-07 02:55:00,SHORT,96549.42,96601.51,-0.0005395164466031646,0.03333333333333333
711,2025-05-07 02:56:00,2025-05-07 02:57:00,SHORT,96636.17,96621.71,0.00014963341365859027,0.016666666666666666
712,2025-05-07 03:06:00,2025-05-07 03:07:00,SHORT,96555.98,96528.03,0.0002894693834602175,0.016666666666666666
713,2025-05-07 03:10:00,2025-05-07 03:11:00,SHORT,96458.74,96434.23,0.0002540982807779711,0.016666666666666666
714,2025-05-07 03:14:00,2025-05-07 03:15:00,SHORT,96409.99,96420.0,-0.00010382741456559388,0.016666666666666666
715,2025-05-07 03:19:00,2025-05-07 03:20:00,SHORT,96323.94,96254.76,0.0007182015187502459,0.016666666666666666
716,2025-05-07 03:23:00,2025-05-07 03:24:00,SHORT,96361.87,96336.87,0.0002594387178247994,0.016666666666666666
717,2025-05-07 03:26:00,2025-05-07 03:27:00,SHORT,96453.18,96452.38,8.294179621536153e-06,0.016666666666666666
718,2025-05-07 03:30:00,2025-05-07 03:31:00,SHORT,96492.09,96505.87,-0.00014280963341138986,0.016666666666666666
719,2025-05-07 03:33:00,2025-05-07 03:34:00,SHORT,96571.25,96562.94,8.605045497492962e-05,0.016666666666666666
720,2025-05-07 03:36:00,2025-05-07 03:37:00,SHORT,96541.69,96535.99,5.9041850209967214e-05,0.016666666666666666
721,2025-05-07 03:38:00,2025-05-07 03:39:00,SHORT,96580.48,96564.67,0.0001636976747267944,0.016666666666666666
722,2025-05-07 03:44:00,2025-05-07 03:45:00,SHORT,96505.49,96488.19,0.00017926441283291664,0.016666666666666666
723,2025-05-07 03:51:00,2025-05-07 03:53:00,SHORT,96515.87,96557.26,-0.0004288413915763223,0.03333333333333333
724,2025-05-07 04:00:00,2025-05-07 04:02:00,SHORT,96527.21,96578.96,-0.0005361182613689964,0.03333333333333333
725,2025-05-07 04:04:00,2025-05-07 04:05:00,SHORT,96616.4,96602.0,0.0001490430196115171,0.016666666666666666
726,2025-05-07 04:09:00,2025-05-07 04:10:00,SHORT,96623.76,96616.31,7.710318869807063e-05,0.016666666666666666
727,2025-05-07 04:12:00,2025-05-07 04:13:00,SHORT,96699.99,96699.99,0.0,0.016666666666666666
728,2025-05-07 04:22:00,2025-05-07 04:23:00,SHORT,96637.32,96642.86,-5.732774874131026e-05,0.016666666666666666
729,2025-05-07 04:28:00,2025-05-07 04:29:00,SHORT,96608.83,96567.95,0.0004231497265830117,0.016666666666666666
730,2025-05-07 04:32:00,2025-05-07 04:33:00,SHORT,96496.47,96496.46,1.0363073379535345e-07,0.016666666666666666
731,2025-05-07 04:36:00,2025-05-07 04:37:00,SHORT,96492.36,96498.17,-6.0212020930959425e-05,0.016666666666666666
732,2025-05-07 04:39:00,2025-05-07 04:40:00,SHORT,96515.85,96509.17,6.921143003980762e-05,0.016666666666666666
733,2025-05-07 04:43:00,2025-05-07 04:44:00,SHORT,96504.54,96504.55,-1.0362206803237678e-07,0.016666666666666666
734,2025-05-07 04:45:00,2025-05-07 04:46:00,SHORT,96532.61,96493.59,0.00040421573600883757,0.016666666666666666
735,2025-05-07 04:50:00,2025-05-07 04:51:00,SHORT,96497.99,96438.44,0.000617111299416733,0.016666666666666666
736,2025-05-07 04:52:00,2025-05-07 04:55:00,SHORT,96474.0,96584.07,-0.0011409291622614072,0.05
737,2025-05-07 05:03:00,2025-05-07 05:04:00,SHORT,96532.32,96532.31,1.035922477499062e-07,0.016666666666666666
738,2025-05-07 05:07:00,2025-05-07 05:08:00,SHORT,96508.13,96488.63,0.0002020555159446152,0.016666666666666666
739,2025-05-07 05:10:00,2025-05-07 05:11:00,SHORT,96543.63,96491.5,0.0005399631234086045,0.016666666666666666
740,2025-05-07 05:16:00,2025-05-07 05:17:00,SHORT,96449.46,96438.1,0.00011778189323196398,0.016666666666666666
741,2025-05-07 05:19:00,2025-05-07 05:20:00,SHORT,96465.52,96498.74,-0.0003443717506524732,0.016666666666666666
742,2025-05-07 05:28:00,2025-05-07 05:29:00,SHORT,96430.66,96423.94,6.968737951188101e-05,0.016666666666666666
743,2025-05-07 05:30:00,2025-05-07 05:32:00,SHORT,96438.99,96404.91,0.00035338404103985065,0.03333333333333333
744,2025-05-07 05:35:00,2025-05-07 05:36:00,SHORT,96424.28,96354.23,0.0007264767753516325,0.016666666666666666
745,2025-05-07 05:40:00,2025-05-07 05:41:00,SHORT,96385.63,96357.16,0.0002953759808386495,0.016666666666666666
746,2025-05-07 05:46:00,2025-05-07 05:48:00,SHORT,96338.61,96407.11,-0.0007110337174264814,0.03333333333333333
747,2025-05-07 05:51:00,2025-05-07 05:52:00,SHORT,96397.04,96397.04,0.0,0.016666666666666666
748,2025-05-07 05:56:00,2025-05-07 05:57:00,SHORT,96359.99,96380.0,-0.00020765880112684487,0.016666666666666666
749,2025-05-07 06:01:00,2025-05-07 06:03:00,SHORT,96385.64,96422.0,-0.0003772346171068697,0.03333333333333333
750,2025-05-07 06:04:00,2025-05-07 06:05:00,SHORT,96494.01,96528.06,-0.00035287164457154294,0.016666666666666666
751,2025-05-07 06:06:00,2025-05-07 06:07:00,LONG,96541.79,96583.75,0.00043463043310059204,0.016666666666666666
752,2025-05-07 06:15:00,2025-05-07 06:16:00,LONG,96645.85,96647.87,2.0901052657610465e-05,0.016666666666666666
753,2025-05-07 06:18:00,2025-05-07 06:19:00,LONG,96628.79,96628.8,1.034888257351999e-07,0.016666666666666666
754,2025-05-07 06:20:00,2025-05-07 06:21:00,LONG,96600.08,96588.0,-0.00012505165627193834,0.016666666666666666
755,2025-05-07 06:23:00,2025-05-07 06:24:00,LONG,96568.5,96580.77,0.0001270600661706879,0.016666666666666666
756,2025-05-07 06:27:00,2025-05-07 06:29:00,LONG,96554.58,96605.73,0.0005297521878298697,0.03333333333333333
757,2025-05-07 06:30:00,2025-05-07 06:31:00,LONG,96538.76,96574.58,0.00037104267757330825,0.016666666666666666
758,2025-05-07 06:33:00,2025-05-07 06:34:00,LONG,96541.13,96565.21,0.00024942736841801775,0.016666666666666666
759,2025-05-07 06:36:00,2025-05-07 06:38:00,LONG,96548.28,96506.16,-0.00043625841910384464,0.03333333333333333
760,2025-05-07 06:39:00,2025-05-07 06:40:00,LONG,96484.0,96499.99,0.00016572695991050578,0.016666666666666666
761,2025-05-07 06:47:00,2025-05-07 06:48:00,SHORT,96504.6,96516.0,-0.00011812908400215305,0.016666666666666666
762,2025-05-07 06:55:00,2025-05-07 06:56:00,LONG,96534.23,96532.61,-1.6781612076828536e-05,0.016666666666666666
763,2025-05-07 07:09:00,2025-05-07 07:10:00,LONG,96667.33,96678.0,0.00011037855291956707,0.016666666666666666
764,2025-05-07 07:13:00,2025-05-07 07:14:00,LONG,96652.57,96674.61,0.00022803325353887223,0.016666666666666666
765,2025-05-07 07:15:00,2025-05-07 07:16:00,LONG,96663.55,96691.28,0.00028687131809245495,0.016666666666666666
766,2025-05-07 07:18:00,2025-05-07 07:19:00,LONG,96683.21,96692.0,9.091547539633404e-05,0.016666666666666666
767,2025-05-07 07:30:00,2025-05-07 07:31:00,LONG,96750.51,96747.16,-3.462514047720543e-05,0.016666666666666666
768,2025-05-07 07:35:00,2025-05-07 07:37:00,LONG,96810.22,96793.48,-0.00017291562812278745,0.03333333333333333
769,2025-05-07 07:49:00,2025-05-07 07:50:00,LONG,96915.83,96905.02,-0.00011154008586623745,0.016666666666666666
770,2025-05-07 07:56:00,2025-05-07 07:57:00,LONG,96952.97,97008.16,0.0005692450679953624,0.016666666666666666
771,2025-05-07 07:59:00,2025-05-07 08:01:00,LONG,96994.82,96983.31,-0.00011866613083058778,0.03333333333333333
772,2025-05-07 08:02:00,2025-05-07 08:04:00,LONG,96955.14,96902.95,-0.0005382901824493506,0.03333333333333333
773,2025-05-07 08:06:00,2025-05-07 08:07:00,LONG,96890.1,96915.66,0.0002638040418989935,0.016666666666666666
774,2025-05-07 08:10:00,2025-05-07 08:12:00,LONG,96908.64,96885.2,-0.00024187729804073536,0.03333333333333333
775,2025-05-07 08:14:00,2025-05-07 08:15:00,LONG,96861.58,96890.1,0.0002944407885975438,0.016666666666666666
776,2025-05-07 08:23:00,2025-05-07 08:24:00,LONG,96893.94,96893.93,-1.0320562884854538e-07,0.016666666666666666
777,2025-05-07 08:27:00,2025-05-07 08:28:00,LONG,96915.42,96932.0,0.0001710770071470747,0.016666666666666666
778,2025-05-07 08:29:00,2025-05-07 08:30:00,LONG,96908.0,96939.42,0.00032422503818052437,0.016666666666666666
779,2025-05-07 08:33:00,2025-05-07 08:34:00,LONG,96970.06,96979.76,0.0001000308755093798,0.016666666666666666
780,2025-05-07 08:36:00,2025-05-07 08:37:00,LONG,96956.52,96969.92,0.0001382062805058822,0.016666666666666666
781,2025-05-07 08:42:00,2025-05-07 08:43:00,LONG,97039.35,97020.0,-0.00019940364398572145,0.016666666666666666
782,2025-05-07 08:46:00,2025-05-07 08:47:00,LONG,97046.58,97061.71,0.00015590451513082334,0.016666666666666666
783,2025-05-07 08:49:00,2025-05-07 08:50:00,LONG,97023.81,97004.68,-0.000197168097191861,0.016666666666666666
784,2025-05-07 08:52:00,2025-05-07 08:53:00,LONG,96984.31,96974.43,-0.0001018721481856669,0.016666666666666666
785,2025-05-07 09:01:00,2025-05-07 09:02:00,LONG,97019.78,97050.0,0.0003114828749354118,0.016666666666666666
786,2025-05-07 09:06:00,2025-05-07 09:08:00,LONG,97037.34,97001.16,-0.00037284616416724753,0.03333333333333333
787,2025-05-07 09:09:00,2025-05-07 09:10:00,LONG,96965.1,96962.36,-2.8257589586410354e-05,0.016666666666666666
788,2025-05-07 09:11:00,2025-05-07 09:12:00,LONG,96941.12,96955.09,0.0001441080936552122,0.016666666666666666
789,2025-05-07 09:14:00,2025-05-07 09:15:00,LONG,96945.25,96969.23,0.0002473561107944528,0.016666666666666666
790,2025-05-07 09:16:00,2025-05-07 09:18:00,LONG,96952.38,96927.69,-0.0002546611026980702,0.03333333333333333
791,2025-05-07 09:19:00,2025-05-07 09:20:00,LONG,96883.93,96915.0,0.00032069301895584735,0.016666666666666666
792,2025-05-07 09:23:00,2025-05-07 09:24:00,LONG,96891.58,96891.58,0.0,0.016666666666666666
793,2025-05-07 09:26:00,2025-05-07 09:27:00,LONG,96920.0,96920.0,0.0,0.016666666666666666
794,2025-05-07 09:31:00,2025-05-07 09:32:00,LONG,96908.0,96897.99,-0.0001032938457092785,0.016666666666666666
795,2025-05-07 09:33:00,2025-05-07 09:34:00,LONG,96880.01,96889.3,9.589181504015275e-05,0.016666666666666666
796,2025-05-07 09:37:00,2025-05-07 09:38:00,LONG,96884.15,96889.99,6.027817759675922e-05,0.016666666666666666
