,symbol,timestamp,open,high,low,close,volume,trade_count,vwap,SMA21,Position,Returns,Strategy
0,BTC/USD,2022-12-31 06:00:00+00:00,16534.08,16632.33,16466.86,16522.29,2451.303965503,46865.0,16546.4119349718,,0,,
1,BTC/USD,2023-01-01 06:00:00+00:00,16525.0,16695.31,16495.06,16642.78,1651.559056837,34627.0,16578.5604866654,,0,0.007292572639749029,0.0
2,BTC/USD,2023-01-02 06:00:00+00:00,16644.37,16779.0,16630.47,16718.82,2285.656433051,41468.0,16708.4519332608,,0,0.004568948216584046,0.0
3,BTC/USD,2023-01-03 06:00:00+00:00,16721.01,16900.0,16600.0,16850.59,3790.536364256,64904.0,16722.3149669467,,0,0.00788153709412498,0.0
4,BTC/USD,2023-01-04 06:00:00+00:00,16852.62,16984.54,16760.57,16840.5,4847.939963443,81942.0,16848.8578438445,,0,-0.0005987920897725374,-0.0
5,BTC/USD,2023-01-05 06:00:00+00:00,16838.47,16873.28,16755.45,16803.47,2580.410942528,57481.0,16822.7081365567,,0,-0.0021988658293993213,-0.0
6,BTC/USD,2023-01-06 06:00:00+00:00,16803.36,17022.87,16675.0,16926.62,4927.378570204,68356.0,16847.1496301761,,0,0.0073288433877050085,0.0
7,BTC/USD,2023-01-07 06:00:00+00:00,16926.6,16949.0,16900.9,16936.0,1044.522619881,20189.0,16925.4861208911,,0,0.0005541567070095343,0.0
8,BTC/USD,2023-01-08 06:00:00+00:00,16935.27,17248.53,16910.0,17196.67,4781.20340018,60226.0,17095.0696564978,,0,0.015391473783656018,0.0
9,BTC/USD,2023-01-09 06:00:00+00:00,17198.94,17387.05,17126.73,17221.37,6368.899439559,89030.0,17245.5550651889,,0,0.0014363245907493827,0.0
10,BTC/USD,2023-01-10 06:00:00+00:00,17221.1,17500.0,17182.07,17402.92,7089.789337217,85549.0,17355.3076257628,,0,0.010542134568852557,0.0
11,BTC/USD,2023-01-11 06:00:00+00:00,17401.42,18350.0,17312.68,18079.38,11653.487204555,130595.0,17807.7990060013,,0,0.03887048840079732,0.0
12,BTC/USD,2023-01-12 06:00:00+00:00,18079.4,19109.28,17919.62,18780.68,17774.752564613,203169.0,18422.7280309437,,0,0.03879004700382427,0.0
13,BTC/USD,2023-01-13 06:00:00+00:00,18780.19,21239.83,18775.69,20826.93,20324.633774182,255132.0,19722.3034017406,,0,0.1089550538106181,0.0
14,BTC/USD,2023-01-14 06:00:00+00:00,20826.92,21170.88,20224.24,20736.04,10596.747113762,188612.0,20753.5085609141,,0,-0.0043640613378927995,-0.0
15,BTC/USD,2023-01-15 06:00:00+00:00,20734.08,21420.56,20558.86,21175.0,6440.117066462,133996.0,20892.9667198177,,0,0.021168940646333567,0.0
16,BTC/USD,2023-01-16 06:00:00+00:00,21175.01,21446.81,19800.0,21144.04,6756.985639889,149650.0,21075.9506213222,,0,-0.0014621015348287303,-0.0
17,BTC/USD,2023-01-17 06:00:00+00:00,21144.89,21547.99,21030.0,21298.05,4787.181051652,116767.0,21228.9076740063,,0,0.007283849254920094,0.0
18,BTC/USD,2023-01-18 06:00:00+00:00,21292.67,21620.0,20373.11,20807.07,6518.014826508,153782.0,20967.9307088279,,0,-0.02305281469430298,-0.0
19,BTC/USD,2023-01-19 06:00:00+00:00,20809.0,21200.0,20644.4,20975.45,4359.048231743,86526.0,20948.5798534734,,0,0.00809244165564893,0.0
20,BTC/USD,2023-01-20 06:00:00+00:00,20974.85,22798.4,20861.95,22566.09,7433.250205117,141639.0,21861.1226348542,18688.13142857143,1,0.07583341477775196,0.0
21,BTC/USD,2023-01-21 06:00:00+00:00,22570.6,23349.81,22549.27,22871.9,8475.329693194,177009.0,22974.9440911487,18990.49380952381,1,0.013551749549877812,0.013551749549877812
22,BTC/USD,2023-01-22 06:00:00+00:00,22867.27,23071.60533994,22290.04,22715.61,5343.036867333,114649.0,22726.7601255688,19279.67619047619,1,-0.006833275766333413,-0.006833275766333413
23,BTC/USD,2023-01-23 06:00:00+00:00,22719.69,23164.32,22436.55,23113.1,5717.75410641,129390.0,22902.0836738053,19584.165714285715,1,0.01749853955055558,0.01749853955055558
24,BTC/USD,2023-01-24 06:00:00+00:00,23110.16,23148.86,22299.0,22674.1,6134.525416188,146361.0,22804.5735012552,19861.475714285712,1,-0.01899355776594225,-0.01899355776594225
25,BTC/USD,2023-01-25 06:00:00+00:00,22671.72,23815.12,22340.48,23147.84,7440.383848797,161650.0,22887.1553008849,20161.82523809524,1,0.020893442297599485,0.020893442297599485
26,BTC/USD,2023-01-26 06:00:00+00:00,23149.46,23246.84,22555.0,23035.01,4695.582809722,117647.0,22974.0926829125,20458.565238095238,1,-0.0048743208869597154,-0.0048743208869597154
27,BTC/USD,2023-01-27 06:00:00+00:00,23038.98,23506.3,22843.07,23065.86,5122.770376987,112984.0,23089.6806840782,20750.91,1,0.0013392657524351481,0.0013392657524351481
28,BTC/USD,2023-01-28 06:00:00+00:00,23065.95,23459.2,22883.23,23252.71,2586.273837999,64372.0,23111.8923027082,21051.705714285716,1,0.008100716816975329,0.008100716816975329
29,BTC/USD,2023-01-29 06:00:00+00:00,23256.07,23964.19,23158.87,23733.59,4727.329275303,104432.0,23635.0107095649,21362.987619047617,1,0.020680600239713964,0.020680600239713964
30,BTC/USD,2023-01-30 06:00:00+00:00,23737.25,23754.5148,22502.2,22760.84,5542.740309703,131375.0,23003.1654588548,21626.771904761907,1,-0.040986214053583936,-0.040986214053583936
31,BTC/USD,2023-01-31 06:00:00+00:00,22762.82,23297.99,22742.52,23117.08,4163.439135897,92982.0,23056.8166594368,21898.874761904764,1,0.015651443444090862,0.015651443444090862
32,BTC/USD,2023-02-01 06:00:00+00:00,23116.63,24250.0,22799.97,23815.12,8181.275352636,152975.0,23528.9668555035,22172.00523809524,1,0.03019585518586254,0.03019585518586254
33,BTC/USD,2023-02-02 06:00:00+00:00,23815.1,24143.55,23417.71,23530.57,7416.70379517,148146.0,23754.4381230093,22398.190476190477,1,-0.011948291673525069,-0.011948291673525069
34,BTC/USD,2023-02-03 06:00:00+00:00,23528.0,23725.0,23217.28,23313.78,4725.713284184,103491.0,23459.0707024243,22516.611904761903,1,-0.009213121484095033,-0.009213121484095033
35,BTC/USD,2023-02-04 06:00:00+00:00,23311.37,23588.17,23242.44,23391.58,3056.415061512,79084.0,23386.8417087073,22643.06619047619,1,0.0033370821891602898,0.0033370821891602898
36,BTC/USD,2023-02-05 06:00:00+00:00,23388.66,23436.93,22759.78,22900.14,4233.794640688,91260.0,23051.8678874943,22725.215714285714,1,-0.021009269147274412,-0.021009269147274412
37,BTC/USD,2023-02-06 06:00:00+00:00,23766.0,24524.0,17020.33,22938.35,3528.945718638,76279.0,22925.40123618,22810.65904761905,1,0.0016685487512302366,0.0016685487512302366
38,BTC/USD,2023-02-07 06:00:00+00:00,22938.96,23444.91,22770.0,23227.3,6680.337960752,139277.0,23102.6945005755,22902.528095238093,1,0.012596808401650561,0.012596808401650561
39,BTC/USD,2023-02-08 06:00:00+00:00,23227.02,23600.0,22029.0,22602.55,7774.338633646,173185.0,22859.4270360347,22988.027142857143,-1,-0.02689722869209943,-0.02689722869209943
40,BTC/USD,2023-02-09 06:00:00+00:00,22604.8,23604.0,21567.0,21806.29,8019.140837317,156983.0,22228.1935349638,23027.590952380953,-1,-0.03522876843541978,0.03522876843541978
41,BTC/USD,2023-02-10 06:00:00+00:00,21801.41,21934.29,21477.04,21678.62,6348.70854886,126406.0,21728.667370525,22985.330476190476,-1,-0.00585473273995718,0.00585473273995718
42,BTC/USD,2023-02-11 06:00:00+00:00,21678.62,21909.0,21620.6,21803.34,1940.978986591,38267.0,21750.664401112,22934.446666666667,-1,0.005753133732682381,-0.005753133732682381
43,BTC/USD,2023-02-12 06:00:00+00:00,21808.05,22092.46,21636.1,21842.45,4952.118946581,88768.0,21837.7474850841,22892.867619047618,-1,0.0017937618731809213,-0.0017937618731809213
44,BTC/USD,2023-02-13 06:00:00+00:00,21842.45,21902.6,21369.2,21745.88,6259.650652975,124962.0,21660.7931703981,22827.761904761905,-1,-0.004421207327932497,0.004421207327932497
45,BTC/USD,2023-02-14 06:00:00+00:00,21745.86,22329.67,21566.47,22139.52,8308.415033808,130151.0,22013.5388030903,22802.305714285718,-1,0.018101819747004866,-0.018101819747004866
46,BTC/USD,2023-02-15 06:00:00+00:00,22138.39,24902.49,22098.53,24683.0,11871.5425985,214793.0,23554.2425444104,22875.408571428572,1,0.11488415286329601,-0.11488415286329601
47,BTC/USD,2023-02-16 06:00:00+00:00,24684.7,25220.0,23328.15,23711.18,6593.755099845,182223.0,24269.774365347,22907.60714285714,1,-0.03937203743467166,-0.03937203743467166
48,BTC/USD,2023-02-17 06:00:00+00:00,23711.17,25014.65,23546.5,24639.12,7481.796878732,211612.0,24234.7091941481,22982.524285714288,1,0.039135125286889894,0.039135125286889894
49,BTC/USD,2023-02-18 06:00:00+00:00,24639.17,24877.44,23329.0,24762.47,2095.196848584,67479.0,24669.4761155266,23054.417619047617,1,0.005006266457568298,0.005006266457568298
50,BTC/USD,2023-02-19 06:00:00+00:00,24757.54,25199.59,23851.31,24491.96,6983.565998724,150615.0,24537.8579769237,23090.530476190477,1,-0.010924192941980437,-0.010924192941980437
51,BTC/USD,2023-02-20 06:00:00+00:00,24494.27,25100.0,24379.0,24952.4,5183.960612938,128405.0,24847.470084275,23194.890476190478,1,0.018799638738590252,0.018799638738590252
52,BTC/USD,2023-02-21 06:00:00+00:00,24945.5,25250.0,23864.51,24105.82,10395.017621316,234359.0,24519.7221294667,23241.97333333333,1,-0.03392779852839811,-0.03392779852839811
53,BTC/USD,2023-02-22 06:00:00+00:00,24104.67,24602.09,23578.95,24395.26,9480.860921822,177470.0,24016.2665584852,23269.599047619045,1,0.012007058876238208,0.012007058876238208
54,BTC/USD,2023-02-23 06:00:00+00:00,24399.31,24492.01,23615.0,23901.69,8129.454497403,178239.0,24009.1824517639,23287.27142857143,1,-0.020232209043888005,-0.020232209043888005
55,BTC/USD,2023-02-24 06:00:00+00:00,23904.38,24012.8,22852.34,23046.99,7898.405163543,177823.0,23378.8278737144,23274.56714285714,-1,-0.03575897771245451,-0.03575897771245451
56,BTC/USD,2023-02-25 06:00:00+00:00,23042.99,23259.27,22766.0,23134.99,3870.168226649,74401.0,23038.5340771676,23262.34857142857,-1,0.0038182860321456236,-0.0038182860321456236
57,BTC/USD,2023-02-26 06:00:00+00:00,23132.03,23684.52,23098.93,23389.35,4710.406916611,90182.0,23417.5728942537,23285.644285714287,1,0.010994601683423921,-0.010994601683423921
58,BTC/USD,2023-02-27 06:00:00+00:00,23389.56,23896.6,23111.9,23370.0,6259.589357335,116499.0,23463.8455032474,23306.199047619048,1,-0.0008272996043070524,-0.0008272996043070524
59,BTC/USD,2023-02-28 06:00:00+00:00,23791.25,23822.33,23634.17,23694.0,346.084164083,7575.0,23709.7747482941,23328.422857142858,1,0.013863928112965329,0.013863928112965329
60,BTC/USD,2023-03-01 06:00:00+00:00,23694.0,23994.59,23307.21,23452.86,5905.611791537,130662.0,23645.2838765901,23368.91380952381,1,-0.01017726006583941,-0.01017726006583941
61,BTC/USD,2023-03-02 06:00:00+00:00,23454.26,23564.22,22001.0,22351.67,7587.048899941,145955.0,23003.2375405261,23394.884285714284,-1,-0.04695333532882562,-0.04695333532882562
62,BTC/USD,2023-03-03 06:00:00+00:00,22347.96,22494.06,22149.87,22330.25,4906.281461782,92731.0,22346.8499534151,23425.914285714283,-1,-0.0009583176559065931,0.0009583176559065931
63,BTC/USD,2023-03-04 06:00:00+00:00,22327.95,22653.31,22159.79,22423.3,3446.367280007,66146.0,22380.6104469645,23455.436190476194,-1,0.004166993204285596,-0.004166993204285596
64,BTC/USD,2023-03-05 06:00:00+00:00,22423.21,22553.33,22267.58,22373.17,3129.253301896,56026.0,22410.3082444619,23480.70857142857,-1,-0.002235620983530584,0.002235620983530584
65,BTC/USD,2023-03-06 06:00:00+00:00,22373.04,22603.25,22319.0,22460.1,3227.629137511,48190.0,22445.2167753226,23514.719047619048,-1,0.003885457447469376,-0.003885457447469376
66,BTC/USD,2023-03-07 06:00:00+00:00,22459.02,22481.2,21851.64,21946.62,7557.162302822,105538.0,22190.3900277901,23505.533333333333,-1,-0.022861875058436953,0.022861875058436953
67,BTC/USD,2023-03-08 06:00:00+00:00,21953.91,22220.77,20254.251199652,21731.355,5884.401787109,93469.0,21956.7172160043,23364.97880952381,-1,-0.009808571889429851,0.009808571889429851
68,BTC/USD,2023-03-09 06:00:00+00:00,21733.01,22103.066944652,19775.37,19990.94,10740.337868168,206220.0,20642.8770929439,23187.824523809522,-1,-0.08008773498017041,0.08008773498017041
69,BTC/USD,2023-03-10 06:00:00+00:00,19991.3,21474.480199652,18700.7425,20442.2,13747.638194898,277024.0,20063.9013759393,22987.97119047619,-1,0.022573225671229213,-0.022573225671229213
70,BTC/USD,2023-03-11 06:00:00+00:00,20449.21,21406.485199652,19900.0,20542.763585,5677.206728908,152418.0,20384.1557646058,22787.032789761906,-1,0.004919411071215407,-0.004919411071215407
71,BTC/USD,2023-03-12 06:00:00+00:00,20540.16,23491.85,20439.99,22393.38,9541.141897172,276799.0,21539.5922565302,22687.10040880952,-1,0.0900860493936313,-0.0900860493936313
72,BTC/USD,2023-03-13 05:00:00+00:00,22388.9,24577.92,21579.345095,24539.36,11039.890532825,339762.0,23432.7957745446,22667.43183738095,1,0.09583100005448042,-0.09583100005448042
73,BTC/USD,2023-03-14 05:00:00+00:00,24540.48,26476.04,24000.0,24908.77791418,16448.397662148,397836.0,25065.0546346827,22705.66792853238,1,0.015054097343206951,0.015054097343206951
74,BTC/USD,2023-03-15 05:00:00+00:00,24911.09,25307.014951875,23930.0,24345.77,17454.016425822,397565.0,24569.7712398497,22703.311261865714,1,-0.022602791518707588,-0.022602791518707588
75,BTC/USD,2023-03-16 05:00:00+00:00,24349.16,25964.0,24309.4,25734.1071365,15346.647827864,338912.0,24979.8043620084,22790.569220746667,1,0.057025805160403564,0.057025805160403564
76,BTC/USD,2023-03-17 05:00:00+00:00,25733.0,27830.0,25671.19,27406.44,12347.198428524,320552.0,26777.7024412055,22998.162077889527,1,0.06498507426853939,0.06498507426853939
77,BTC/USD,2023-03-18 05:00:00+00:00,27404.68,27689.27,26657.61,27204.69,6952.487525414,192406.0,27308.0638156303,23191.95731598476,1,-0.007361408486472487,-0.007361408486472487
78,BTC/USD,2023-03-19 05:00:00+00:00,27204.38,28464.43,26905.0,27543.98,11519.710381213,293606.0,27831.7857204305,23389.796839794286,1,0.012471746599575395,0.012471746599575395
79,BTC/USD,2023-03-20 05:00:00+00:00,27539.12,28560.8,27452.72,28011.82,12962.542452951,330557.0,28008.0684430722,23610.835887413334,1,0.016985199669764528,0.016985199669764528
80,BTC/USD,2023-03-21 05:00:00+00:00,28014.26,28500.0,27406.01,28295.6755768,10486.456522577,273102.0,28100.369854677,23829.963295832382,1,0.010133421419957767,0.010133421419957767
81,BTC/USD,2023-03-22 05:00:00+00:00,28293.67,28900.0,26685.0,27357.989935,17223.586996967,571893.0,27890.0359663502,24015.921864165713,1,-0.033138832089551484,-0.033138832089551484
82,BTC/USD,2023-03-23 05:00:00+00:00,27360.42,28772.68,27350.20261315,28190.806758,14647.854501316,516449.0,28088.6952468996,24293.975995499044,1,0.030441447817573186,0.030441447817573186
83,BTC/USD,2023-03-24 05:00:00+00:00,28188.76,28389.461,27084.27,27581.246515,11763.704840976,369643.0,27837.4454435879,24544.023448594286,1,-0.021622660473418986,-0.021622660473418986
84,BTC/USD,2023-03-25 05:00:00+00:00,27582.0,27850.0,27180.0,27543.78,7272.502520506,193385.0,27507.418021398,24787.855829546665,1,-0.001358405428834586,-0.001358405428834586
85,BTC/USD,2023-03-26 05:00:00+00:00,27546.35,28238.07,27497.32703453,27948.1502189,8621.628078325,252241.0,27874.8730830735,25053.331078065716,1,0.014680999445246812,0.014680999445246812
86,BTC/USD,2023-03-27 05:00:00+00:00,27947.8,28010.46,26540.0,26979.59325,12171.85436584,385206.0,27302.853837987,25268.54504235143,1,-0.03465549459674111,-0.03465549459674111
87,BTC/USD,2023-03-28 05:00:00+00:00,26992.83,27622.24,26651.0,27580.86,10803.710470048,415987.0,27140.6829783039,25536.842185208574,1,0.022285982758468714,0.022285982758468714
88,BTC/USD,2023-03-29 05:00:00+00:00,27580.86,29189.54,27511.29946356,28594.44,17067.696131087,580821.0,28415.666427912,25863.655756637145,1,0.036749397952057894,0.036749397952057894
89,BTC/USD,2023-03-30 05:00:00+00:00,28599.03,28788.152505835,27719.21,28193.24,13820.118959018,339968.0,28282.5004304827,26254.241470922854,1,-0.014030699674482117,-0.014030699674482117
90,BTC/USD,2023-03-31 05:00:00+00:00,28195.37,28824.8,27529.53,28588.44,10207.674663307,238493.0,28264.4919799011,26642.15766139905,1,0.014017544631266032,0.014017544631266032
91,BTC/USD,2023-04-01 05:00:00+00:00,28588.76,28606.26333293,28257.82,28401.2812,3839.809716387,91885.0,28443.3916990163,27016.372785922857,1,-0.006546660118565306,-0.006546660118565306
92,BTC/USD,2023-04-02 05:00:00+00:00,28404.32,28508.68,27579.82,27724.34035292,6978.602090308,144643.0,28061.948806823,27270.228040823808,1,-0.023834870064946223,-0.023834870064946223
93,BTC/USD,2023-04-03 05:00:00+00:00,27723.97,28522.0,27300.0,27832.8676,14204.077005378,234556.0,28033.0461252586,27427.061736061904,1,0.003914511425645806,0.003914511425645806
94,BTC/USD,2023-04-04 05:00:00+00:00,27827.33,28786.01,27823.59,28509.5934973,10373.670852336,168045.0,28262.4459735338,27598.529144781907,1,0.02431391213530576,0.02431391213530576
95,BTC/USD,2023-04-05 05:00:00+00:00,28518.32,28752.57,27861.98,28089.42,8960.797699489,150045.0,28228.5606624859,27776.79819240095,1,-0.014737968724099604,-0.014737968724099604
96,BTC/USD,2023-04-06 05:00:00+00:00,28086.02,28233.965,27724.33,28037.78103173,6362.072835926,105845.0,27997.279096868,27886.496949316668,1,-0.0018383778757268265,-0.0018383778757268265
97,BTC/USD,2023-04-07 05:00:00+00:00,28042.19,28080.08,27782.43,27999.9794569,4015.888266731,82857.0,27924.3359456564,27914.76073297857,1,-0.0013482370372754904,-0.0013482370372754904
98,BTC/USD,2023-04-08 05:00:00+00:00,28000.11,28180.0,27885.74,28060.885825,2321.598404341,45656.0,28027.7627226269,27955.53196274048,1,0.0021752290280696585,0.0021752290280696585
99,BTC/USD,2023-04-09 05:00:00+00:00,28055.09,28551.55,27817.06,28259.98,4613.390768559,73562.0,28170.552366733,27989.627200835715,1,0.00709507804713061,0.00709507804713061
100,BTC/USD,2023-04-10 05:00:00+00:00,28261.6,30442.56,28155.3093783575,30135.24225,11200.701133153,162965.0,29309.7284147988,28090.74254607381,1,0.06635752219216018,0.06635752219216018
101,BTC/USD,2023-04-11 05:00:00+00:00,30132.76,30566.97,29810.74,29996.1628,8704.596567429,134807.0,30147.9451904023,28171.71812813095,1,-0.004615176106639751,-0.004615176106639751
102,BTC/USD,2023-04-12 05:00:00+00:00,29995.67,30500.0,29698.05,30081.6026415,6767.991583559,143640.0,30058.6152831762,28301.41397129762,1,0.002848359040777071,0.002848359040777071
103,BTC/USD,2023-04-13 05:00:00+00:00,30089.14,30931.0073982,29844.9483631885,30739.062565,8896.604314699,176811.0,30437.6018313909,28422.759485916667,1,0.02185588086297563,0.02185588086297563
104,BTC/USD,2023-04-14 05:00:00+00:00,30740.07,31049.99,29989.96,30387.692417,9085.650684691,177380.0,30514.5009608404,28556.399766964285,1,-0.011430737266531876,-0.011430737266531876
105,BTC/USD,2023-04-15 05:00:00+00:00,30384.86,30573.3973172175,30157.85,30328.77,3450.189534846,83484.0,30362.6436367073,28689.01833839286,1,-0.001939022423664949,-0.001939022423664949
106,BTC/USD,2023-04-16 05:00:00+00:00,30331.71,30571.93,29805.39,30020.0023159,5066.188161238,95674.0,30270.4794514259,28787.677962059523,1,-0.010180685998805727,-0.010180685998805727
107,BTC/USD,2023-04-17 05:00:00+00:00,30021.25,30167.095685401,29118.04,29512.00315845,6956.835093664,110222.0,29539.300758247,28908.268910080948,1,-0.01692202259361386,-0.01692202259361386
108,BTC/USD,2023-04-18 05:00:00+00:00,29514.67,30498.99,29503.80875,30217.17997,8187.363983937,127759.0,30167.6564810764,29033.807956271427,1,0.023894576310659277,0.023894576310659277
109,BTC/USD,2023-04-19 05:00:00+00:00,30223.3,30344.205560231,28591.0,28903.5682585,9837.953414187,173514.0,29296.739304652,29048.528349533335,-1,-0.04347234628791208,-0.04347234628791208
110,BTC/USD,2023-04-20 05:00:00+00:00,28915.17,29102.49,27996.98,28262.08545,8749.988062385,142617.0,28496.3697737416,29051.80670429524,-1,-0.022193896710706373,0.022193896710706373
111,BTC/USD,2023-04-21 05:00:00+00:00,28255.09,28324.38,27156.84,27370.65487,7112.208950671,121635.0,27834.987085967,28993.816936199997,-1,-0.03154157118295742,0.03154157118295742
112,BTC/USD,2023-04-22 05:00:00+00:00,27369.35,28079.916282246,27218.64,27625.79047815,3431.306921162,71938.0,27582.4970048361,28956.888806588093,-1,0.009321501782175057,-0.009321501782175057
113,BTC/USD,2023-04-23 05:00:00+00:00,27619.32,28014.46,27344.2141083,27726.628595,6306.257287378,102760.0,27624.6379696981,28956.997770496666,-1,0.0036501441263645518,-0.0036501441263645518
114,BTC/USD,2023-04-24 05:00:00+00:00,27720.25,27783.28,26975.61,27432.28,7524.658705077,118898.0,27419.7763454988,28937.92217049667,-1,-0.010616097589776219,0.010616097589776219
115,BTC/USD,2023-04-25 05:00:00+00:00,27432.28,28603.497840503,27208.300644705,28350.3305,7514.281863155,132001.0,27834.178510425,28930.33821824428,-1,0.03346606625479187,-0.03346606625479187
116,BTC/USD,2023-04-26 05:00:00+00:00,28347.67,30046.27,27261.01,29119.0,18220.45022917,294221.0,28896.3505897838,28979.3658372919,1,0.027113246528113644,-0.027113246528113644
117,BTC/USD,2023-04-27 05:00:00+00:00,29119.0,29912.28,28646.88,29537.16,12428.400177452,191194.0,29293.5992609672,29050.764835780952,1,0.014360383254919507,0.014360383254919507
118,BTC/USD,2023-04-28 05:00:00+00:00,29542.61,30236.381845,28922.03,29418.96769555,5359.938635627,89534.0,29297.2153736201,29118.335704288096,1,-0.004001478288704785,-0.004001478288704785
119,BTC/USD,2023-04-29 05:00:00+00:00,29422.55,30264.74818,29082.47,29250.01304207,1872.162764733,41237.0,29292.2126337946,29174.960809862856,1,-0.005743051735481397,-0.005743051735481397
120,BTC/USD,2023-04-30 05:00:00+00:00,29247.41585,29985.57,28410.56,28596.724675,5635.676745396,106439.0,29291.2840269676,29190.99627057714,-1,-0.022334635069406028,-0.022334635069406028
121,BTC/USD,2023-05-01 05:00:00+00:00,28592.33,28745.05984,27690.27,27982.176006395,7036.519507334,138520.0,28227.2219253955,29088.46930659595,-1,-0.021490176780358916,0.021490176780358916
122,BTC/USD,2023-05-02 05:00:00+00:00,28001.15,28933.38,27935.07,28560.768,5977.436116576,156040.0,28512.6392446503,29020.11717326262,-1,0.020677162257601855,-0.020677162257601855
123,BTC/USD,2023-05-03 05:00:00+00:00,28566.64,29301.54,28166.26,29158.314958215,8937.83216316,193702.0,28695.6128807025,28976.15109310619,1,0.020921949935484907,-0.020921949935484907
124,BTC/USD,2023-05-04 05:00:00+00:00,29151.48,29591.8,28700.0,29284.95,6220.155063225,139845.0,29071.5597532195,28906.907637629996,1,0.004343016459163573,0.004343016459163573
125,BTC/USD,2023-05-05 05:00:00+00:00,29288.42,29912.14,28820.0,29517.24,5799.730311611,121489.0,29459.161103819,28865.457522534758,1,0.007932060665973406,0.007932060665973406
126,BTC/USD,2023-05-06 05:00:00+00:00,29517.24,29642.5668870935,28500.0,29068.181707615,4245.66563913,90374.0,29082.9313856369,28805.429508611665,1,-0.015213424167876188,-0.015213424167876188
127,BTC/USD,2023-05-07 05:00:00+00:00,29075.99,29389.88,28820.75,28852.82155122,4518.050730932,92184.0,29130.3262987329,28749.849472198337,1,-0.007408793524177781,-0.007408793524177781
128,BTC/USD,2023-05-08 05:00:00+00:00,28857.5,28924.0,27669.4,28181.8225,7000.442116224,136755.0,28166.8096200648,28686.50753608167,-1,-0.023255924902485958,-0.023255924902485958
129,BTC/USD,2023-05-09 05:00:00+00:00,28195.28,28514.04,27625.78,27745.5222405,2832.52074077,71862.0,28107.3670684993,28568.809548962618,-1,-0.015481619739106667,0.015481619739106667
130,BTC/USD,2023-05-10 05:00:00+00:00,27745.0,28356.27,26834.655,27551.23,3527.882047492,96911.0,27772.1730469359,28504.412489034046,-1,-0.00700265213304907,0.00700265213304907
131,BTC/USD,2023-05-11 05:00:00+00:00,27549.85,27868.3355590955,26600.0,26739.62,2648.941765892,72149.0,27101.3561629805,28431.91413427214,-1,-0.02945821293640971,0.02945821293640971
132,BTC/USD,2023-05-12 05:00:00+00:00,26739.62,27534.5575590955,25869.675215,26800.59,3427.11922793,102817.0,26515.5133986503,28404.76818808167,-1,0.002280137114887948,-0.002280137114887948
133,BTC/USD,2023-05-13 05:00:00+00:00,26804.8765,27130.9971835,26603.85,26838.24,1354.471570672,54438.0,26837.7885994821,28367.265784360243,-1,0.0014048198192653238,-0.0014048198192653238
134,BTC/USD,2023-05-14 05:00:00+00:00,26838.24,27383.05015,26750.5,27296.35,1833.544096326,57970.0,27002.832961748,28346.776327455478,-1,0.017069301116615643,-0.017069301116615643
135,BTC/USD,2023-05-15 05:00:00+00:00,27295.72,27652.0,26866.0,27120.7,2820.540943284,76358.0,27316.180213963,28331.93918459833,-1,-0.00643492628135256,0.00643492628135256
136,BTC/USD,2023-05-16 05:00:00+00:00,27115.44,27532.8442195,26900.0,27073.53,2181.423104539,72324.0,27062.8918110549,28271.13916078881,-1,-0.001739261892207855,0.001739261892207855
137,BTC/USD,2023-05-17 05:00:00+00:00,27073.53,27825.1524185955,26555.0,27301.5605,2547.094692315,77379.0,27064.0875130385,28184.594422693575,-1,0.008422636427536379,-0.008422636427536379
138,BTC/USD,2023-05-18 05:00:00+00:00,27296.2,27700.9485590955,26405.7,26882.266955,2874.320505672,86709.0,26990.0918248507,28058.17094436024,-1,-0.015357860038806237,0.015357860038806237
139,BTC/USD,2023-05-19 05:00:00+00:00,26885.83,27552.7953040955,26633.6,26876.1295,1606.162198457,64269.0,26892.3338910049,27937.083411238804,-1,-0.0002283086843186677,0.0002283086843186677
140,BTC/USD,2023-05-20 05:00:00+00:00,26876.99,27646.5288740955,26828.3,27133.713,1056.129258714,36530.0,27048.2834629347,27836.307218759288,-1,0.009584099525938194,-0.009584099525938194
141,BTC/USD,2023-05-21 05:00:00+00:00,27131.51,27465.3422301955,26556.7,26715.26376789,1929.028952869,58953.0,26812.0769445309,27746.713842230238,-1,-0.015421746080604648,0.015421746080604648
142,BTC/USD,2023-05-22 05:00:00+00:00,26713.72,27430.0,26700.1,27370.0,2315.176264175,91689.0,26970.7562645043,27717.562603830476,-1,0.024507945637315842,-0.024507945637315842
143,BTC/USD,2023-05-23 05:00:00+00:00,27370.0,27740.4085590955,26473.0,26840.6373747,1941.70494492,89943.0,27180.737433609,27635.651621673333,-1,-0.019340980098648153,0.019340980098648153
144,BTC/USD,2023-05-24 05:00:00+00:00,26842.26,26900.8824665945,25919.52,26264.798075585,2762.950786499,80112.0,26421.781225025,27497.865103452856,-1,-0.021454009868550505,0.021454009868550505
145,BTC/USD,2023-05-25 05:00:00+00:00,26264.14,26635.9,18372.569720234,26460.4053175,1873.22079972,62948.0,26393.3399905821,27363.36297571476,-1,0.0074475060250636105,-0.0074475060250636105
146,BTC/USD,2023-05-26 05:00:00+00:00,26455.09,27442.4681659805,18372.569720234,26787.215595,1532.617118345,53080.0,26682.7919818461,27233.361813571908,-1,0.012350917288627361,-0.012350917288627361
147,BTC/USD,2023-05-27 05:00:00+00:00,26785.0,27484.6985590955,18527.672925,27197.036815,1123.210431103,40234.0,26927.4279306988,27144.259675828336,1,0.015299134713967488,-0.015299134713967488
148,BTC/USD,2023-05-28 05:00:00+00:00,27201.29,28448.97,27144.72,27960.15,2141.707128914,75745.0,27776.6354813985,27101.75150672262,1,0.028058688532536014,0.028058688532536014
149,BTC/USD,2023-05-29 05:00:00+00:00,27961.07,28069.96,27536.59,27804.888197955,1530.286353462,54622.0,27782.7449339852,27083.802254244285,1,-0.005552967421312172,-0.005552967421312172
150,BTC/USD,2023-05-30 05:00:00+00:00,27808.49382385,28072.384331545,27267.0,27278.28,1921.489354731,67385.0,27754.0429307633,27061.552623744283,1,-0.01893941073259664,-0.01893941073259664
151,BTC/USD,2023-05-31 05:00:00+00:00,27275.0,27350.0,26645.16,26840.117,2413.026164725,106293.0,27055.2956657556,27027.690099934764,-1,-0.01606270629966411,-0.01606270629966411
152,BTC/USD,2023-06-01 05:00:00+00:00,26825.65875477,27170.941238572,26530.25,27075.75,2348.597364132,89818.0,26885.3438900343,27043.696290410957,1,0.008779134606603956,-0.008779134606603956
153,BTC/USD,2023-06-02 05:00:00+00:00,27075.71,27323.4873421,26864.0,27172.0194345,1822.960389315,73917.0,27108.0917069793,27061.383406339522,1,0.0035555592919864765,0.0035555592919864765
154,BTC/USD,2023-06-03 05:00:00+00:00,27171.75408145,27354.646,26940.0,27070.06968,966.101844125,45056.0,27140.6033651314,27072.422914910952,-1,-0.0037520124238744623,-0.0037520124238744623
155,BTC/USD,2023-06-04 05:00:00+00:00,27068.38,27471.04,26789.0,26865.24,1695.203938128,69886.0,27134.1662091732,27051.893867291903,-1,-0.0075666476821569795,0.0075666476821569795
156,BTC/USD,2023-06-05 05:00:00+00:00,26860.01,26871.863,25439.54,25862.328996,3580.949689442,134960.0,26071.9153537687,26991.97143853,-1,-0.037331176047561865,0.037331176047561865
157,BTC/USD,2023-06-06 05:00:00+00:00,25860.36,27799.11,25417.21442642,27320.6197,3977.885163358,171274.0,26587.1840408956,27003.737614720478,1,0.05638667361418004,-0.05638667361418004
158,BTC/USD,2023-06-07 05:00:00+00:00,27335.09,30637.9,22880.636573363,26408.45,2084.926577722,91788.0,27600.3639482594,26961.208543291905,-1,-0.03338759186344509,-0.03338759186344509
159,BTC/USD,2023-06-08 05:00:00+00:00,26718.38,26933.5,26289.1703045,26499.11841,843.487725971,44068.0,26556.7665513751,26942.96337448238,-1,0.0034333105502215577,-0.0034333105502215577
160,BTC/USD,2023-06-09 05:00:00+00:00,26519.89,26761.695208524,25592.4369542,25773.4272,1074.256367242,70096.0,26487.8309770722,26890.453741149053,-1,-0.027385485010178567,0.027385485010178567
161,BTC/USD,2023-06-10 05:00:00+00:00,25802.0,26223.3391,25410.561565,25745.59268,915.360571241,55215.0,25842.2705659999,26824.352773529998,-1,-0.0010799696828831529,0.0010799696828831529
162,BTC/USD,2023-06-11 05:00:00+00:00,25821.78,26370.88,25639.69605,26090.3,619.336306942,40855.0,25996.2800153273,26794.592594106663,-1,0.01338898367128194,-0.01338898367128194
163,BTC/USD,2023-06-12 05:00:00+00:00,26090.0,26384.99,25664.9932885,26056.055228855,679.209009502,55276.0,26088.5028661667,26732.023795480713,-1,-0.001312548002322722,0.001312548002322722
164,BTC/USD,2023-06-13 05:00:00+00:00,26278.01,27293.76,25624.2788,25983.5725,511.003617364,39815.0,26346.3186587766,26691.21118239976,-1,-0.002781799785822159,0.002781799785822159
165,BTC/USD,2023-06-14 05:00:00+00:00,26280.5,26379.97,24793.6512659715,25009.352501475,28.680254896,2374.0,26229.0572410787,26631.428059823094,-1,-0.03749368946571907,0.03749368946571907
166,BTC/USD,2023-06-15 05:00:00+00:00,25009.5060366,25743.36298925,24766.09454278,25500.24046085,2.360903135,214.0,25037.7445828972,26585.705923792146,-1,0.019628175473397347,-0.019628175473397347
167,BTC/USD,2023-06-16 05:00:00+00:00,25506.484325,26467.2238003695,25169.61125,26340.003161694,0.946293909,173.0,26068.0673356245,26564.41009363471,-1,0.0329315600820812,-0.0329315600820812
168,BTC/USD,2023-06-17 05:00:00+00:00,26336.956895694,26843.009766531,26317.1938703,26530.2511,0.485265473,89.0,26544.7432762548,26532.658392920424,-1,0.007222775834084816,-0.007222775834084816
169,BTC/USD,2023-06-18 05:00:00+00:00,26536.89,26706.564796,26261.0168995,26430.71413,0.239507954,77.0,26539.8651041079,26459.828113396623,-1,-0.0037518291713417584,0.0037518291713417584
170,BTC/USD,2023-06-19 05:00:00+00:00,26430.76551648,27181.95307475,26304.431814816,26958.0177115,4.379666396,158.0,26720.8875175128,26419.50094737495,1,0.01995040992484909,-0.01995040992484909
171,BTC/USD,2023-06-20 05:00:00+00:00,26954.73166745,28979.621122595,26647.00056,28784.33973,3.283946322,217.0,27909.5211491728,26491.218077374953,1,0.06774689586025873,0.06774689586025873
172,BTC/USD,2023-06-21 05:00:00+00:00,28768.81585327,30789.9,28756.9934525,30364.929915,7.526770841,401.0,29567.5703666213,26659.066311422568,1,0.05491146226823673,0.05491146226823673
173,BTC/USD,2023-06-22 05:00:00+00:00,30348.9895,30353.48739055,29491.887042,30006.34696,1.994160912,136.0,29823.8459068838,26798.618547613045,1,-0.011809115186624086,-0.011809115186624086
174,BTC/USD,2023-06-23 05:00:00+00:00,30002.65,31596.8255209475,27464.5,30740.9310421,3.673697766,294.0,30805.0470718266,26968.566719403523,1,0.02448095674822537,0.02448095674822537
175,BTC/USD,2023-06-24 05:00:00+00:00,30736.1974507,31066.14705,30267.48545,30903.09273564,0.150683377,68.0,30647.8453091717,27151.091626814956,1,0.005275106772723248,0.005275106772723248
176,BTC/USD,2023-06-25 05:00:00+00:00,30910.2261865,31012.04922,29804.93,30253.820075,0.842758838,104.0,30451.1496816747,27312.45258276733,1,-0.021009957359096387,-0.021009957359096387
177,BTC/USD,2023-06-26 05:00:00+00:00,30256.852,30667.5066555,29829.85237813,30355.602,1.659260073,193.0,30296.7186989404,27526.41796391019,1,0.003364266884237299,0.003364266884237299
178,BTC/USD,2023-06-27 05:00:00+00:00,30355.175,31007.5458055155,30178.0291169885,30473.6848468,1.272925543,109.0,30621.1801710427,27676.563923281617,1,0.0038899853410911955,0.0038899853410911955
179,BTC/USD,2023-06-28 05:00:00+00:00,30481.55837929,30496.7585125,29520.479520479,30227.6536395,1.124224071,126.0,30191.6202890887,27858.430763257813,1,-0.008073562765279929,-0.008073562765279929
180,BTC/USD,2023-06-29 05:00:00+00:00,30218.2525,31282.2542646,30151.55989696,30910.459844255,2.546875748,101.0,30566.0788463732,28068.49464107948,1,0.022588792795440238,0.022588792795440238
181,BTC/USD,2023-06-30 05:00:00+00:00,30844.441995,31544.40585,29380.810331,30388.47445569,6.466380625,247.0,30111.2955305991,28288.258796112335,1,-0.016887014660896926,-0.016887014660896926
182,BTC/USD,2023-07-01 05:00:00+00:00,30385.895956,30710.060945,30374.97,30529.743525,0.544617957,100.0,30565.780444418,28516.075503017095,1,0.0046487713463863045,0.0046487713463863045
183,BTC/USD,2023-07-02 05:00:00+00:00,30528.37,30813.870461679,30231.36435,30701.6205105075,1.010968445,104.0,30540.5968780593,28735.662193993645,1,0.00562982081283292,0.00562982081283292
184,BTC/USD,2023-07-03 05:00:00+00:00,30697.0715105075,31390.039548221,30485.7,31056.9905094905,1.339711015,197.0,30950.9446485936,28973.801969262,1,0.01157495901108474,0.01157495901108474
185,BTC/USD,2023-07-04 05:00:00+00:00,31063.25735,31123.8403,30629.9067,30842.05240964,0.421326377,79.0,30957.1352892724,29205.158155435336,1,-0.006920763935089558,-0.006920763935089558
186,BTC/USD,2023-07-05 05:00:00+00:00,30841.5055,30883.247817,30204.959,30457.98348348,1.431555108,364.0,30443.6923107624,29464.616773626047,1,-0.012452768092695354,-0.012452768092695354
187,BTC/USD,2023-07-06 05:00:00+00:00,30467.4518,31531.531531531,29687.3,30093.459,5.359088767,487.0,30280.1804765723,29683.34146596652,1,-0.011968109565681284,-0.011968109565681284
188,BTC/USD,2023-07-07 05:00:00+00:00,30103.1302781,30623.55989768,29938.14,30247.841052705,2.656989267,123.0,30327.4361388513,29869.428984586095,1,0.005130086664514089,0.005130086664514089
189,BTC/USD,2023-07-08 05:00:00+00:00,30232.27415,30425.785775,30049.681677495,30273.59385,0.052460776,59.0,30239.556096783,30047.683401252765,1,0.0008513929060300907,0.0008513929060300907
190,BTC/USD,2023-07-09 05:00:00+00:00,30281.8,30526.9385915915,29977.954375,30125.180225,0.071774392,97.0,30250.1981810039,30223.610358157523,-1,-0.00490241184232576,-0.00490241184232576
191,BTC/USD,2023-07-10 05:00:00+00:00,30120.52365,31030.4725988945,30016.735575,30450.38568105,1.402192616,198.0,30436.0114864978,30389.913594802765,1,0.010795137277888278,-0.010795137277888278
192,BTC/USD,2023-07-11 05:00:00+00:00,30453.807938,30803.342967205,30307.113967925,30633.203369689,1.990794722,181.0,30646.732205623,30477.954720502235,1,0.006003788935677434,0.006003788935677434
193,BTC/USD,2023-07-12 05:00:00+00:00,30629.448369689,30945.3044298695,30214.17203,30296.70005,2.004634019,170.0,30488.2911042998,30474.70567931176,-1,-0.010984921022721528,-0.010984921022721528
194,BTC/USD,2023-07-13 05:00:00+00:00,30301.4251645,31786.06427322,30257.18229504,31408.257,2.678284295,392.0,31001.7401803834,30541.463300264142,1,0.03668904363067749,-0.03668904363067749
195,BTC/USD,2023-07-14 05:00:00+00:00,31406.5482337,31419.65964,29923.426238925,30309.106042375,3.596378432,253.0,30955.0355687357,30520.900205039143,-1,-0.03499560506095589,-0.03499560506095589
196,BTC/USD,2023-07-15 05:00:00+00:00,30309.3171215,30660.821599125,30071.5981,30165.9867115,0.88071029,59.0,30346.9333014093,30485.799918175333,-1,-0.0047219911624877264,0.0047219911624877264
197,BTC/USD,2023-07-16 05:00:00+00:00,30164.963325665,30457.791,30135.7923,30310.22449535,0.525698615,43.0,30272.8265244256,30488.48584295391,-1,0.004781470774666063,-0.004781470774666063
198,BTC/USD,2023-07-17 05:00:00+00:00,30315.34710625,31797.2202969855,29671.85,30130.69602335,15.352476314,206.0,30886.1348457661,30477.776034542003,-1,-0.005923033398434363,0.005923033398434363
199,BTC/USD,2023-07-18 05:00:00+00:00,30123.133758,30228.447767,29547.95785,30106.7469594985,0.809777436,140.0,29940.0083521173,30460.30280181336,-1,-0.0007948393834957823,0.0007948393834957823
200,BTC/USD,2023-07-19 05:00:00+00:00,30112.2907429985,30139.99499,29770.616666,29965.6834585,0.431992188,83.0,30043.0148364938,30447.828031289548,-1,-0.004685444800405336,0.004685444800405336
201,BTC/USD,2023-07-20 05:00:00+00:00,29964.9405841,30419.156361355,29584.702977,29871.765655,3.57073632,149.0,29978.5966945669,30398.366403229786,-1,-0.0031341785889872353,0.0031341785889872353
202,BTC/USD,2023-07-21 05:00:00+00:00,29871.98511,30148.6975,29744.3773841395,29894.213314,1.051354243,109.0,29819.2780718415,30374.830158387405,-1,0.0007514674311273062,-0.0007514674311273062
203,BTC/USD,2023-07-22 05:00:00+00:00,29886.972105895,29994.4572082,29648.4978384,29918.1685,0.558645553,68.0,29889.6522715659,30345.70753814931,-1,0.0008013318747805975,-0.0008013318747805975
204,BTC/USD,2023-07-23 05:00:00+00:00,29916.9485,30355.45930747,29672.702016,29797.62,0.783829315,84.0,30030.0082288441,30302.65989479181,-1,-0.0040292740513176994,0.0040292740513176994
205,BTC/USD,2023-07-24 05:00:00+00:00,29796.01785805,29921.4811829,28869.6209865,29095.0015,4.600208685,169.0,29271.78602521,30209.231846720835,-1,-0.023579685223182323,0.023579685223182323
206,BTC/USD,2023-07-25 05:00:00+00:00,29099.908584,29405.1989375,29088.75728,29207.229923465,0.736728954,132.0,29237.2493099054,30131.38315690298,-1,0.0038573094235792027,-0.0038573094235792027
207,BTC/USD,2023-07-26 05:00:00+00:00,29199.89624575,29681.22,28902.64733,29488.8623882,4.864457762,120.0,29200.4525543003,30085.23453331822,-1,0.0096425599234502,-0.0096425599234502
208,BTC/USD,2023-07-27 05:00:00+00:00,29489.752,29623.66573,29087.09581,29260.589371,3.06027585,118.0,29461.030090433,30045.574074794404,-1,-0.007740990961094041,0.007740990961094041
209,BTC/USD,2023-07-28 05:00:00+00:00,29259.88369128,29535.3531,29120.0628674,29385.4955736,0.744900247,94.0,29339.5907615552,30004.51000436084,-1,0.004268752109408913,-0.004268752109408913
210,BTC/USD,2023-07-29 05:00:00+00:00,29381.68264139,29398.8011,29248.0,29324.7433435,0.206869428,51.0,29330.1347576765,29959.326646908452,-1,-0.002067422342694192,0.002067422342694192
211,BTC/USD,2023-07-30 05:00:00+00:00,29330.6679242,29654.4136049,29035.370254565,29398.568237,3.255520563,57.0,29381.2528437687,29924.72607605131,-1,0.002517494957594124,-0.002517494957594124
212,BTC/USD,2023-07-31 05:00:00+00:00,29400.6288338,29485.15,28760.8222505,28851.76240562,1.530899635,194.0,29262.0739688737,29848.60115817369,-1,-0.018599743598799123,0.018599743598799123
213,BTC/USD,2023-08-01 05:00:00+00:00,28855.49538118,30018.58799248,28584.43010485,29656.594870825,1.652534254,166.0,29156.7028788518,29802.095991561124,-1,0.027895435082614828,-0.027895435082614828
214,BTC/USD,2023-08-02 05:00:00+00:00,29654.129571,29803.834870015,28920.238696,29118.63915,2.34505246,91.0,29238.3585235912,29745.997853465884,-1,-0.018139497240602598,0.018139497240602598
215,BTC/USD,2023-08-03 05:00:00+00:00,29117.70265329,29537.319001515,28940.3034375,29180.96508,0.096099942,75.0,29257.3333405075,29639.936333465885,-1,0.002140413557067067,-0.002140413557067067
216,BTC/USD,2023-08-04 05:00:00+00:00,29185.801370945,29349.338318475,28781.939,29008.15265685,0.217930268,129.0,29178.6634078313,29577.986172250407,-1,-0.005922094169135028,0.005922094169135028
217,BTC/USD,2023-08-05 05:00:00+00:00,29012.282466,29189.991534005,28926.82511559,29046.3202959,0.097313284,41.0,29021.0719365416,29524.668723888502,-1,0.0013157555912470809,-0.0013157555912470809
218,BTC/USD,2023-08-06 05:00:00+00:00,29046.54605,29187.0113185,28954.833,29132.2774912,0.113366619,40.0,29057.5971246769,29468.576009405166,-1,0.0029593144475561495,-0.0029593144475561495
219,BTC/USD,2023-08-07 05:00:00+00:00,29131.6111725,29298.448128,28701.41465,29189.92909,2.144573947,92.0,28930.7676039175,29423.77758400755,-1,0.001978959551563353,-0.001978959551563353
220,BTC/USD,2023-08-08 05:00:00+00:00,29180.9199,30219.4712,29030.604534005,29746.1803557,1.331946224,100.0,29795.0985543872,29406.607745731428,1,0.019056273277846314,-0.019056273277846314
221,BTC/USD,2023-08-09 05:00:00+00:00,29747.776682,30122.4842516,29351.337095,29512.039068175,0.863070989,89.0,29659.9338463757,29385.005631906428,1,-0.007871305987026789,-0.007871305987026789
222,BTC/USD,2023-08-10 05:00:00+00:00,29517.7155,29711.43495,29317.24134156,29377.71723655,0.245970939,81.0,29487.2656138148,29361.47951674214,1,-0.004551424973201823,-0.004551424973201823
223,BTC/USD,2023-08-11 05:00:00+00:00,29375.251240705,29534.44,29220.539060025,29386.56013005,0.441613205,56.0,29372.9206983521,29337.305555601666,1,0.0003010068287061518,0.0003010068287061518
224,BTC/USD,2023-08-12 05:00:00+00:00,29388.129949,29518.4846353645,29323.25679,29377.17633,0.042559059,31.0,29449.4600128976,29311.544023696904,1,-0.00031932284719515813,-0.00031932284719515813
225,BTC/USD,2023-08-13 05:00:00+00:00,29370.296145615,29456.3186961,29079.24922,29381.81588,0.15786149,37.0,29362.030448934,29291.743827506427,1,0.0001579304269370141,0.0001579304269370141
226,BTC/USD,2023-08-14 05:00:00+00:00,29380.698,29667.4002815,29238.4219127,29341.6149308395,0.587283823,156.0,29439.9115617717,29303.48732421307,1,-0.001368225480844587,-0.001368225480844587
227,BTC/USD,2023-08-15 05:00:00+00:00,29346.7867252395,29456.468267,29055.20730062,29188.3715,1.142521342,115.0,29253.1907111868,29302.58930404807,-1,-0.005222733349909525,-0.005222733349909525
228,BTC/USD,2023-08-16 05:00:00+00:00,29182.1651,29249.514485514,28323.985,28614.713778,1.17686248,158.0,29033.0370748849,29260.96317975283,-1,-0.019653639189839645,0.019653639189839645
229,BTC/USD,2023-08-17 05:00:00+00:00,28610.144547025,28940.178014411,20843.672456575,26267.487549495,9.704489025,625.0,26911.2522190354,29118.43452158593,-1,-0.08202864605654847,0.08202864605654847
230,BTC/USD,2023-08-18 05:00:00+00:00,26254.5265,26605.9895,25638.125472,25981.363,3.729138733,190.0,26158.0716839841,28956.332970462117,-1,-0.01089272618692072,0.01089272618692072
231,BTC/USD,2023-08-19 05:00:00+00:00,25984.06694,26269.5952695945,25794.66770785,26114.505,1.075731104,88.0,26023.0296609251,28803.464477914502,-1,0.0051245194488065415,-0.0051245194488065415
232,BTC/USD,2023-08-20 05:00:00+00:00,26116.1585,26294.6,25975.723,26057.605,0.656650046,69.0,26123.135368928,28644.37099043831,-1,-0.0021788657299842695,0.0021788657299842695
233,BTC/USD,2023-08-21 05:00:00+00:00,26053.6935,26588.8578371625,25818.79,26008.72,1.927048348,151.0,26045.5983490992,28508.98801874212,-1,-0.0018760358060534443,0.0018760358060534443
234,BTC/USD,2023-08-22 05:00:00+00:00,26012.08,26175.3435,25356.1615,26041.846,4.265630649,161.0,25865.1158004372,28336.857120131404,-1,0.001273649760541895,-0.001273649760541895
235,BTC/USD,2023-08-23 05:00:00+00:00,26041.8835,26796.465,25801.164,26451.565,3.257675463,131.0,26298.9762315662,28209.853589179023,-1,0.01573310125557148,-0.01573310125557148
236,BTC/USD,2023-08-24 05:00:00+00:00,26452.36,26561.095,25860.04,26019.89,1.941513775,122.0,26272.9145716894,28059.326204417117,-1,-0.016319450285833703,0.016319450285833703
237,BTC/USD,2023-08-25 05:00:00+00:00,26017.478,26288.942,25767.265,26060.056,1.257719568,99.0,26081.6863711218,27918.94064932902,-1,0.001543665249930104,-0.001543665249930104
238,BTC/USD,2023-08-26 05:00:00+00:00,26042.84,26077.372,25957.026,26022.1685,0.26476534,60.0,26028.6410300965,27774.93342095283,-1,-0.001453853360867674,0.001453853360867674
239,BTC/USD,2023-08-27 05:00:00+00:00,26025.635,26170.5,25978.858,26010.765,0.486811616,73.0,26070.9211601513,27626.289968990925,-1,-0.0004382225101647874,0.0004382225101647874
240,BTC/USD,2023-08-28 05:00:00+00:00,26006.1,26225.3435,25797.9906955495,26032.6905,2.111866629,152.0,26027.3866573819,27475.945274229023,-1,0.0008429394521844991,-0.0008429394521844991
241,BTC/USD,2023-08-29 05:00:00+00:00,26048.5075,29000.0,25916.614,27440.1135,7.212835893,583.0,26925.728550648,27366.132566814736,1,0.05406367812808277,-0.05406367812808277
242,BTC/USD,2023-08-30 05:00:00+00:00,27450.67,27494.3685,27031.81,27250.835,4.661561567,156.0,27363.3092121603,27258.456182615926,-1,-0.006897875987284086,-0.006897875987284086
243,BTC/USD,2023-08-31 05:00:00+00:00,27252.955,27557.645,25676.7255,26030.256,2.105294622,121.0,26913.585109071,27099.05326658974,-1,-0.04479051742818152,0.04479051742818152
244,BTC/USD,2023-09-01 05:00:00+00:00,26019.87,26273.2433130465,25324.562,25768.5,2.753695132,155.0,25644.728084664,26926.76468896831,-1,-0.010055836561884024,0.010055836561884024
245,BTC/USD,2023-09-02 05:00:00+00:00,25767.85,25974.73,25754.7,25872.04,4.287266231,161.0,25833.5323228945,26759.853435158784,-1,0.004018084094922214,-0.004018084094922214
246,BTC/USD,2023-09-03 05:00:00+00:00,25875.565,26119.16,25799.5295,25978.5275,5.363935404,259.0,25922.9866038466,26597.792083730215,-1,0.004115929783658379,-0.004115929783658379
247,BTC/USD,2023-09-04 05:00:00+00:00,25985.12,26007.358,25550.5,25683.9295,3.871083561,204.0,25860.7318152913,26423.61658702357,-1,-0.011340057668780545,0.011340057668780545
248,BTC/USD,2023-09-05 05:00:00+00:00,25689.65,25872.1005,25619.3515,25748.585,6.682910947,296.0,25732.1865093566,26259.81722988071,-1,0.0025173523389401264,-0.0025173523389401264
249,BTC/USD,2023-09-06 05:00:00+00:00,25748.68,26018.47,25366.03,25801.6505,1.395382963,146.0,25654.9037811772,26125.861835690237,-1,0.0020609093664758493,-0.0020609093664758493
250,BTC/USD,2023-09-07 05:00:00+00:00,25800.806,26431.579,25339.027487512,26329.2735,1.468325265,132.0,25815.4799424922,26128.804023809527,1,0.02044919568226855,-0.02044919568226855
251,BTC/USD,2023-09-08 05:00:00+00:00,26338.88,26376.285,25644.9875,25862.37,1.261568748,91.0,25917.8030725534,26123.137690476193,-1,-0.017733246608570563,-0.017733246608570563
252,BTC/USD,2023-09-09 05:00:00+00:00,25862.37,25941.9275,25753.9,25826.39,1.086324754,95.0,25861.5436390531,26109.41792857143,-1,-0.001391210472976745,0.001391210472976745
253,BTC/USD,2023-09-10 05:00:00+00:00,25826.91,26088.8489900045,25574.034,25765.7065,0.722589743,55.0,25795.5631262745,26095.518,-1,-0.002349670240401336,0.002349670240401336
254,BTC/USD,2023-09-11 05:00:00+00:00,25764.325,26088.8489900045,24904.443,25744.0,2.049685558,178.0,25459.255605034,26082.912285714287,-1,-0.0008424570077284477,0.0008424570077284477
255,BTC/USD,2023-09-12 05:00:00+00:00,25742.925,26534.575,25608.275,25920.63,2.095026917,184.0,26007.3511229587,26077.14009523809,-1,0.006861016159105171,-0.006861016159105171
256,BTC/USD,2023-09-13 05:00:00+00:00,25919.11,26538.4762278565,25845.96,26219.0,0.98363347,125.0,26156.3411169,26066.06557142857,1,0.011510908492579075,-0.011510908492579075
257,BTC/USD,2023-09-14 05:00:00+00:00,26209.325,26850.7755,26158.6515,26653.6,1.668892689,115.0,26593.0410565572,26096.24223809524,1,0.016575765666119846,0.016575765666119846
258,BTC/USD,2023-09-15 05:00:00+00:00,26648.551,26879.191,26221.1275,26563.0595,1.881929461,95.0,26536.4299337664,26120.194785714284,1,-0.0033969332472911784,-0.0033969332472911784
259,BTC/USD,2023-09-16 05:00:00+00:00,26563.665,26625.115,26436.7525,26556.33,1.932679362,82.0,26545.4355206287,26145.63104761905,1,-0.0002533405461068172,-0.0002533405461068172
260,BTC/USD,2023-09-17 05:00:00+00:00,26564.9365,26754.975,26391.785,26631.7685,0.454155081,111.0,26572.1527736747,26175.20264285714,1,0.0028406974909558347,0.0028406974909558347
261,BTC/USD,2023-09-18 05:00:00+00:00,26635.824,27415.9545,26602.27,26859.49,4.354636295,175.0,26997.7498815869,26214.574047619044,1,0.008550746451554847,0.008550746451554847
262,BTC/USD,2023-09-19 05:00:00+00:00,26857.91,27490.513,26768.602,27084.11,2.545635085,156.0,27073.1044276333,26197.621499999997,1,0.008362779784724106,0.008362779784724106
263,BTC/USD,2023-09-20 05:00:00+00:00,27073.52,27403.2258064515,26805.7635,27094.0605,0.720201495,144.0,27048.1540066971,26190.156047619046,1,0.00036739254123530074,0.00036739254123530074
264,BTC/USD,2023-09-21 05:00:00+00:00,27098.49,27099.39,26373.6425,26645.1,0.992430615,127.0,26655.182686673,26219.43433333333,1,-0.01657043985710449,-0.01657043985710449
265,BTC/USD,2023-09-22 05:00:00+00:00,26648.87,26733.4615,26491.165,26548.4,0.41746901,115.0,26612.1242655781,26256.572428571428,1,-0.003629185103452337,-0.003629185103452337
266,BTC/USD,2023-09-23 05:00:00+00:00,26545.183,26641.171,26536.275,26569.6725,0.452565571,95.0,26578.4786375971,26289.793023809518,1,0.0008012723930632681,0.0008012723930632681
267,BTC/USD,2023-09-24 05:00:00+00:00,26573.85,26734.5,26005.3575,26142.1675,0.570693714,109.0,26284.9255169311,26297.5854047619,-1,-0.01608996121423778,-0.01608996121423778
268,BTC/USD,2023-09-25 05:00:00+00:00,26130.05,26459.2,26001.65,26339.205,1.875563824,175.0,26211.1947563977,26328.789,1,0.007537152380344914,-0.007537152380344914
269,BTC/USD,2023-09-26 05:00:00+00:00,26335.4035,26351.2935,26082.013,26231.4075,7.226201613,143.0,26228.0251643083,26351.780547619048,-1,-0.004092663389043127,-0.004092663389043127
270,BTC/USD,2023-09-27 05:00:00+00:00,26233.731,27500.0,26092.535,26426.6,3.408034133,126.0,26265.9945186361,26381.540047619048,1,0.007441175240024744,-0.007441175240024744
271,BTC/USD,2023-09-28 05:00:00+00:00,26423.091,27303.0665,26361.6955,26973.325,1.332704769,148.0,26708.914077009,26412.20916666667,1,0.02068843513732377,0.02068843513732377
272,BTC/USD,2023-09-29 05:00:00+00:00,26972.075,27234.47,26686.295,26925.5705,0.636731661,111.0,26922.4298263696,26462.83776190476,1,-0.001770434308710489,-0.001770434308710489
273,BTC/USD,2023-09-30 05:00:00+00:00,26924.0935,27091.8318705505,26909.675,27046.31,1.38226701,103.0,26988.8426588045,26520.929190476192,1,0.004484194680294706,0.004484194680294706
274,BTC/USD,2023-10-01 05:00:00+00:00,27050.96,28460.0566105,27001.936780331,28070.7,1.107144746,140.0,27485.8900069461,26630.69078571428,1,0.0378754070333438,0.0378754070333438
275,BTC/USD,2023-10-02 05:00:00+00:00,28074.141,28589.678,27298.9705,27628.5995,1.400474311,170.0,28057.756327896,26720.433619047613,1,-0.015749535993046182,-0.015749535993046182
276,BTC/USD,2023-10-03 05:00:00+00:00,27629.5695,27675.13,27168.274,27392.37,0.798294898,121.0,27393.770666068,26790.516476190478,1,-0.00855018004079433,-0.00855018004079433
277,BTC/USD,2023-10-04 05:00:00+00:00,27386.198,27886.848,27329.38,27700.24,0.861763646,56.0,27569.0890581628,26861.051714285713,1,0.011239261151919422,0.011239261151919422
278,BTC/USD,2023-10-05 05:00:00+00:00,27699.1935,28131.187,27369.06,27526.4225,1.657899797,87.0,27588.2460151609,26902.61469047619,1,-0.00627494563224007,-0.00627494563224007
279,BTC/USD,2023-10-06 05:00:00+00:00,27524.6525,28280.8215,27176.09,27934.147,1.630867168,93.0,27922.1728670808,26967.904571428575,1,0.014812113706385244,0.014812113706385244
280,BTC/USD,2023-10-07 05:00:00+00:00,27925.605,28112.779,27874.8745,27950.1765,0.248988946,45.0,27951.5080871138,27034.278214285714,1,0.0005738317336125842,0.0005738317336125842
281,BTC/USD,2023-10-08 05:00:00+00:00,27957.89,28001.045385567,27713.457,27943.19,0.382764847,50.0,27886.7248454693,27096.72685714286,1,-0.0002499626433486446,-0.0002499626433486446
282,BTC/USD,2023-10-09 05:00:00+00:00,27947.95,27950.37,27279.661,27602.215,0.595855225,85.0,27577.1627023243,27132.09471428572,1,-0.012202436443369491,-0.012202436443369491
283,BTC/USD,2023-10-10 05:00:00+00:00,27608.92,27728.3714469875,26976.43,27125.933,1.362050436,69.0,27447.9478400838,27134.086285714286,-1,-0.0172552094098245,-0.0172552094098245
284,BTC/USD,2023-10-11 05:00:00+00:00,27120.8655,27337.15,26529.415,26820.3685,1.048099727,71.0,26751.1687503904,27121.053333333333,-1,-0.011264663228357952,0.011264663228357952
285,BTC/USD,2023-10-12 05:00:00+00:00,26814.13,26918.287,26547.15,26797.2245,2.489643152,95.0,26728.6380011641,27128.29735714286,-1,-0.0008629262495032375,0.0008629262495032375
286,BTC/USD,2023-10-13 05:00:00+00:00,26800.8025,27118.9,26673.049,26908.9,0.448728018,75.0,26800.5677419031,27145.464023809523,-1,0.00416742786179225,-0.00416742786179225
287,BTC/USD,2023-10-14 05:00:00+00:00,26912.075,26953.372,26800.6735,26884.967,0.432458787,45.0,26868.8877785847,27160.478047619054,-1,-0.0008894083370186712,0.0008894083370186712
288,BTC/USD,2023-10-15 05:00:00+00:00,26880.461,27296.04,26804.24,27259.015,0.394121718,64.0,26987.0851479856,27213.661261904763,1,0.013912905305035306,-0.013912905305035306
289,BTC/USD,2023-10-16 05:00:00+00:00,27263.5155,29809.543,26000.0,28203.8505,5.147397218,236.0,28509.9318037467,27302.453904761904,1,0.03466139550530345,0.03466139550530345
290,BTC/USD,2023-10-17 05:00:00+00:00,28199.175,29293.1287999995,28131.1885,28731.8835,0.493416435,106.0,28410.5075091126,27421.524190476193,1,0.01872201811593066,0.01872201811593066
291,BTC/USD,2023-10-18 05:00:00+00:00,28757.648,28864.4675,28145.9295,28292.347,0.667324257,65.0,28485.3142211684,27510.369285714285,1,-0.0152978658708538,-0.0152978658708538
292,BTC/USD,2023-10-19 05:00:00+00:00,28292.3465,29424.785,28249.644,29339.16,0.473733659,79.0,28650.3762389676,27623.028095238093,1,0.036999864309595676,0.036999864309595676
293,BTC/USD,2023-10-20 05:00:00+00:00,29340.4005,30238.43,29141.812,29571.9,3.297854421,119.0,29620.485955622,27749.04378571429,1,0.007932742450704078,0.007932742450704078
294,BTC/USD,2023-10-21 05:00:00+00:00,29561.3465,30620.5,29555.0745,29965.688,1.690812587,60.0,29969.8452527508,27888.061785714286,1,0.013316290126775598,0.013316290126775598
295,BTC/USD,2023-10-22 05:00:00+00:00,29975.2285,30848.655,29375.0,30693.226,2.688417999,66.0,30148.161635988,28012.94397619048,1,0.02427903540876497,0.02427903540876497
296,BTC/USD,2023-10-23 05:00:00+00:00,30669.0095,45400.0,30371.1335,34444.3035,12.128474871,226.0,32682.609462565,28337.501309523814,1,0.12221190108853341,0.12221190108853341
297,BTC/USD,2023-10-24 05:00:00+00:00,34425.927,34878.294,32340.0,34205.405,5.768479094,190.0,33904.5199252295,28661.931547619046,1,-0.006935791284036319,-0.006935791284036319
298,BTC/USD,2023-10-25 05:00:00+00:00,34203.385,35140.35,33693.4125,34701.289,4.380482338,157.0,34589.6127914006,28995.314833333334,1,0.014497241006209416,0.014497241006209416
299,BTC/USD,2023-10-26 05:00:00+00:00,34721.05,34786.15,33743.1505,34109.1,2.132759662,142.0,34088.7502013278,29308.775666666665,1,-0.01706533149244105,-0.01706533149244105
300,BTC/USD,2023-10-27 05:00:00+00:00,34113.5,34252.545,33410.7605,34086.071,1.593084739,89.0,33926.2203174104,29601.72442857143,1,-0.0006751570695209264,-0.0006751570695209264
301,BTC/USD,2023-10-28 05:00:00+00:00,34106.815,34496.442,33725.0,34020.1495,0.445108843,77.0,34208.7548124864,29890.77076190476,1,-0.001933971797453693,-0.001933971797453693
302,BTC/USD,2023-10-29 05:00:00+00:00,34015.66,34755.4625,34009.63,34335.615,2.747141431,80.0,34442.6368688977,30195.171952380948,1,0.009272901637307651,0.009272901637307651
303,BTC/USD,2023-10-30 05:00:00+00:00,34335.438,34862.3,34091.5455,34254.7325,5.140191813,138.0,34582.9241580622,30511.9585,1,-0.002355644423436165,-0.002355644423436165
304,BTC/USD,2023-10-31 05:00:00+00:00,34250.965,34728.465,34056.92,34436.7325,0.820919023,110.0,34431.6159646969,30860.091809523812,1,0.005313134469813852,0.005313134469813852
305,BTC/USD,2023-11-01 05:00:00+00:00,34434.85,35983.962,34105.2955,35489.5,2.219523553,124.0,35034.3181424087,31272.907595238095,1,0.030571062454894715,0.030571062454894715
306,BTC/USD,2023-11-02 05:00:00+00:00,35478.6615,35496.715,34326.831,34398.6445,1.71640219,230.0,34847.3606356153,31634.879976190477,1,-0.030737415291846815,-0.030737415291846815
307,BTC/USD,2023-11-03 05:00:00+00:00,34425.75,34865.3,34124.6575,34685.286,2.231631393,113.0,34483.3436153762,32005.184071428568,1,0.00833293009554481,0.00833293009554481
308,BTC/USD,2023-11-04 05:00:00+00:00,34679.64,35327.5095,34601.515,35177.965,2.14535956,63.0,34961.7978458466,32400.088738095237,1,0.014204265174575736,0.014204265174575736
309,BTC/USD,2023-11-05 05:00:00+00:00,35168.898,35398.25,34478.119397402,34848.391,1.200081953,61.0,35042.9192315946,32761.487595238097,1,-0.009368762519378016,-0.009368762519378016
310,BTC/USD,2023-11-06 06:00:00+00:00,34845.0055,35286.525,34792.82,34913.7825,2.361255495,96.0,35135.6803688936,33081.00816666667,1,0.0018764567925100284,0.0018764567925100284
311,BTC/USD,2023-11-07 06:00:00+00:00,34922.551,35928.306,34546.4,35280.065,2.244194739,111.0,35281.0222547889,33392.82633333333,1,0.010491057507160617,0.010491057507160617
312,BTC/USD,2023-11-08 06:00:00+00:00,35270.4105,36869.7805,35117.88,36581.82,1.750212472,145.0,35402.0692584446,33787.56314285714,1,0.03689774947976998,0.03689774947976998
313,BTC/USD,2023-11-09 06:00:00+00:00,36605.9485,38491.0,35749.872,36745.225,4.86046203,163.0,36926.1141845725,34140.232904761906,1,0.0044668362591036015,0.0044668362591036015
314,BTC/USD,2023-11-10 06:00:00+00:00,36742.34,37537.845,36353.41,37106.4445,1.20648591,103.0,37142.5697295767,34499.02073809524,1,0.009830379321394744,0.009830379321394744
315,BTC/USD,2023-11-11 06:00:00+00:00,37105.775,37297.198,36724.69,37115.8305,0.343177039,65.0,36964.1245891878,34839.50371428571,1,0.00025294797511521416,0.00025294797511521416
316,BTC/USD,2023-11-12 06:00:00+00:00,37117.47,37442.744,36849.585,36945.4265,0.697515177,68.0,37121.7156609958,35137.22754761905,1,-0.004591140699384155,-0.004591140699384155
317,BTC/USD,2023-11-13 06:00:00+00:00,36935.008,37138.6067468735,36210.3775,36642.8975,1.851182669,196.0,36827.2646637749,35241.9225,1,-0.008188537219891101,-0.008188537219891101
318,BTC/USD,2023-11-14 06:00:00+00:00,36640.675,36772.3,32851.0,35613.1065,2.465057711,151.0,35837.1846620825,35308.955904761904,1,-0.028103427137550985,-0.028103427137550985
319,BTC/USD,2023-11-15 06:00:00+00:00,35626.37,37986.1,35538.31,37464.565,3.231529536,504.0,37319.634378213,35440.54047619048,1,0.05198812128338193,0.05198812128338193
320,BTC/USD,2023-11-16 06:00:00+00:00,37478.7,37632.4,35511.507,36345.5875,3.444949135,112.0,36425.0906951801,35547.039880952376,1,-0.029867622912477465,-0.029867622912477465
321,BTC/USD,2023-11-17 06:00:00+00:00,36369.466,36802.17,35865.38,36355.6455,0.715246892,76.0,36289.5875370444,35655.11485714286,1,0.00027673235437442045,0.00027673235437442045
322,BTC/USD,2023-11-18 06:00:00+00:00,36348.115,36849.237314695,36207.9195,36532.5715,0.076864309,38.0,36613.4402740813,35774.754,1,0.0048665344148544065,0.0048665344148544065
323,BTC/USD,2023-11-19 06:00:00+00:00,36544.802,37524.75,36420.782,37156.3755,0.07318771,57.0,36879.644886811,35909.07592857143,1,0.017075283079922343,0.017075283079922343
324,BTC/USD,2023-11-20 06:00:00+00:00,37165.825,37776.378,36726.85,37381.68,2.897300088,121.0,37385.9768555011,36057.97819047619,1,0.006063683472032899,0.006063683472032899
325,BTC/USD,2023-11-21 06:00:00+00:00,37366.36,37515.6565,35640.705,36374.552,4.846137157,108.0,36165.8157508589,36150.25530952381,1,-0.026941753286636616,-0.026941753286636616
326,BTC/USD,2023-11-22 06:00:00+00:00,36390.7635,37858.5855,36247.125,37347.745,2.559339322,85.0,37204.2936645492,36238.743166666674,1,0.026754776251264767,0.026754776251264767
327,BTC/USD,2023-11-23 06:00:00+00:00,37335.84,37539.1095,36391.6876574305,37435.16,0.966737279,54.0,37382.2071593185,36383.33914285714,1,0.0023405696916909413,0.0023405696916909413
328,BTC/USD,2023-11-24 06:00:00+00:00,37434.076,38442.155,36747.5,37829.915,4.317170074,107.0,37895.2876126549,36533.08338095238,1,0.010545033065171738,0.010545033065171738
329,BTC/USD,2023-11-25 06:00:00+00:00,37843.39,37910.35,37618.5215,37799.6705,1.350437264,51.0,37779.7696202641,36657.9265,1,-0.0007994863324435331,-0.0007994863324435331
330,BTC/USD,2023-11-26 06:00:00+00:00,37805.727,37843.789,36300.0,37315.11,2.52172165,57.0,37574.6634637449,36775.38930952381,1,-0.012819172590406547,-0.012819172590406547
331,BTC/USD,2023-11-27 06:00:00+00:00,37323.8355,37472.66,36739.451,36932.942,1.507728633,119.0,37073.811522462,36871.539761904765,1,-0.010241642058672729,-0.010241642058672729
332,BTC/USD,2023-11-28 06:00:00+00:00,36923.264,38413.915,36901.035,38050.7345,2.416483534,114.0,37965.0139822184,37003.47640476191,1,0.030265460574464775,0.030265460574464775
333,BTC/USD,2023-11-29 06:00:00+00:00,38053.85,38460.66,37586.1,37896.285,10.206069493,115.0,37894.9599072209,37066.069976190476,1,-0.004059041225603521,-0.004059041225603521
334,BTC/USD,2023-11-30 06:00:00+00:00,37894.065,38251.5645,37506.7965,38142.244,1.359182186,87.0,37738.3170269592,37132.594690476195,1,0.006490319565624736,0.006490319565624736
335,BTC/USD,2023-12-01 06:00:00+00:00,38116.2815,39002.916,38082.745,38779.775,3.718735367,145.0,38625.1480016862,37212.277095238096,1,0.016714564565210255,0.016714564565210255
336,BTC/USD,2023-12-02 06:00:00+00:00,38756.324,39719.3725,38694.1,39435.34,0.847861433,68.0,39234.6109039657,37322.72992857143,1,0.016904817008350337,0.016904817008350337
337,BTC/USD,2023-12-03 06:00:00+00:00,39430.86,41541.716,39396.544,41522.473,2.341953486,207.0,39942.0862042495,37540.68452380953,1,0.052925447073614684,0.052925447073614684
338,BTC/USD,2023-12-04 06:00:00+00:00,41520.945142,42411.99,41155.045,41901.1625,4.533652599,345.0,41573.5694483977,37791.078095238096,1,0.00912010948866171,0.00912010948866171
339,BTC/USD,2023-12-05 06:00:00+00:00,41902.175,44504.0,41000.0,43658.329,5.242800366,326.0,43373.2859732174,38174.18392857143,1,0.04193598447298452,0.04193598447298452
340,BTC/USD,2023-12-06 06:00:00+00:00,43661.4,44292.8325,43386.325,43991.775,4.391060491,259.0,44003.3686402599,38485.00345238095,1,0.007637626259126895,0.007637626259126895
341,BTC/USD,2023-12-07 06:00:00+00:00,44017.55,44017.55,42841.172,43431.125,3.412174559,221.0,43403.9506859164,38822.41,1,-0.012744427793604629,-0.012744427793604629
342,BTC/USD,2023-12-08 06:00:00+00:00,43441.5975,44744.916,43093.785,44291.8165,2.227009921,236.0,43935.5591109656,39200.3229047619,1,0.019817389026878685,0.019817389026878685
343,BTC/USD,2023-12-09 06:00:00+00:00,44300.2855,44360.01,43608.8275,43889.92,1.255168942,103.0,43874.9411310527,39550.67283333334,1,-0.00907383195719691,-0.00907383195719691
344,BTC/USD,2023-12-10 06:00:00+00:00,43905.4135,44059.837,34595.72541942,42023.6735,3.360317523,105.0,42540.809052303,39782.44892857143,1,-0.042521073175799895,-0.042521073175799895
345,BTC/USD,2023-12-11 06:00:00+00:00,42053.2425,42490.651,40198.224,41545.0935,3.683902044,288.0,41416.0555251533,39980.70671428571,1,-0.011388342811106122,-0.011388342811106122
346,BTC/USD,2023-12-12 06:00:00+00:00,41536.59,42089.879,40577.0585,40991.47,1.771731833,135.0,41413.9119663814,40200.55995238095,1,-0.013325845565854921,-0.013325845565854921
347,BTC/USD,2023-12-13 06:00:00+00:00,41028.045,43462.6125,40804.13,42809.2855,1.704485831,151.0,42460.181300802,40460.63330952381,1,0.04434618958529657,0.04434618958529657
348,BTC/USD,2023-12-14 06:00:00+00:00,42803.065,43425.445,34529.8263039995,42618.78,4.331700334,115.0,42974.423763812,40707.47235714286,1,-0.004450097631272021,-0.004450097631272021
349,BTC/USD,2023-12-15 06:00:00+00:00,42605.956,43039.016,41636.0405,42229.51,1.090353289,104.0,42346.801664565,40916.97688095238,1,-0.009133766851139313,-0.009133766851139313
350,BTC/USD,2023-12-16 06:00:00+00:00,42261.2735,42691.494,41747.855,41851.425,0.954414949,57.0,42202.7688187708,41109.91757142857,1,-0.008953099384766738,-0.008953099384766738
351,BTC/USD,2023-12-17 06:00:00+00:00,41879.35,42360.09,40762.05,40987.048,0.820840413,174.0,41807.5799837546,41284.77176190476,-1,-0.02065346639929222,-0.02065346639929222
352,BTC/USD,2023-12-18 06:00:00+00:00,40994.49,43442.8225,34724.255,42961.755,3.04540762,186.0,41515.5104457419,41571.858095238094,1,0.048178805167915284,-0.048178805167915284
353,BTC/USD,2023-12-19 06:00:00+00:00,42925.715,43258.773,41794.359,42695.385,1.735240895,101.0,42447.1203601845,41793.03192857143,1,-0.006200165705520955,-0.006200165705520955
354,BTC/USD,2023-12-20 06:00:00+00:00,42712.565,44304.8005,42625.5535,43520.5,3.208473022,122.0,43804.684191522,42060.85169047619,1,0.01932562500607493,0.01932562500607493
355,BTC/USD,2023-12-21 06:00:00+00:00,43487.071,44275.3105,41940.4111533095,44154.81,1.517859762,94.0,43767.0572530543,42347.16435714286,1,0.014574970416240562,0.014574970416240562
356,BTC/USD,2023-12-22 06:00:00+00:00,44149.171,44404.6685,43342.3,43636.4395,1.628496767,93.0,44099.0679119019,42578.43409523809,1,-0.011739842159891434,-0.011739842159891434
357,BTC/USD,2023-12-23 06:00:00+00:00,43672.94,43973.61,43461.65,43501.845,0.044061275,59.0,43688.9744501471,42772.07719047619,1,-0.003084451929218468,-0.003084451929218468
358,BTC/USD,2023-12-24 06:00:00+00:00,43512.6645,43890.7,42607.9808799995,43247.684,1.970811591,137.0,43581.1435100741,42854.23009523809,1,-0.0058425338051754094,-0.0058425338051754094
359,BTC/USD,2023-12-25 06:00:00+00:00,43213.34,43798.627,42461.745756579,42791.7125,0.156507323,99.0,43534.8061373063,42896.63723809524,-1,-0.010543258223954854,-0.010543258223954854
360,BTC/USD,2023-12-26 06:00:00+00:00,42761.857,42834.2,41638.2745,42435.15,4.140447916,185.0,42488.0495930053,42838.39061904762,-1,-0.008332512983676432,0.008332512983676432
361,BTC/USD,2023-12-27 06:00:00+00:00,42466.925,43818.374,42395.71,43251.149,4.227928789,215.0,43139.0392495298,42803.12271428571,1,0.019229318147808927,-0.019229318147808927
362,BTC/USD,2023-12-28 06:00:00+00:00,43219.05,43219.05,34566.0,42706.025,3.949964862,154.0,42591.1218518404,42768.59414285714,-1,-0.012603688285830139,-0.012603688285830139
363,BTC/USD,2023-12-29 06:00:00+00:00,42705.4,43127.37,34069.690768,42077.97,7.872202262,133.0,42595.5686641768,42663.17288095238,-1,-0.014706472915706814,0.014706472915706814
364,BTC/USD,2023-12-30 06:00:00+00:00,42105.11,42585.069,41524.1105,42206.355,1.218781871,93.0,41968.1164721638,42583.00311904762,-1,0.0030511215251116663,-0.0030511215251116663
